row_id,niveau,serie,riasec_top3,riasec_score,note_actuelle,note_n1,note_n2,tendance_notes,score_aspiration,score_realite,score_engagement,score_recommandation,label
9aa791ca86114a61,BAC_1,A,S|C|I,0.553,8.62,6.99,8.82,1,0.578,0.955,0.736,0.79,0
36d5c92bfaa94d11,BAC_1,D,I|S|R,0.414,12.06,11.59,11.8,1,0.236,0.568,0.391,0.425,1
6807f6a3cc18468f,BAC_1,D,R|C|I,0.576,10.21,10.19,9.66,1,0.494,0.611,0.302,0.523,0
3df5d81fc4044b2b,BAC_1,D,R|I|C,0.531,12.99,12.2,12.54,1,0.386,0.667,0.383,0.526,0
6ee005d8bfdd41ad,BAC_1,D,S|I|E,0.418,10.33,9.15,9.71,1,0.451,0.688,0.587,0.59,0
cc6ee16cc1274df7,BAC_1,D,I|A|C,0.553,10.38,10.97,11.05,-1,0.713,0.589,0.506,0.62,1
8a96b02b0a054d70,BAC_1,G3,S|C|I,0.569,7.83,6.57,6.63,1,0.642,0.431,0.611,0.531,0
649044dfe3c74992,BAC_1,A,S|E|A,0.499,13.31,13.51,12.76,-1,0.491,0.623,0.38,0.541,1
847ebdb9b9754147,BAC_1,A,S|A|I,0.604,11.38,11.43,10.15,-1,0.67,0.77,0.557,0.703,0
04bb321000d84441,BAC_1,A,S|A|E,0.505,9.69,9.57,8.64,1,0.52,0.357,0.418,0.423,0
c302ffa225d44f31,BAC_1,A,S|C|A,0.587,10.41,11.69,8.13,-1,0.645,0.777,0.68,0.716,0
03c3744151e9436b,BAC_1,D,I|R|C,0.444,7.05,7.76,6.61,-1,0.596,0.801,0.605,0.7,1
28ec360b0a6644ba,BAC_1,D,C|E|A,0.602,11.07,10.44,10.83,1,0.487,0.967,0.36,0.708,1
654c8e22acfc4fa4,BAC_1,D,R|I|A,0.469,10.1,9.3,8.44,1,0.531,0.562,0.555,0.55,0
e5c01e7ce7904832,BAC_1,A,S|I|A,0.537,12.37,13.18,11.42,-1,0.57,0.839,0.567,0.704,0
cd5e48f0106849c1,BAC_1,D,A|I|C,0.607,8.8,9.39,8.85,-1,0.797,0.648,0.868,0.734,0
a6be06a7972a4c2b,BAC_1,D,I|R|A,0.47,13.14,12.48,12.68,1,0.561,0.99,0.542,0.773,0
35b63f1663c146ec,BAC_1,D,A|E|S,0.627,11.65,11.12,11.89,1,0.62,0.858,0.365,0.701,1
62256aef927648a9,BAC_1,D,S|I|A,0.491,11.0,11.97,9.66,-1,0.465,0.968,0.754,0.76,0
50e579e35f80423a,BAC_1,D,I|S|A,0.49,11.57,11.19,11.66,1,0.422,0.437,0.436,0.432,0
a946647c80244a33,BAC_1,A,E|C|I,0.571,9.53,8.69,8.24,1,0.362,0.457,0.705,0.461,1
44083f647a384a90,BAC_1,D,C|E|R,0.592,9.94,10.36,8.19,-1,0.696,0.556,0.61,0.613,1
cf6b4904f722495a,BAC_1,A,A|C|I,0.504,10.53,10.38,9.97,1,0.509,0.533,0.763,0.559,0
de993be4eddc4d03,BAC_1,B,E|I|S,0.563,11.38,10.06,9.66,1,0.567,0.72,0.306,0.604,1
dba1a7079e7a4727,BAC_1,D,R|I|C,0.487,8.95,8.73,8.37,1,0.434,0.609,0.703,0.562,1
ad784db7d9c74e28,BAC_1,A,C|A|E,0.514,8.41,8.59,7.28,-1,0.607,0.726,0.506,0.651,1
8ed4fb5d5d0b4e5d,BAC_1,D,A|S|R,0.399,11.65,9.93,10.33,1,0.521,0.186,0.473,0.347,0
bed9a9005cc7401f,BAC_1,D,S|C|R,0.564,13.21,12.58,12.56,1,0.401,0.262,0.556,0.355,0
8dac9c3fce96494d,BAC_1,G2,C|E|I,0.534,10.52,8.51,9.98,1,0.601,0.932,0.714,0.784,0
740f2c65ab9f4469,BAC_1,D,C|I|R,0.531,9.32,9.99,9.59,-1,0.49,0.764,0.446,0.62,0
9c86b2ce0526430c,BAC_1,A,A|E|S,0.519,12.38,12.14,10.82,1,0.351,0.96,0.231,0.638,1
5830af358086451d,BAC_1,C,R|E|C,0.488,11.81,11.28,9.78,1,0.484,0.893,0.646,0.713,1
9b8c6db0db434046,BAC_1,D,S|A|E,0.455,7.21,6.99,6.13,1,0.334,0.423,0.537,0.409,0
56232e5109084efd,BAC_1,D,R|E|I,0.489,10.39,10.45,9.95,-1,0.408,0.319,0.477,0.374,0
4d96f3774e9e4051,BAC_1,D,A|R|I,0.534,10.14,9.49,9.83,1,0.443,0.84,0.522,0.654,1
bdf176b8f2c649f9,BAC_1,A,E|I|S,0.508,7.91,7.66,7.11,1,0.381,0.823,0.289,0.588,0
0f3479914cbb4c31,BAC_1,A,S|E|R,0.579,9.5,10.11,7.76,-1,0.689,0.648,0.503,0.64,1
57f408c716ac4a8f,BAC_1,A,S|A|E,0.416,7.62,7.63,8.43,-1,0.434,0.527,0.439,0.481,0
acb17e12fb334993,BAC_1,D,S|C|E,0.56,9.76,10.13,9.0,-1,0.469,0.777,0.182,0.58,1
b5f4d65df1c04ecc,BAC_1,D,I|A|S,0.447,11.44,11.9,10.16,-1,0.494,0.63,0.565,0.573,1
008a39304c3a49c1,BAC_1,D,C|E|R,0.59,8.81,8.69,7.15,1,0.482,0.417,0.731,0.487,1
5e96b368899b4b15,BAC_1,D,R|S|E,0.567,7.68,7.79,8.83,-1,0.662,0.488,0.396,0.535,0
7123b1c31e3b42f2,BAC_1,D,R|E|I,0.582,9.86,8.86,8.24,1,0.61,0.78,0.15,0.626,1
e053887754c740e0,BAC_1,G2,E|A|I,0.567,9.64,10.23,10.08,-1,0.625,0.714,0.758,0.69,1
f854c38842e84ee9,BAC_1,A,S|I|E,0.464,9.44,7.91,7.83,1,0.54,0.434,0.362,0.46,0
9aa5630bc1694316,BAC_1,A,R|E|S,0.538,13.35,13.61,12.64,-1,0.626,0.439,0.365,0.493,0
a1c0e76c937940c1,BAC_1,D,A|S|C,0.43,9.61,9.44,7.79,1,0.505,0.883,0.676,0.72,1
5e355c63caf043f9,BAC_1,A,A|S|I,0.446,11.3,10.8,10.03,1,0.37,0.823,0.698,0.646,1
c6cb077f52824505,BAC_1,D,I|S|C,0.577,11.01,10.76,9.35,1,0.576,0.658,0.443,0.597,0
c3489dc7ec334abf,BAC_1,D,R|C|I,0.516,10.83,10.06,10.48,1,0.522,0.66,0.454,0.581,1
d3807b6992c944ba,BAC_1,D,S|C|E,0.622,13.42,14.29,13.43,-1,0.746,0.397,0.264,0.499,1
2eee9d5e648d43be,BAC_1,G3,C|E|I,0.454,15.33,14.8,15.02,1,0.558,0.501,0.116,0.464,1
f71fa5999aaf44a8,BAC_1,D,C|S|A,0.445,9.17,9.72,7.81,-1,0.499,0.838,0.588,0.682,0
ad1b1eba0b4c44db,BAC_1,A,A|I|S,0.453,12.48,11.51,12.51,1,0.548,0.875,0.479,0.701,1
acfb3df4fc704f56,BAC_1,A,A|E|R,0.556,10.77,10.2,10.48,1,0.43,0.58,0.42,0.504,0
4fbea6fd65454e61,BAC_1,A,E|R|S,0.532,12.76,12.39,12.29,1,0.605,0.779,0.635,0.696,1
7b969254f11c4676,BAC_1,D,E|C|I,0.483,12.14,12.37,11.79,-1,0.359,0.969,0.659,0.709,1
843ebe777d874495,BAC_1,D,I|S|C,0.48,12.99,12.98,11.54,1,0.59,0.569,0.673,0.592,0
e915fc249b3c4dbf,BAC_1,A,A|S|C,0.555,7.93,8.3,7.03,-1,0.552,0.882,0.326,0.683,1
874731829902427c,BAC_1,D,S|I|R,0.575,15.57,14.08,13.2,1,0.629,0.826,0.363,0.687,1
8133981ac38e4949,BAC_1,A,S|I|C,0.555,13.86,13.36,12.29,1,0.549,0.678,0.517,0.609,1
2f4a030ac7b8426a,BAC_1,D,S|A|I,0.458,13.49,13.41,13.09,1,0.534,0.586,0.709,0.586,1
5e452132923f4349,BAC_1,A,A|C|I,0.522,9.94,10.8,10.06,-1,0.606,0.879,0.507,0.728,0
1221975531d640f5,BAC_1,D,I|R|A,0.498,8.38,8.1,8.55,1,0.459,0.948,0.518,0.713,0
e5e01a41d9bc4210,BAC_1,D,S|C|R,0.52,12.69,12.49,11.36,1,0.42,0.283,0.473,0.359,0
76abcec7e0604ad2,BAC_1,D,R|C|A,0.607,8.84,7.9,8.77,1,0.704,0.563,0.749,0.64,1
79cab273a480452a,BAC_1,A,I|S|A,0.476,7.88,7.07,8.23,1,0.514,0.917,0.269,0.679,0
cc6e1e9a6702467e,BAC_1,D,C|I|E,0.471,10.77,10.23,11.34,1,0.525,0.259,0.257,0.351,0
7ca930fc2a0c41db,BAC_1,D,C|I|S,0.407,11.75,10.22,11.53,1,0.494,0.425,0.412,0.447,0
776307e3185a4451,BAC_1,D,I|C|E,0.504,9.72,8.91,8.91,1,0.472,0.386,0.33,0.408,0
2649b6df34f34115,BAC_1,A,E|A|S,0.455,11.88,10.57,10.85,1,0.384,0.99,0.511,0.706,0
fae8a9d668824a69,BAC_1,A,S|E|I,0.407,10.23,9.08,8.67,1,0.401,0.729,0.447,0.572,0
3e52ff1e93724a73,BAC_1,D,E|I|R,0.521,10.69,9.89,10.25,1,0.542,0.243,0.29,0.354,0
580b6ec4871c448c,BAC_1,G3,S|I|C,0.574,10.4,11.1,10.6,-1,0.639,0.565,0.654,0.604,0
115eb2c8e63e4bdf,BAC_1,D,S|I|C,0.604,10.94,11.05,10.06,-1,0.703,0.99,0.399,0.801,1
99da7c9396354410,BAC_1,D,R|C|I,0.528,11.71,11.47,12.38,1,0.502,0.668,0.455,0.578,0
f9508265af044155,BAC_1,D,E|I|R,0.462,12.17,11.88,11.05,1,0.664,0.242,0.547,0.436,0
4c8f7bfc1a884dc3,BAC_1,D,I|E|R,0.449,10.82,9.89,10.08,1,0.469,0.731,0.302,0.575,1
5e686bc8b1de45a2,BAC_1,D,I|A|E,0.449,8.87,8.73,8.85,1,0.483,0.495,0.658,0.515,0
0b6ecf0fd69843be,BAC_1,D,I|E|R,0.467,14.81,13.77,14.91,1,0.586,0.581,0.616,0.588,0
9e571ca72ee440cb,BAC_1,D,S|A|C,0.523,9.5,10.09,7.67,-1,0.56,0.793,0.477,0.664,0
2276b91b8203423f,BAC_1,A,E|I|C,0.492,7.82,6.75,7.54,1,0.375,0.438,0.72,0.458,0
e641226a18504005,BAC_1,D,R|E|C,0.541,12.74,13.19,11.25,-1,0.49,0.792,0.505,0.643,0
bb406768826a4e0e,BAC_1,A,S|E|A,0.454,15.86,15.15,14.56,1,0.408,0.8,0.598,0.632,1
92d2c3d1ee8f47f1,BAC_1,D,I|E|S,0.546,8.07,8.7,6.3,-1,0.786,0.796,0.716,0.78,0
795917b817f84e54,BAC_1,A,S|A|C,0.423,8.0,7.41,7.45,1,0.46,0.897,0.932,0.749,0
1ab43056ccac4dc1,BAC_1,D,E|C|I,0.65,11.54,11.66,9.9,-1,0.478,0.358,0.369,0.402,0
45acbeaaa88847b3,BAC_1,A,A|S|C,0.511,8.05,8.25,6.19,-1,0.611,0.793,0.571,0.696,1
c4810b92bea14168,BAC_1,A,A|E|S,0.521,10.03,8.34,9.9,1,0.496,0.675,0.672,0.612,1
c9bd5a30d684438f,BAC_1,A,R|E|A,0.51,10.18,9.43,11.19,1,0.482,0.752,0.472,0.616,1
4c60114b12e34cc9,BAC_1,D,R|I|S,0.609,11.2,11.13,10.52,1,0.489,0.375,0.57,0.444,0
4d21fdd566e542ab,BAC_1,A,S|R|A,0.625,8.71,8.17,8.86,1,0.668,0.73,0.439,0.664,1
57c973e65d184b7f,BAC_1,A,S|I|A,0.54,8.2,7.85,6.66,1,0.447,0.739,0.324,0.575,0
c10c7c19ffbb4992,BAC_1,G3,C|E|S,0.626,11.68,12.25,9.82,-1,0.714,0.525,0.724,0.621,1
9648a511987b4a97,BAC_1,D,C|E|R,0.495,11.36,11.2,10.97,1,0.517,0.39,0.215,0.409,0
f534cec89fdf4dfd,BAC_1,D,C|I|E,0.478,15.43,14.42,15.02,1,0.366,0.223,0.4,0.299,1
9a8dd233d76b4903,BAC_1,D,R|I|C,0.464,10.01,9.08,8.76,1,0.4,0.305,0.43,0.357,0
a8895eb958744001,BAC_1,D,S|I|A,0.51,13.03,13.44,13.57,-1,0.447,0.84,0.734,0.687,0
920e9ae9a6ae411e,BAC_1,D,C|S|R,0.574,11.27,10.68,13.37,1,0.531,0.72,0.464,0.616,1
f67bada7873b4326,BAC_1,A,E|C|S,0.476,8.88,8.57,8.58,1,0.524,0.735,0.732,0.661,0
78007078036c4b5f,BAC_1,D,S|A|I,0.446,10.82,10.87,9.91,-1,0.358,0.539,0.273,0.436,1
cc5f808163e7455a,BAC_1,D,S|C|E,0.425,13.92,12.94,13.49,1,0.521,0.793,0.488,0.652,1
4ff46a07384f4b7e,BAC_1,D,S|A|E,0.579,7.64,6.65,5.96,1,0.68,0.404,0.804,0.56,0
42376d9ccb2f4648,BAC_1,A,S|I|A,0.482,11.15,10.14,9.56,1,0.455,0.581,0.474,0.521,0
fa71f483c17c4a41,BAC_1,D,R|I|C,0.528,10.84,10.47,8.95,1,0.609,0.664,0.403,0.605,0
debf0b05318d4c5c,BAC_1,D,I|E|A,0.485,7.38,6.88,6.8,1,0.439,0.65,0.619,0.572,1
8812b6befbdb46b0,BAC_1,A,S|C|A,0.528,11.48,10.85,11.98,1,0.533,0.823,0.189,0.626,0
3966909138d9487a,BAC_1,D,A|I|S,0.45,9.32,9.88,8.35,-1,0.611,0.99,0.228,0.743,0
ccdffc98f9dd4eed,BAC_1,D,A|S|E,0.463,10.77,9.87,9.73,1,0.573,0.629,0.382,0.572,0
27ec00f7cadf4faf,BAC_1,D,E|R|I,0.493,7.8,6.24,7.43,1,0.505,0.153,0.212,0.285,0
77e50ee1b39a4898,BAC_1,D,I|R|C,0.337,10.69,10.83,10.01,-1,0.314,0.883,0.697,0.656,1
62e6d53e717b449d,BAC_1,A,S|C|A,0.56,9.85,8.38,8.99,1,0.545,0.59,0.352,0.539,0
7175e81656bb40ff,BAC_1,A,E|S|A,0.521,9.82,9.02,10.24,1,0.629,0.99,0.388,0.773,1
7193d952125c4af5,BAC_1,D,S|I|A,0.413,10.58,9.56,10.33,1,0.298,0.859,0.522,0.612,1
c75c40ab46f24cfb,BAC_1,D,E|S|A,0.515,8.88,8.45,6.89,1,0.514,0.666,0.668,0.613,0
7978d5d463d4448b,BAC_1,A,A|S|I,0.512,9.88,9.02,9.45,1,0.499,0.594,0.428,0.536,0
f7cad1698dc348d4,BAC_1,D,A|R|I,0.448,10.92,12.11,9.91,-1,0.459,0.407,0.474,0.435,1
fc176a1b94344338,BAC_1,D,I|C|R,0.434,8.14,7.48,8.33,1,0.408,0.934,0.567,0.695,0
51861171831045c2,BAC_1,D,S|E|I,0.575,10.19,8.97,8.97,1,0.576,0.99,0.57,0.782,1
529273dd9cef4acf,BAC_1,A,A|S|E,0.54,10.55,10.3,9.65,1,0.513,0.468,0.563,0.498,1
d75c8e3d429a400d,BAC_1,D,S|E|C,0.495,10.02,8.83,10.09,1,0.481,0.424,0.65,0.478,1
713ebe16376a46dd,BAC_1,A,A|E|S,0.475,8.84,8.02,8.31,1,0.397,0.933,0.303,0.651,0
d4cb522bd0094bcf,BAC_1,A,E|I|C,0.556,9.06,9.13,8.34,-1,0.663,0.344,0.99,0.552,0
4b27dba1978e4e0f,BAC_1,D,E|C|I,0.541,9.87,8.85,8.92,1,0.503,0.725,0.19,0.567,0
89b938a82eb9491e,BAC_1,A,S|I|C,0.534,13.8,12.85,12.99,1,0.503,0.837,0.407,0.656,1
c4d4732705424723,BAC_1,D,I|S|C,0.523,12.66,12.04,12.58,1,0.502,0.99,0.404,0.731,0
881952128a0444e6,BAC_1,D,I|R|C,0.51,11.9,10.62,10.83,1,0.661,0.849,0.579,0.743,1
bc68ec7e9a2249ac,BAC_1,D,R|C|E,0.516,11.81,11.46,11.46,1,0.651,0.951,0.545,0.785,1
1af1babd6c8841b0,BAC_1,A,C|A|I,0.461,9.87,10.65,9.61,-1,0.546,0.947,0.467,0.735,1
7471a8ea77af4586,BAC_1,D,S|C|A,0.481,7.82,6.66,7.02,1,0.377,0.439,0.487,0.424,0
e29946ae0ec44761,BAC_1,D,C|S|E,0.603,14.24,13.15,13.89,1,0.636,0.573,0.667,0.609,1
50f049e53e294613,BAC_1,A,E|S|I,0.482,11.62,12.1,11.2,-1,0.351,0.364,0.484,0.378,0
ecabc99717cf4f1d,BAC_1,D,E|C|I,0.531,10.53,9.47,10.11,1,0.702,0.319,0.687,0.508,0
5151176a8a344843,BAC_1,D,C|E|I,0.542,8.63,9.22,7.67,-1,0.472,0.87,0.751,0.713,0
44d29b892d624737,BAC_1,D,A|S|I,0.524,9.84,9.66,9.01,1,0.613,0.75,0.698,0.694,0
7df82ee0ed7b4a2f,BAC_1,A,S|C|A,0.485,9.07,7.43,7.48,1,0.59,0.479,0.241,0.482,0
a4c0af3d43d2469c,BAC_1,A,S|I|R,0.451,9.9,10.46,10.5,-1,0.504,0.357,0.455,0.423,1
8af0870396604a8f,BAC_1,A,A|E|S,0.626,12.26,12.71,12.79,-1,0.573,0.471,0.762,0.55,1
ebbf9aa8b7234138,BAC_1,A,S|C|I,0.476,11.31,11.39,10.66,-1,0.47,0.864,0.417,0.659,1
bb221ace3b324c19,BAC_1,A,S|C|E,0.501,12.32,11.31,11.57,1,0.421,0.638,0.37,0.522,0
fc494f1fe4074b80,BAC_1,A,A|I|E,0.418,6.76,7.65,5.96,-1,0.502,0.765,0.285,0.601,0
78e3f0ac29cb4d88,BAC_1,A,A|C|I,0.54,14.22,14.43,14.63,-1,0.674,0.5,0.764,0.6,0
e0d0c42d542b423b,BAC_1,A,A|I|S,0.46,10.44,10.02,10.48,1,0.448,0.447,0.429,0.444,0
98368267187740a7,BAC_1,A,S|I|A,0.531,11.24,10.13,9.65,1,0.622,0.656,0.599,0.635,1
38e35a17e4a64677,BAC_1,D,A|S|E,0.413,10.54,10.34,10.03,1,0.526,0.416,0.291,0.436,0
ed6e17131fc044fe,BAC_1,D,R|I|E,0.479,13.16,13.29,12.24,-1,0.336,0.913,0.371,0.63,1
2e68eea53ad54312,BAC_1,D,I|R|C,0.523,12.13,12.02,12.03,1,0.599,0.759,0.42,0.652,1
b515861f062b4d08,BAC_1,D,A|S|C,0.593,15.08,14.58,15.4,1,0.546,0.798,0.737,0.701,1
ed6a597c9cc347d5,BAC_1,A,S|C|A,0.458,10.14,8.96,9.68,1,0.463,0.581,0.325,0.502,1
9c1ae0a71e1242ca,BAC_1,A,A|E|I,0.455,11.44,11.07,10.79,1,0.313,0.636,0.491,0.501,0
072638deabaa47c0,BAC_1,A,A|R|E,0.498,10.52,10.77,9.28,-1,0.448,0.492,0.447,0.47,0
52cdb04e4c17457a,BAC_1,A,A|I|E,0.579,10.67,9.6,8.35,1,0.673,0.78,0.728,0.734,0
c17308cbfe3a4b3f,BAC_1,A,R|S|A,0.62,12.3,12.14,10.27,1,0.747,0.408,0.745,0.577,0
383545f8d3f04592,BAC_1,D,R|I|S,0.567,10.55,10.12,11.74,1,0.632,0.331,0.705,0.492,0
7957c571888b4184,BAC_1,D,R|E|I,0.506,10.99,11.22,10.57,-1,0.55,0.492,0.591,0.527,0
20f21fd8e1ac4df7,BAC_1,D,S|C|E,0.533,8.89,9.27,6.31,-1,0.821,0.99,0.7,0.887,0
0c3ed79a06dc4031,BAC_1,D,I|E|C,0.583,9.57,8.81,9.79,1,0.618,0.343,0.407,0.449,0
1b388b0bb77d47cd,BAC_1,D,I|A|R,0.636,8.99,7.07,7.32,1,0.643,0.578,0.626,0.608,1
e3595cbeeb934818,BAC_1,A,A|I|S,0.537,11.91,12.74,11.52,-1,0.495,0.64,0.246,0.53,1
06cb7a6c2e0b4a91,BAC_1,A,S|A|I,0.454,7.9,7.98,6.51,-1,0.336,0.99,0.703,0.718,0
799ef7418a9f4944,BAC_1,A,A|S|E,0.363,5.66,6.77,5.28,-1,0.361,0.622,0.367,0.492,1
67c852ed2daa4d4d,BAC_1,A,S|C|A,0.477,10.18,9.25,10.19,1,0.529,0.643,0.661,0.606,0
661e788f3f994ba8,BAC_1,A,S|C|A,0.576,7.58,6.72,7.13,1,0.597,0.616,0.56,0.601,0
ca32f6fba1d742ce,BAC_1,A,A|C|S,0.533,8.92,7.83,8.05,1,0.519,0.763,0.577,0.65,0
d236c929b7ce4704,BAC_1,D,C|I|S,0.607,10.97,10.93,9.73,1,0.514,0.414,0.625,0.481,0
eb2d4e79babe4e32,BAC_1,A,S|A|C,0.589,8.99,9.25,8.31,-1,0.332,0.403,0.377,0.374,0
f0445a36762d4078,BAC_1,D,S|I|R,0.48,8.68,8.07,6.24,1,0.419,0.976,0.275,0.676,0
5cc01679887e451c,BAC_1,G2,E|C|S,0.509,10.69,10.84,10.45,-1,0.524,0.691,0.428,0.593,0
0da7cb20333d4a33,BAC_1,D,I|R|C,0.457,13.34,13.13,11.4,1,0.489,0.345,0.189,0.372,1
77bac94258914810,BAC_1,D,E|C|I,0.504,9.25,9.02,7.62,1,0.493,0.321,0.673,0.434,0
7962e2b73a444316,BAC_1,D,E|I|S,0.519,10.11,9.51,9.84,1,0.564,0.384,0.826,0.513,0
b34aef0c22d24ef3,BAC_1,D,C|E|I,0.578,11.29,11.5,10.2,-1,0.363,0.252,0.609,0.344,1
a10782aa2e9f447c,BAC_1,A,A|I|C,0.59,10.74,10.56,9.3,1,0.559,0.99,0.363,0.745,0
9433a9c300b34a90,BAC_1,A,S|E|I,0.517,9.74,8.94,8.99,1,0.514,0.605,0.825,0.606,1
fe310b029c6c4119,BAC_1,D,I|S|R,0.558,11.56,11.69,9.63,-1,0.476,0.179,0.303,0.302,0
bee381171d334d55,BAC_1,D,C|I|E,0.497,9.7,9.91,7.87,-1,0.425,0.602,0.59,0.538,0
80c07cfbbee54ada,BAC_1,D,R|I|E,0.469,8.76,8.8,9.54,-1,0.413,0.934,0.311,0.658,0
cb072a024731437b,BAC_1,D,I|C|E,0.544,10.23,8.8,7.77,1,0.617,0.847,0.387,0.697,0
931e7f24256243b3,BAC_1,A,A|I|E,0.546,8.08,7.31,6.9,1,0.384,0.386,0.944,0.469,0
9ba27b8949cd4665,BAC_1,A,S|A|E,0.558,9.59,8.97,8.94,1,0.451,0.672,0.332,0.544,1
032c91f320cc40f4,BAC_1,A,S|I|A,0.51,9.84,7.83,10.41,1,0.605,0.755,0.628,0.683,1
1a51a31d61dd42df,BAC_1,A,A|S|I,0.572,10.04,8.81,8.46,1,0.513,0.855,0.574,0.693,0
1b659d9045184942,BAC_1,A,S|A|E,0.453,10.88,9.93,9.3,1,0.405,0.758,0.532,0.6,1
b13847ca0b514821,BAC_1,D,S|A|I,0.442,9.52,10.19,8.54,-1,0.494,0.241,0.574,0.38,1
d0ed201b51054902,BAC_1,D,S|C|I,0.532,13.68,14.12,14.24,-1,0.697,0.929,0.402,0.769,1
6ee2b07bb4994d53,BAC_1,D,E|I|C,0.554,11.87,11.49,12.84,1,0.564,0.668,0.484,0.604,0
162f0b1462054881,BAC_1,D,S|I|R,0.568,9.59,8.29,10.37,1,0.462,0.761,0.241,0.579,0
c7d29f2d12934226,BAC_1,A,S|C|A,0.494,13.72,14.36,11.96,-1,0.583,0.792,0.37,0.656,1
e8311a3a45b94cb9,BAC_1,A,S|A|E,0.424,9.23,9.94,7.96,-1,0.545,0.56,0.649,0.568,0
b59ab8ac53914005,BAC_1,D,S|C|A,0.474,12.44,11.53,13.93,1,0.453,0.688,0.711,0.609,1
4278ac88c41a41cc,BAC_1,A,S|A|C,0.517,6.85,6.99,5.83,-1,0.407,0.358,0.348,0.374,1
a6fe798b4a3a4a05,BAC_1,B,C|E|A,0.441,8.48,9.28,8.59,-1,0.437,0.7,0.49,0.576,1
275f70dadeca4abe,BAC_1,D,C|I|S,0.585,15.58,16.2,13.31,-1,0.615,0.461,0.396,0.505,1
65efd809f50d42f1,BAC_1,A,C|S|A,0.549,7.63,6.69,5.77,1,0.431,0.593,0.523,0.526,0
426f0ffe0fb94280,BAC_1,D,S|E|A,0.427,9.08,8.4,9.17,1,0.515,0.764,0.687,0.665,0
12f8e6e9854345f4,BAC_1,D,S|C|A,0.569,9.54,8.9,8.41,1,0.547,0.263,0.58,0.41,0
ad319a3465a2444a,BAC_1,D,I|R|C,0.567,6.59,5.99,5.87,1,0.545,0.509,0.407,0.506,0
682d572d3e8348e4,BAC_1,D,I|C|R,0.512,10.75,10.15,11.14,1,0.395,0.581,0.147,0.451,1
45fa6cbfe32f4e44,BAC_1,A,A|C|E,0.432,10.35,9.58,10.96,1,0.485,0.78,0.773,0.676,0
89fc34688d5b4cd0,BAC_1,A,E|A|I,0.62,8.56,8.2,6.92,1,0.606,0.788,0.552,0.689,1
863c202fa743466c,BAC_1,D,A|S|I,0.567,5.69,5.12,3.53,1,0.501,0.18,0.925,0.404,0
9bf118d260fa461d,BAC_1,D,I|C|E,0.632,12.57,13.27,12.55,-1,0.752,0.364,0.534,0.525,0
139750d53fd24dd2,BAC_1,D,I|R|C,0.542,9.43,8.63,9.18,1,0.467,0.462,0.186,0.422,0
aecf7323f3b842ed,BAC_1,D,I|S|R,0.493,10.38,9.67,9.0,1,0.385,0.602,0.664,0.535,1
fc0fb73285384f26,BAC_1,A,A|S|I,0.625,8.05,6.96,6.25,1,0.533,0.633,0.569,0.588,0
d083547401974254,BAC_1,D,S|I|R,0.384,13.1,11.96,12.99,1,0.336,0.99,0.469,0.683,0
564d29bc7cfd4e8c,BAC_1,D,E|A|S,0.537,11.83,11.17,10.13,1,0.654,0.678,0.219,0.601,0
2e5a1fe7d3e14e03,BAC_1,D,R|C|E,0.505,11.21,11.79,11.42,-1,0.423,0.43,0.267,0.403,0
512d52b9eba94374,BAC_1,D,R|A|I,0.469,9.11,9.94,8.21,-1,0.422,0.846,0.507,0.647,0
239e136e8cef4000,BAC_1,D,I|C|R,0.466,10.12,8.85,9.26,1,0.452,0.862,0.88,0.721,1
1eaeb4940af04e95,BAC_1,D,C|R|I,0.666,7.23,6.19,7.34,1,0.669,0.222,0.401,0.405,0
f3b2808761a549c8,BAC_1,A,S|E|A,0.558,9.56,9.64,8.63,-1,0.827,0.933,0.645,0.853,1
671b8e13db5b44bf,BAC_1,A,C|A|S,0.389,9.27,8.85,8.18,1,0.467,0.517,0.346,0.474,1
8947c2e15a6140b6,BAC_1,D,R|C|I,0.434,8.86,8.51,8.57,1,0.302,0.352,0.532,0.361,0
896cfcf5921d40c2,BAC_1,A,S|E|A,0.572,10.03,9.59,9.16,1,0.529,0.576,0.375,0.529,0
de02fc182cbc4bd7,BAC_1,A,E|A|I,0.578,11.65,10.52,11.51,1,0.591,0.99,0.676,0.803,1
57bfe8976f114064,BAC_1,A,S|A|C,0.472,12.2,13.26,10.11,-1,0.611,0.894,0.397,0.72,1
eb28cb055dbe4137,BAC_1,D,S|I|C,0.449,14.42,13.82,13.92,1,0.484,0.409,0.46,0.443,0
d7ce70908e334c99,BAC_1,A,C|E|A,0.524,13.17,12.91,12.27,1,0.5,0.485,0.768,0.533,1
858456de89764222,BAC_1,A,S|A|I,0.47,4.75,4.66,2.78,1,0.566,0.99,0.626,0.787,0
36f1075b187c46ef,BAC_1,D,E|C|S,0.588,11.23,10.94,11.88,1,0.496,0.328,0.357,0.391,0
1732a5d32e2746c3,BAC_1,G2,I|C|E,0.548,11.23,11.91,10.88,-1,0.606,0.628,0.5,0.601,1
947ba044d89a4630,BAC_1,D,R|C|I,0.466,13.35,13.15,13.74,1,0.368,0.278,0.551,0.351,0
3e3ff380244648e0,BAC_1,A,S|E|A,0.46,9.89,9.89,8.6,1,0.367,0.982,0.763,0.734,1
b05d70aaf4704637,BAC_1,B,E|C|I,0.568,7.92,8.45,7.58,-1,0.435,0.511,0.677,0.509,1
c27279471c694fef,BAC_1,A,E|S|I,0.555,11.58,10.94,12.27,1,0.555,0.34,0.75,0.477,1
fa3d7434cba24006,BAC_1,D,C|A|E,0.423,7.96,6.88,7.11,1,0.645,0.683,0.461,0.636,1
eef938e59a384949,BAC_1,A,S|A|I,0.478,8.05,7.87,6.55,1,0.51,0.631,0.73,0.603,1
a6b2331410384b36,BAC_1,A,A|S|I,0.433,9.82,11.27,8.9,-1,0.584,0.524,0.464,0.536,0
2a0cbbb952244a79,BAC_1,D,S|E|I,0.546,11.53,12.42,10.86,-1,0.471,0.72,0.511,0.602,1
c8c3a425cf3246bf,BAC_1,A,S|A|C,0.546,7.75,7.6,6.38,1,0.611,0.894,0.472,0.732,0
11ab2409ce874e17,BAC_1,D,E|S|C,0.573,10.06,8.3,8.92,1,0.596,0.939,0.444,0.744,0
b085012d37c94daf,BAC_1,A,I|A|C,0.498,8.9,8.16,9.49,1,0.506,0.99,0.636,0.767,1
fb4cdc572c554250,BAC_1,A,C|E|S,0.501,9.78,9.52,9.32,1,0.492,0.836,0.306,0.636,1
578135ef372a4312,BAC_1,A,A|E|C,0.451,11.48,10.7,8.46,1,0.354,0.759,0.312,0.55,1
b9105fd7383d4086,BAC_1,D,C|E|I,0.541,10.52,10.52,9.59,-1,0.497,0.525,0.306,0.482,0
87ade7e7add1417a,BAC_1,A,A|R|C,0.476,11.09,9.95,11.19,1,0.391,0.65,0.346,0.514,1
6c22c6830145424b,BAC_1,A,S|A|C,0.543,11.05,11.27,9.63,-1,0.606,0.493,0.585,0.546,1
b843e5a169e44573,BAC_1,D,E|C|A,0.485,9.5,9.71,9.87,-1,0.587,0.507,0.588,0.547,0
68798f1e625843b4,BAC_1,B,E|I|A,0.408,10.56,9.74,10.09,1,0.372,0.705,0.359,0.536,0
27cfafc2ebbe44af,BAC_1,A,I|S|A,0.569,11.97,12.22,11.11,-1,0.482,0.613,0.408,0.537,0
a67a83efe705414a,BAC_1,A,A|E|S,0.546,10.59,9.76,8.62,1,0.636,0.922,0.63,0.778,0
2473239894c74002,BAC_1,D,I|S|C,0.532,13.42,14.12,12.51,-1,0.438,0.374,0.739,0.451,1
28ae6a6fc9384b9f,BAC_1,D,C|I|S,0.505,9.98,10.2,9.36,-1,0.478,0.26,0.241,0.334,0
424002cf626e4c73,BAC_1,A,C|S|E,0.562,10.0,10.4,9.22,-1,0.702,0.552,0.551,0.604,1
0a7e24dec91a45c5,BAC_1,D,I|R|E,0.479,10.34,9.93,10.89,1,0.556,0.452,0.212,0.452,0
4d25e8a8acb64262,BAC_1,D,S|A|E,0.521,11.57,11.5,10.56,1,0.367,0.483,0.394,0.429,0
98045465aac54fa7,BAC_1,D,R|C|I,0.607,11.22,11.56,10.34,-1,0.617,0.501,0.31,0.513,0
acd1a43d1c114428,BAC_1,D,C|E|I,0.575,10.34,9.38,7.56,1,0.645,0.708,0.488,0.653,1
b58263960a3a4816,BAC_1,A,S|A|I,0.553,8.17,7.47,8.4,1,0.489,0.602,0.447,0.539,0
84a181841e694aec,BAC_1,D,C|A|S,0.547,9.48,8.33,9.89,1,0.59,0.865,0.33,0.688,1
17b9150b365e4300,BAC_1,D,S|C|A,0.649,12.58,12.57,11.49,1,0.61,0.636,0.464,0.601,0
2b13d2a6ccdf423a,BAC_1,A,E|S|A,0.508,9.86,9.46,8.95,1,0.554,0.308,0.735,0.458,0
b0d13bda27bf4901,BAC_1,A,S|A|C,0.597,12.8,13.06,11.46,-1,0.545,0.873,0.536,0.708,0
3d01d98f3e694964,BAC_1,F4,R|I|C,0.47,10.29,9.7,9.65,1,0.382,0.851,0.529,0.638,0
676650ac30e6489f,BAC_1,A,I|A|C,0.481,13.32,12.97,12.3,1,0.246,0.99,0.595,0.67,1
088d6c137b024c1c,BAC_1,A,E|I|C,0.59,12.25,11.2,11.75,1,0.369,0.965,0.607,0.703,1
0aa41398f0784efd,BAC_1,A,A|I|E,0.504,11.37,11.61,10.01,-1,0.513,0.711,0.46,0.604,0
51ae54c4abe848b1,BAC_1,A,E|C|S,0.647,6.83,7.73,5.27,-1,0.661,0.517,0.595,0.579,0
81e029376be249e6,BAC_1,D,I|R|C,0.515,10.75,9.43,9.66,1,0.403,0.772,0.939,0.668,1
4f5f43ae0dac408c,BAC_1,A,C|E|S,0.475,10.7,10.52,11.34,1,0.604,0.507,0.76,0.579,0
65734641cf844127,BAC_1,D,C|E|I,0.605,11.21,11.26,12.11,-1,0.866,0.435,0.268,0.561,1
ae1ddc46a0364f27,BAC_1,D,S|A|C,0.42,12.83,11.58,12.87,1,0.505,0.362,0.626,0.452,1
056a322b9d284a4b,BAC_1,D,R|C|A,0.52,7.94,8.42,7.91,-1,0.441,0.99,0.138,0.67,0
411162a5f0954ebf,BAC_1,D,S|E|I,0.524,11.2,9.28,10.44,1,0.524,0.222,0.776,0.41,0
002dfcb64b7c43a2,BAC_1,D,E|C|R,0.516,8.89,9.24,7.1,-1,0.485,0.378,0.413,0.421,0
9282c8a57d46432c,BAC_1,A,A|I|S,0.417,10.64,9.59,9.73,1,0.624,0.851,0.513,0.721,0
514116f25b064f98,BAC_1,A,S|C|E,0.447,10.22,9.88,10.16,1,0.576,0.868,0.548,0.718,1
babdf965f5064d13,BAC_1,A,S|R|A,0.493,11.22,11.41,9.88,-1,0.399,0.469,0.845,0.501,0
66fecd32f23d4975,BAC_1,D,S|I|E,0.462,9.88,9.05,8.2,1,0.374,0.537,0.111,0.416,0
0f156b24e2f544c7,BAC_1,A,S|I|C,0.408,7.29,5.87,5.9,1,0.491,0.546,0.636,0.54,1
e5fddba5495f469b,BAC_1,D,I|A|C,0.64,9.89,9.22,9.89,1,0.553,0.707,0.743,0.658,0
39e36a1ca53c46e3,BAC_1,D,R|I|S,0.484,8.26,8.07,8.14,1,0.598,0.99,0.575,0.791,0
abe67d2e15594e36,BAC_1,D,I|C|E,0.604,15.33,14.4,15.2,1,0.734,0.441,0.711,0.584,1
b5ef20201e8942be,BAC_1,D,I|C|E,0.484,11.71,10.94,11.48,1,0.549,0.474,0.128,0.448,0
3aa0f70ff9844ade,BAC_1,A,S|I|E,0.517,10.57,9.88,11.13,1,0.749,0.893,0.511,0.785,1
4ff6ffac52ce490b,BAC_1,A,S|A|E,0.529,10.39,9.94,9.86,1,0.556,0.653,0.574,0.607,1
9de43be2c5504703,BAC_1,A,A|I|S,0.521,11.23,10.06,11.0,1,0.607,0.808,0.592,0.705,1
349d54649f9749bf,BAC_1,D,S|A|I,0.434,9.28,8.22,10.17,1,0.406,0.533,0.305,0.455,0
41f7d01bfa7144ad,BAC_1,G2,E|C|I,0.463,9.52,8.24,9.37,1,0.422,0.768,0.443,0.598,0
fd209e2f229e46d5,BAC_1,A,S|A|E,0.476,11.02,9.88,9.66,1,0.499,0.975,0.312,0.709,0
1fe3ed964ba0407a,BAC_1,D,R|C|I,0.541,12.65,11.97,10.85,1,0.608,0.288,0.216,0.389,1
6c7befd2e99e47e0,BAC_1,A,S|A|I,0.489,13.52,12.23,12.91,1,0.436,0.362,0.714,0.441,0
f875912813144d75,BAC_1,F3,I|R|E,0.56,12.91,12.55,11.49,1,0.608,0.659,0.488,0.616,0
c0cb86b306bc47ef,BAC_1,D,C|S|E,0.589,11.63,11.95,10.19,-1,0.737,0.4,0.496,0.533,1
56bfc2e37ed042e3,BAC_1,A,S|C|I,0.517,7.58,5.69,7.3,1,0.352,0.815,0.653,0.629,1
03e33d5f268b489e,BAC_1,A,S|A|C,0.468,11.2,10.48,9.67,1,0.447,0.519,0.407,0.477,0
598410da9794456c,BAC_1,C,C|S|E,0.507,8.94,7.75,7.89,1,0.426,0.559,0.428,0.493,0
7de5be3076b94650,BAC_1,G3,C|S|I,0.593,13.2,12.35,12.43,1,0.584,0.497,0.573,0.539,0
8998a04a0d654782,BAC_1,D,R|I|E,0.505,10.6,10.21,10.43,1,0.565,0.827,0.159,0.635,0
ce5fce501a4e491c,BAC_1,A,S|A|I,0.518,8.8,8.86,7.43,-1,0.407,0.891,0.546,0.67,1
923c5cf916f24167,BAC_1,D,I|S|A,0.43,9.35,9.11,8.84,1,0.267,0.354,0.158,0.294,0
5f6f28f8906b48fa,BAC_1,D,R|I|E,0.489,12.66,12.95,10.86,-1,0.346,0.57,0.421,0.469,1
0699cbfe86284a76,BAC_1,A,A|I|S,0.538,10.18,9.35,10.8,1,0.655,0.819,0.627,0.733,0
6b2e50e9f0174c58,BAC_1,D,I|E|S,0.481,10.36,10.84,10.94,-1,0.636,0.349,0.64,0.493,1
a274438778504d27,BAC_1,A,S|A|E,0.518,10.72,10.65,10.71,1,0.446,0.578,0.55,0.528,1
002cd231d8174288,BAC_1,A,C|E|A,0.6,7.64,7.35,7.29,1,0.5,0.984,0.525,0.746,0
0d9aa33f68e44cb4,BAC_1,D,C|S|I,0.407,7.96,7.76,8.14,1,0.504,0.99,0.597,0.761,0
f1cb78ea991f47aa,BAC_1,D,S|A|E,0.458,9.83,10.19,10.31,-1,0.465,0.675,0.678,0.602,0
6209bef4177c46bd,BAC_1,D,I|C|R,0.533,9.48,9.72,8.72,-1,0.537,0.342,0.569,0.444,0
09a77670dc704f89,BAC_1,D,C|I|E,0.598,10.53,11.24,11.19,-1,0.699,0.719,0.659,0.703,0
c7273c31d0534f15,BAC_1,A,S|C|A,0.53,10.25,9.25,10.65,1,0.505,0.809,0.8,0.701,1
10202bd516504653,BAC_1,D,I|S|C,0.484,11.24,11.02,11.36,1,0.562,0.841,0.378,0.674,0
5ef9d4fc26b04ea4,BAC_1,D,S|C|E,0.609,6.59,7.15,5.79,-1,0.613,0.41,0.59,0.508,1
c2011dc2e2e54113,BAC_1,D,C|I|E,0.517,10.56,10.49,10.35,1,0.536,0.775,0.633,0.67,1
57ef4ad437b345c3,BAC_1,A,E|C|S,0.535,10.88,9.8,11.71,1,0.514,0.64,0.573,0.586,0
c15fcc12a9474972,BAC_1,D,C|E|I,0.572,12.32,12.27,11.98,1,0.699,0.593,0.547,0.623,1
acfa160677ee4fec,BAC_1,A,E|S|C,0.547,8.2,9.12,6.34,-1,0.217,0.535,0.54,0.424,0
17a0fe2d36854ed3,BAC_1,D,S|C|I,0.447,10.44,10.76,8.17,-1,0.45,0.296,0.453,0.373,0
0099860cc502484a,BAC_1,D,I|E|A,0.452,10.12,9.78,9.27,1,0.556,0.317,0.267,0.393,0
8b02322592da4f5e,BAC_1,T1,R|C|I,0.556,10.85,9.9,9.01,1,0.674,0.99,0.425,0.795,1
bc02ca5d4e5f4cf2,BAC_1,D,R|I|E,0.548,13.08,12.43,12.81,1,0.627,0.591,0.987,0.663,0
9751fb71bfa74118,BAC_1,D,A|C|E,0.46,12.44,11.35,11.87,1,0.272,0.868,0.497,0.604,1
8ca25b93edcd4ee0,BAC_1,D,I|C|S,0.68,11.05,9.79,12.29,1,0.705,0.573,0.575,0.619,1
d1205961e6b645ce,BAC_1,D,C|E|I,0.521,9.05,10.54,7.99,-1,0.657,0.923,0.416,0.754,1
81071b9c32434459,BAC_1,D,S|I|A,0.471,8.05,7.58,6.32,1,0.519,0.428,0.618,0.489,0
0474b46e70b14d8b,BAC_1,D,I|A|R,0.592,9.33,7.56,8.88,1,0.452,0.754,0.1,0.551,0
dcc75841586f4a3f,BAC_1,A,S|E|I,0.516,14.74,14.69,14.39,1,0.726,0.847,0.211,0.709,1
755c5434ad6e4760,BAC_1,D,I|S|E,0.545,9.86,9.59,9.07,1,0.373,0.826,0.448,0.611,1
2490fd46000b4d97,BAC_1,A,A|I|S,0.436,12.28,11.88,10.46,1,0.528,0.451,0.513,0.487,1
96ae3f5dc7254f0a,BAC_1,A,S|C|I,0.437,10.3,9.27,9.19,1,0.339,0.305,0.99,0.419,1
f6461e780edc4248,BAC_1,A,S|E|I,0.484,12.09,11.42,10.16,1,0.527,0.5,0.368,0.49,0
980ecae6a63d4109,BAC_1,A,A|S|C,0.566,8.68,7.61,9.03,1,0.699,0.621,0.455,0.624,0
431fe6a8b8fd4b30,BAC_1,D,E|C|S,0.476,7.51,7.37,7.7,1,0.517,0.673,0.623,0.611,1
f1b57210b5ba45ec,BAC_1,D,R|I|E,0.558,9.91,9.4,9.75,1,0.537,0.625,0.776,0.617,0
0fa993adef914805,BAC_1,A,C|E|S,0.604,8.58,8.2,7.16,1,0.664,0.778,0.308,0.668,0
6d07475af72146f1,BAC_1,A,C|A|E,0.433,12.15,11.92,11.37,1,0.471,0.92,0.564,0.71,0
3035974b3fc946c9,BAC_1,D,R|S|A,0.511,7.53,7.77,7.06,-1,0.536,0.693,0.471,0.605,1
a797057dd93b4666,BAC_1,D,R|I|S,0.606,11.53,12.68,11.26,-1,0.596,0.727,0.367,0.627,0
cb4c67c443114e59,BAC_1,A,S|I|E,0.424,11.54,11.14,10.94,1,0.402,0.819,0.424,0.614,1
68e526b1162b4e58,BAC_1,A,S|A|I,0.476,9.56,9.98,7.92,-1,0.462,0.514,0.227,0.453,0
50036347e9a7491b,BAC_1,A,S|A|I,0.382,12.91,11.44,13.0,1,0.456,0.629,0.623,0.568,0
399f1c8a5fcd4c0e,BAC_1,D,E|S|I,0.512,9.05,9.55,8.91,-1,0.45,0.648,0.357,0.535,0
f40522f03eb34766,BAC_1,D,E|A|S,0.695,11.66,11.97,11.81,-1,0.754,0.327,0.721,0.535,1
0bdcecff7efb409e,BAC_1,A,A|E|C,0.425,8.21,7.8,6.87,1,0.63,0.653,0.478,0.619,0
0ca62a7b12fa40cd,BAC_1,A,E|C|A,0.573,11.64,12.26,11.38,-1,0.455,0.69,0.426,0.568,1
d526e294484349a2,BAC_1,D,S|I|C,0.556,7.35,7.11,6.13,1,0.763,0.205,0.564,0.454,0
4ed96178e8af453a,BAC_1,A,S|I|A,0.573,11.73,11.62,11.21,1,0.516,0.856,0.342,0.66,1
e9d80bd8e5ef47d2,BAC_1,A,A|E|R,0.586,9.04,9.22,6.97,-1,0.516,0.466,0.646,0.511,0
d1799959e3f54cdf,BAC_1,D,E|C|S,0.678,10.26,10.17,10.57,1,0.714,0.634,0.306,0.613,1
a30e377c94d34034,BAC_1,A,A|C|E,0.36,9.55,8.73,8.36,1,0.213,0.684,0.501,0.492,1
113092e895c34049,BAC_1,A,S|C|I,0.499,11.58,11.45,10.33,1,0.544,0.459,0.383,0.477,0
d0ab0ece081941f9,BAC_1,D,I|S|C,0.443,10.91,11.1,10.78,-1,0.492,0.574,0.251,0.497,0
fd4c0a8f12f549ae,BAC_1,D,I|R|C,0.479,11.71,11.04,11.02,1,0.49,0.984,0.733,0.773,0
539c329fd9094d29,BAC_1,D,R|I|C,0.453,7.75,6.74,6.49,1,0.438,0.663,0.682,0.587,1
bd50d7b6d2614daa,BAC_1,D,C|S|A,0.526,10.4,8.45,11.33,1,0.402,0.646,0.135,0.484,0
c83db865b37e4ccd,BAC_1,A,S|A|C,0.564,12.77,11.86,11.53,1,0.567,0.78,0.349,0.641,0
6d0bd93acda74015,BAC_1,F2,I|E|R,0.5,9.99,9.79,10.5,1,0.57,0.24,0.251,0.357,0
e1fa0d058cba4918,BAC_1,A,C|A|I,0.539,12.98,13.0,11.29,-1,0.724,0.88,0.436,0.759,1
914c2b72a0c64a9e,BAC_1,D,I|C|S,0.661,9.33,9.19,8.64,1,0.715,0.98,0.415,0.802,0
f4c47191271b4e21,BAC_1,F3,R|C|E,0.578,11.34,12.07,11.19,-1,0.371,0.79,0.66,0.624,0
828fe5fd037748a9,BAC_1,D,R|C|E,0.6,13.68,12.96,12.93,1,0.675,0.127,0.789,0.418,1
44e1d7dfb9994d3f,BAC_1,A,A|S|I,0.486,8.43,8.91,7.7,-1,0.484,0.684,0.58,0.598,0
40c2481e91ee4f9f,BAC_1,A,C|A|I,0.477,8.18,7.23,8.03,1,0.5,0.83,0.467,0.66,1
894989753cf44cbe,BAC_1,A,S|C|E,0.594,11.52,11.67,10.43,-1,0.552,0.808,0.861,0.726,0
f1b733e9f2cc48c8,BAC_1,D,S|E|R,0.551,10.49,9.79,10.69,1,0.25,0.388,0.729,0.391,0
a12fae54404a485e,BAC_1,A,A|S|C,0.523,10.2,9.51,9.24,1,0.532,0.43,0.5,0.476,1
20c7994c9fe4491f,BAC_1,A,S|A|C,0.513,10.73,10.33,9.56,1,0.454,0.936,0.333,0.677,0
954f2d068ebb4b8c,BAC_1,D,I|S|A,0.475,12.0,11.52,11.24,1,0.698,0.367,0.691,0.531,1
ceaa6907e6134f3c,BAC_1,A,S|A|C,0.525,10.09,9.87,9.72,1,0.716,0.715,0.316,0.655,0
57be3773329641bb,BAC_1,A,S|I|C,0.41,12.03,11.2,10.55,1,0.341,0.845,0.529,0.621,1
ecae09f37d32456d,BAC_1,G1,I|C|E,0.551,12.21,11.47,11.89,1,0.634,0.674,0.619,0.652,1
a70e4cffd5db4347,BAC_1,A,S|I|E,0.436,10.44,10.01,9.78,1,0.441,0.73,0.303,0.565,0
a0de8388d0734daa,BAC_1,A,S|E|I,0.572,11.86,11.5,10.82,1,0.566,0.55,0.211,0.505,0
a31ffaa30f0d4d3a,BAC_1,D,A|C|S,0.586,8.84,7.42,8.66,1,0.596,0.321,0.845,0.496,1
f5351d9ab9654732,BAC_1,A,S|A|I,0.428,13.45,14.16,12.78,-1,0.405,0.99,0.572,0.723,1
2e21df01381d43a3,BAC_1,A,S|I|A,0.441,7.36,6.97,8.55,1,0.315,0.366,0.197,0.323,1
88717a7c72704fc2,BAC_1,D,C|S|R,0.452,14.02,14.67,12.47,-1,0.571,0.456,0.307,0.474,0
860fa3efe04a4e21,BAC_1,G3,E|C|S,0.623,11.88,10.77,10.98,1,0.601,0.734,0.616,0.67,0
e34c39ca703f4f77,BAC_1,A,E|S|A,0.551,12.3,10.69,12.02,1,0.747,0.954,0.607,0.83,1
3d0cf56727e743c7,BAC_1,B,S|A|I,0.497,8.46,8.45,8.1,1,0.359,0.569,0.235,0.445,1
06750e6671234793,BAC_1,A,S|C|I,0.631,11.16,10.56,9.46,1,0.617,0.51,0.607,0.562,0
fa1f0117fc9345b9,BAC_1,A,E|C|A,0.521,12.24,12.9,11.07,-1,0.576,0.18,0.519,0.369,0
0246548c45cf44c2,BAC_1,D,R|I|E,0.487,11.53,11.18,12.34,1,0.404,0.501,0.481,0.464,0
3e8cdaf5dd364fc3,BAC_1,D,I|R|A,0.462,8.42,9.2,8.82,-1,0.359,0.183,0.772,0.333,0
80489dc84bca465b,BAC_1,D,E|C|A,0.462,8.07,8.48,8.26,-1,0.559,0.649,0.357,0.573,1
9363806653d841d7,BAC_1,A,R|S|A,0.538,10.91,10.77,9.43,1,0.718,0.623,0.465,0.633,0
0c2ad30eb1074263,BAC_1,A,S|A|I,0.438,10.43,10.75,8.37,-1,0.33,0.876,0.529,0.633,0
309f5803b1ca4206,BAC_1,D,E|C|I,0.476,6.22,4.14,4.8,1,0.354,0.463,0.482,0.427,0
0d00ae9a1b7d4f22,BAC_1,A,S|A|C,0.547,12.86,12.28,11.88,1,0.561,0.974,0.404,0.744,1
fa703714886144dd,BAC_1,A,A|C|I,0.484,11.33,10.29,11.33,1,0.458,0.539,0.259,0.469,0
ed79582b65404721,BAC_1,D,A|S|I,0.464,10.29,9.69,8.8,1,0.515,0.493,0.557,0.51,0
928c85cf34714b6c,BAC_1,D,I|S|E,0.571,9.24,8.78,7.78,1,0.579,0.57,0.532,0.568,0
d1450106e3b0405f,BAC_1,A,S|A|I,0.538,9.32,9.86,6.62,-1,0.459,0.823,0.462,0.642,0
381c74a279f54e05,BAC_1,A,I|S|A,0.524,11.68,12.22,10.98,-1,0.573,0.894,0.583,0.735,0
e65bb87bfdf24b3f,BAC_1,D,R|S|I,0.495,9.4,9.9,9.0,-1,0.465,0.801,0.424,0.627,0
a5c3a72fd1da4aad,BAC_1,A,S|C|E,0.716,9.28,8.88,8.75,1,0.734,0.695,0.555,0.687,0
aa251baccf994401,BAC_1,A,S|C|E,0.572,11.24,12.25,10.54,-1,0.621,0.428,0.414,0.494,0
15fb2ac3cf6742df,BAC_1,D,E|A|C,0.63,10.0,9.16,8.99,1,0.644,0.502,0.501,0.551,0
8e615ffe937b4710,BAC_1,A,I|C|S,0.464,11.04,9.75,10.64,1,0.539,0.772,0.776,0.691,1
31298616257b49cc,BAC_1,A,A|I|E,0.54,11.93,11.7,12.08,1,0.499,0.969,0.883,0.792,1
436accea5f5a40fa,BAC_1,A,S|A|E,0.514,9.24,8.94,9.15,1,0.641,0.823,0.207,0.667,0
22b6ae1aa2c24d46,BAC_1,A,I|S|A,0.549,8.98,8.57,7.46,1,0.526,0.546,0.769,0.572,0
c5cd8682ab524a41,BAC_1,D,R|I|C,0.529,10.05,10.47,9.37,-1,0.597,0.186,0.562,0.386,0
725271a9f88b4f47,BAC_1,A,S|A|I,0.534,13.76,13.64,14.74,1,0.656,0.724,0.608,0.683,1
32a3966b7ce94bd2,BAC_1,D,I|R|S,0.578,10.86,10.63,9.58,1,0.522,0.665,0.293,0.559,1
63ec7928fb624a94,BAC_1,D,S|C|I,0.454,14.6,13.38,13.3,1,0.322,0.221,0.474,0.294,1
a8f42d3260ee47cc,BAC_1,A,S|C|A,0.502,11.21,10.71,9.77,1,0.357,0.903,0.478,0.648,1
0ef48c6bcdeb40e2,BAC_1,A,A|C|I,0.434,9.4,9.66,9.99,-1,0.501,0.358,0.875,0.485,1
3a397abe76934945,BAC_1,A,S|E|R,0.514,9.02,8.35,6.38,1,0.585,0.852,0.503,0.706,1
514e2a6fbde648bb,BAC_1,C,S|I|A,0.537,11.76,10.3,10.52,1,0.387,0.868,0.208,0.6,1
bec164cb81374f15,BAC_1,A,C|S|A,0.597,12.68,11.64,11.46,1,0.608,0.544,0.415,0.547,1
1f683df111794555,BAC_1,A,S|E|A,0.594,15.27,14.27,16.53,1,0.499,0.905,0.673,0.728,1
30dd55048c26482e,BAC_1,F3,R|I|C,0.523,11.25,11.38,10.15,-1,0.478,0.602,0.428,0.532,0
a1d8e592a74c49f3,BAC_1,D,E|C|A,0.467,9.6,9.91,8.51,-1,0.525,0.396,0.843,0.509,0
17b0d78a42664895,BAC_1,A,A|E|S,0.448,8.71,9.04,8.36,-1,0.296,0.412,0.676,0.411,0
43d07d1f76364403,BAC_1,A,A|C|S,0.525,14.03,14.43,13.14,-1,0.449,0.586,0.733,0.56,1
183d53a37be84c34,BAC_1,A,A|C|E,0.562,12.82,13.57,11.98,-1,0.563,0.345,0.472,0.44,0
77f0e3b6caef4767,BAC_1,D,I|R|E,0.52,10.66,11.28,9.1,-1,0.338,0.918,0.632,0.672,0
60b826bf025646e1,BAC_1,A,S|A|C,0.464,7.61,7.31,6.62,1,0.517,0.99,0.52,0.754,0
9e8074ccea874c02,BAC_1,D,R|C|I,0.53,8.58,8.83,8.15,-1,0.487,0.543,0.307,0.488,1
060a104af15d475e,BAC_1,A,A|I|C,0.558,10.01,9.49,10.43,1,0.784,0.981,0.688,0.868,1
8ea52ccb491542c2,BAC_1,A,A|S|E,0.467,7.85,7.7,8.36,1,0.51,0.775,0.294,0.61,1
674cf8bfbe5145bb,BAC_1,A,A|S|C,0.461,11.94,11.11,10.9,1,0.249,0.656,0.604,0.506,0
8ce457278ec4436e,BAC_1,D,C|I|R,0.487,11.24,10.67,11.47,1,0.556,0.613,0.619,0.594,0
f9d5f73614834e44,BAC_1,D,R|E|C,0.52,10.55,10.46,11.22,1,0.506,0.672,0.406,0.574,1
2192d23f16e2437d,BAC_1,D,E|I|R,0.488,11.39,10.97,11.53,1,0.501,0.274,0.23,0.347,1
7a35e47dd1cb446a,BAC_1,A,E|S|A,0.454,8.39,7.94,9.01,1,0.547,0.734,0.553,0.641,0
1d4c91d8b2b842b1,BAC_1,G1,I|E|S,0.636,10.72,10.44,10.7,1,0.453,0.495,0.474,0.477,1
19ef6972853242d3,BAC_1,D,S|I|C,0.61,11.16,11.08,11.18,1,0.589,0.623,0.462,0.587,0
38b35175d0624c83,BAC_1,A,S|I|E,0.57,4.75,3.97,4.47,1,0.5,0.691,0.722,0.629,0
878dcef710e04501,BAC_1,D,C|E|S,0.468,8.79,8.14,7.78,1,0.475,0.238,0.25,0.322,0
643285327ae74d62,BAC_1,A,A|S|E,0.469,9.52,8.82,8.51,1,0.311,0.812,0.668,0.615,0
d695a2c5bd334add,BAC_1,A,A|S|C,0.464,14.4,14.62,15.42,-1,0.217,0.896,0.523,0.602,1
ad6547cac00a4137,BAC_1,D,R|E|A,0.55,7.17,6.5,6.88,1,0.317,0.881,0.282,0.594,1
453dbe16caf34dc9,BAC_1,A,R|S|C,0.509,9.48,9.43,7.88,1,0.522,0.756,0.1,0.575,0
581db29b11b042eb,BAC_1,D,I|R|C,0.555,9.89,10.47,8.49,-1,0.469,0.493,0.605,0.501,0
32131abe0abf4abe,BAC_1,G3,E|C|A,0.573,8.74,8.07,10.12,1,0.458,0.775,0.487,0.621,0
53c183cb3a8d47f3,BAC_1,D,S|I|E,0.34,10.42,10.31,10.32,1,0.143,0.705,0.235,0.438,1
88253bf105734720,BAC_1,A,A|S|E,0.5,8.38,8.64,8.66,-1,0.436,0.99,0.604,0.738,0
a6df3c11b1d044a9,BAC_1,D,C|E|I,0.512,11.43,9.9,10.75,1,0.422,0.426,0.592,0.449,0
16e9bd2bc97b40e2,BAC_1,D,S|I|C,0.513,10.79,10.91,11.12,-1,0.395,0.274,0.637,0.371,0
ecbb01c0b15c4c2b,BAC_1,D,C|S|I,0.602,12.11,12.44,10.63,-1,0.702,0.614,0.625,0.647,0
f8e2fee22ecc4932,BAC_1,A,S|I|A,0.598,9.35,9.69,7.45,-1,0.576,0.99,0.572,0.782,1
8f449e6f298d49c3,BAC_1,D,S|I|C,0.459,5.82,5.19,5.22,1,0.541,0.292,0.443,0.402,0
2d44fc25f51640c0,BAC_1,D,I|R|E,0.496,7.3,7.11,6.93,1,0.373,0.453,0.323,0.405,0
fb22f8d22b5b4520,BAC_1,A,A|I|E,0.605,6.71,5.98,6.59,1,0.459,0.654,0.614,0.58,1
8b44b8a99eaa44a1,BAC_1,G1,I|E|C,0.549,10.3,10.79,10.07,-1,0.563,0.583,0.257,0.527,0
9052d21401854fa9,BAC_1,A,C|S|A,0.574,12.39,11.93,11.86,1,0.634,0.701,0.612,0.664,0
3826ab45b2554e61,BAC_1,D,E|C|R,0.475,13.44,11.54,12.48,1,0.421,0.417,0.525,0.434,0
ca0b9ffb1a164b48,BAC_1,D,I|R|C,0.546,10.33,8.67,9.84,1,0.564,0.377,0.646,0.483,0
1f53ae8f24864991,BAC_1,A,S|I|A,0.548,12.96,11.33,12.59,1,0.559,0.722,0.532,0.637,0
72800524a2984355,BAC_1,A,A|S|I,0.612,8.6,8.84,7.71,-1,0.705,0.491,0.271,0.533,0
e11a6e27a86b42f7,BAC_1,D,C|E|S,0.507,11.44,10.85,11.04,1,0.657,0.288,0.471,0.444,0
e572718c69c9433c,BAC_1,F4,I|C|R,0.542,15.44,15.77,14.13,-1,0.682,0.959,0.426,0.782,1
255866936ddf4033,BAC_1,D,A|S|C,0.458,9.51,8.75,8.41,1,0.387,0.448,0.437,0.425,0
dd42b061839e498b,BAC_1,D,S|I|E,0.595,8.14,8.21,7.8,-1,0.64,0.626,0.307,0.583,0
266b3ea0b26346fd,BAC_1,D,C|E|I,0.59,11.43,11.94,10.97,-1,0.495,0.615,0.493,0.555,0
d83af3d3abec4606,BAC_1,A,E|C|A,0.675,14.28,13.48,13.38,1,0.619,0.864,0.255,0.687,1
5383e5cc72dc444c,BAC_1,A,S|A|I,0.562,12.89,12.34,12.47,1,0.628,0.99,0.569,0.8,1
d6317973276d4a53,BAC_1,G2,C|E|R,0.51,13.33,13.0,13.04,1,0.644,0.908,0.54,0.761,1
16a10a69715e4ae2,BAC_1,A,A|I|S,0.551,10.01,9.97,10.72,1,0.562,0.875,0.41,0.696,0
0d17cfd1fe1f4d1e,BAC_1,D,I|C|S,0.624,11.01,10.46,10.36,1,0.428,0.128,0.381,0.271,0
07efa9da5ee4458c,BAC_1,D,S|E|I,0.659,10.95,10.95,9.29,-1,0.778,0.464,0.981,0.652,0
67609671395c47fc,BAC_1,D,S|A|C,0.533,11.62,11.08,10.76,1,0.496,0.398,0.466,0.442,1
2c632550fc8d4325,BAC_1,D,I|S|R,0.514,9.33,8.96,7.65,1,0.479,0.397,0.227,0.4,0
1a8f5c7b159e43e6,BAC_1,A,A|I|E,0.452,8.61,7.02,7.37,1,0.619,0.575,0.76,0.618,0
fe710f2608a34eff,BAC_1,D,C|I|E,0.616,10.39,10.13,9.18,1,0.636,0.506,0.45,0.543,0
33f35f77a6bb4326,BAC_1,D,R|C|I,0.564,11.34,10.75,10.49,1,0.524,0.777,0.393,0.631,1
960f620f06444e10,BAC_1,A,S|I|A,0.575,9.7,11.5,8.56,-1,0.645,0.593,0.64,0.618,1
2a6cd1ba2b43415a,BAC_1,B,S|A|I,0.421,11.35,11.01,9.7,1,0.445,0.864,0.415,0.65,0
a90e721cc7a6410c,BAC_1,D,C|I|R,0.538,10.15,9.64,10.01,1,0.529,0.892,0.385,0.689,0
fdde90d843f64fc1,BAC_1,D,E|R|I,0.513,10.94,10.22,9.9,1,0.532,0.563,0.537,0.548,1
b0e84ba4dda54336,BAC_1,G1,E|C|I,0.563,12.24,12.17,11.2,1,0.545,0.58,0.664,0.58,1
78d6f57773934a41,BAC_1,A,E|C|S,0.558,9.51,8.69,8.75,1,0.488,0.559,0.218,0.483,0
f2051c3daec94a83,BAC_1,A,C|A|I,0.538,9.29,8.68,8.5,1,0.565,0.99,0.393,0.752,0
c2818a7841724610,BAC_1,F4,R|C|S,0.54,10.56,9.4,10.23,1,0.446,0.543,0.689,0.531,0
dc9cc373bc6e45cf,BAC_1,E,I|R|C,0.46,10.0,9.7,8.27,1,0.38,0.795,0.166,0.555,1
f6e78bce8c854854,BAC_1,A,S|A|I,0.455,9.39,8.79,9.96,1,0.506,0.84,0.379,0.654,1
61feef3d109644d1,BAC_1,D,C|A|R,0.507,11.44,11.24,12.38,1,0.429,0.386,0.701,0.448,1
f54e641126be4dac,BAC_1,A,S|C|I,0.536,9.11,8.41,10.06,1,0.566,0.549,0.191,0.501,0
d6a77be107b943be,BAC_1,D,R|I|A,0.461,8.58,7.61,8.25,1,0.409,0.871,0.541,0.66,0
70b4d84a498046d9,BAC_1,A,S|A|E,0.513,11.23,11.68,10.46,-1,0.519,0.362,0.894,0.497,1
2c60596d205d4d6f,BAC_1,A,S|C|I,0.522,8.93,8.21,10.0,1,0.781,0.392,0.54,0.551,0
6d092d7b7af04b54,BAC_1,D,I|E|C,0.534,12.46,13.06,13.15,-1,0.654,0.94,0.562,0.784,1
6471aa0cbe5c4637,BAC_1,D,R|A|I,0.58,12.38,12.19,12.57,1,0.616,0.642,0.553,0.62,1
604bb0cc2ffe42e8,BAC_1,A,S|E|A,0.433,13.94,12.92,12.89,1,0.406,0.487,0.569,0.471,0
b2675a4b21f04099,BAC_1,D,S|E|C,0.473,10.51,10.23,10.38,1,0.249,0.373,0.286,0.317,1
b910b7d0a5a448e2,BAC_1,A,S|I|C,0.423,9.56,9.92,8.63,-1,0.303,0.71,0.453,0.529,0
fa825d9f31da414d,BAC_1,A,A|S|C,0.598,10.9,10.15,11.03,1,0.473,0.929,0.769,0.745,0
7709d3f91bf94413,BAC_1,A,S|A|C,0.501,11.37,11.2,12.14,1,0.607,0.661,0.19,0.571,1
bdce448a9bb44a1a,BAC_1,A,S|A|C,0.582,11.36,10.43,10.86,1,0.63,0.727,0.507,0.66,0
591b6cbb550d4816,BAC_1,D,I|R|C,0.463,11.82,10.61,12.04,1,0.189,0.639,0.433,0.451,0
767b1c21499b41c8,BAC_1,D,C|R|A,0.443,10.34,9.14,10.64,1,0.459,0.99,0.581,0.743,0
17502dcd1d7c49a3,BAC_1,A,A|S|I,0.452,9.73,9.36,7.89,1,0.289,0.99,0.376,0.653,0
48141b1b424d4c8f,BAC_1,A,S|I|R,0.409,10.01,10.4,9.92,-1,0.429,0.954,0.404,0.688,1
a932e19dd9b54ec5,BAC_1,D,I|C|R,0.505,6.55,6.59,7.15,-1,0.486,0.562,0.241,0.487,0
8d77e94a02ff494f,BAC_1,A,A|I|S,0.337,10.91,10.53,9.99,1,0.507,0.193,0.529,0.353,1
1405eea8cf4842d1,BAC_1,D,C|E|S,0.57,11.17,11.38,11.64,-1,0.358,0.394,0.646,0.419,0
6e84bba537ea45f6,BAC_1,G3,E|C|S,0.467,8.18,8.4,7.17,-1,0.496,0.578,0.497,0.537,0
c6c7490b86094021,BAC_1,D,I|E|R,0.463,8.65,8.99,8.43,-1,0.483,0.592,0.578,0.552,1
b07f6f8ef6ad4fd0,BAC_1,D,I|E|R,0.549,12.59,12.27,11.69,1,0.47,0.276,0.396,0.362,1
edf5a66e22ba43fc,BAC_1,D,R|C|I,0.584,13.57,13.44,12.36,1,0.631,0.263,0.871,0.483,0
c2364c81927648d4,BAC_1,D,A|I|S,0.429,11.3,11.56,9.81,-1,0.457,0.717,0.263,0.558,1
5b4d29f7b75f491a,BAC_1,D,S|E|A,0.679,13.3,12.57,12.64,1,0.67,0.815,0.498,0.717,1
e94d68c2ca9048b3,BAC_1,G2,C|E|S,0.455,9.94,9.55,9.33,1,0.548,0.676,0.452,0.597,0
7c7dc765e1f44482,BAC_1,A,A|C|S,0.48,9.54,8.28,8.05,1,0.54,0.548,0.717,0.57,0
78e36ee772a64467,BAC_1,A,S|A|C,0.607,14.22,13.34,13.93,1,0.471,0.62,0.429,0.539,1
cf5c68381f9e4761,BAC_1,D,A|E|I,0.387,9.51,9.1,10.28,1,0.549,0.628,0.384,0.564,1
a4deb44fe5d24e3e,BAC_1,A,S|A|I,0.445,12.79,11.93,14.16,1,0.507,0.413,0.706,0.49,1
0307c2a93a094e13,BAC_1,A,E|S|A,0.453,12.02,10.61,11.0,1,0.491,0.377,0.298,0.405,1
972576baed7b4bbd,BAC_1,D,I|C|R,0.481,10.03,10.01,9.57,1,0.453,0.421,0.1,0.384,1
a273680667e247ba,BAC_1,A,S|I|A,0.416,10.5,11.42,10.25,-1,0.286,0.464,0.562,0.416,1
c068e78165f64164,BAC_1,A,S|I|A,0.536,8.06,8.79,6.65,-1,0.688,0.748,0.322,0.663,1
47764f1367b54766,BAC_1,A,S|A|I,0.593,10.98,10.4,9.92,1,0.475,0.947,0.451,0.708,0
3977f124c41a4e65,BAC_1,A,E|S|A,0.593,10.91,10.83,10.14,1,0.371,0.785,0.67,0.623,0
b11b441ff3bb45bf,BAC_1,A,E|C|I,0.514,11.08,9.88,10.79,1,0.464,0.99,0.581,0.744,1
e5cee68687f545df,BAC_1,A,I|C|E,0.536,11.8,11.36,10.17,1,0.565,0.588,0.624,0.585,0
ca0bf86f643e4528,BAC_1,D,I|R|S,0.437,10.28,10.08,9.2,1,0.413,0.856,0.742,0.684,1
98047f9f47764afa,BAC_1,D,S|I|E,0.578,12.89,12.16,13.29,1,0.596,0.599,0.505,0.584,1
0ce8b9b25f1045df,BAC_1,F1,R|I|C,0.534,13.77,12.52,14.43,1,0.453,0.99,0.446,0.72,1
79a685d6e3c0478f,BAC_1,A,A|S|E,0.689,13.49,12.47,13.28,1,0.826,0.698,0.652,0.736,1
25985d64c4d34dd7,BAC_1,D,A|S|I,0.506,10.2,11.12,11.27,-1,0.455,0.646,0.523,0.561,1
f5647af164b14e65,BAC_1,D,A|S|I,0.517,9.0,8.63,7.37,1,0.555,0.419,0.385,0.462,1
ae21f7deedaf4a29,BAC_1,D,I|R|C,0.556,11.14,12.11,10.7,-1,0.623,0.725,0.676,0.682,0
6c512c241b894ad6,BAC_1,A,S|C|A,0.58,7.11,6.7,6.78,1,0.593,0.99,0.881,0.835,0
20eb7d09822f4430,BAC_1,A,C|E|A,0.576,8.71,8.21,8.32,1,0.599,0.922,0.61,0.762,0
3f6e35b5c4cc4207,BAC_1,D,I|E|R,0.554,11.77,11.63,11.51,1,0.472,0.99,0.601,0.75,0
6d53c54b0d5d4a65,BAC_1,D,R|I|C,0.545,11.18,11.83,10.37,-1,0.618,0.407,0.739,0.53,0
471ec78f328c4119,BAC_1,A,C|I|S,0.648,8.71,8.51,8.42,1,0.649,0.815,0.587,0.722,0
0a9fdd1680204aea,BAC_1,D,C|S|I,0.445,10.93,10.97,10.97,-1,0.538,0.895,0.514,0.713,1
77789e79b714495f,BAC_1,B,S|I|A,0.46,10.35,9.91,11.5,1,0.458,0.278,0.382,0.356,1
3964e5da972e412c,BAC_1,D,S|A|I,0.468,12.07,11.32,12.54,1,0.585,0.845,0.556,0.711,1
5a8df03065c34da6,BAC_1,D,C|I|E,0.49,10.86,9.94,10.35,1,0.454,0.599,0.505,0.534,1
bba9a7ede35b4350,BAC_1,A,A|I|C,0.536,11.93,11.83,10.14,1,0.56,0.371,0.563,0.466,0
e8f2d832727f423a,BAC_1,A,E|C|A,0.503,10.28,10.15,10.3,1,0.553,0.352,0.671,0.47,0
2b2d2bdd8a5a4971,BAC_1,D,S|C|R,0.563,12.91,13.17,11.7,-1,0.411,0.383,0.493,0.41,0
a39155c9517b43af,BAC_1,C,S|I|C,0.49,14.79,14.65,15.1,1,0.414,0.764,0.44,0.593,1
d8f95bfe0bba4aca,BAC_1,A,I|S|A,0.435,6.79,6.34,6.81,1,0.53,0.436,0.665,0.503,0
ba56cf0acd494dd7,BAC_1,D,S|E|C,0.456,13.04,13.86,12.11,-1,0.574,0.773,0.804,0.708,1
00f3412aa21a4594,BAC_1,A,S|A|I,0.535,7.05,7.76,6.13,-1,0.575,0.802,0.571,0.688,0
ccfe173f92974927,BAC_1,A,S|I|C,0.532,8.33,7.8,7.4,1,0.511,0.832,0.52,0.673,1
ff90e822883b4358,BAC_1,A,C|S|A,0.591,8.77,7.64,6.32,1,0.635,0.403,0.405,0.485,0
6ee33280af3e40ab,BAC_1,D,E|I|S,0.445,8.8,9.44,8.36,-1,0.374,0.427,0.302,0.39,0
1f639437752f43bf,BAC_1,A,S|C|A,0.421,10.82,10.59,10.15,1,0.434,0.652,0.418,0.541,0
5fff18684ae84425,BAC_1,D,C|I|R,0.573,10.4,10.29,9.8,1,0.49,0.927,0.326,0.684,1
a5eb878038d84f45,BAC_1,A,I|S|A,0.586,8.27,8.31,7.76,-1,0.404,0.84,0.35,0.614,0
cef4cefd97c84eef,BAC_1,A,I|C|A,0.514,11.45,10.42,9.65,1,0.468,0.336,0.491,0.405,1
ee9b93c067794442,BAC_1,A,S|E|C,0.542,9.52,10.49,8.26,-1,0.489,0.72,0.731,0.641,0
23eaeb1ef57e476c,BAC_1,D,I|E|R,0.636,9.28,9.2,8.92,1,0.68,0.657,0.282,0.609,0
94f66ac759ad4eeb,BAC_1,A,A|I|E,0.418,12.5,12.63,12.58,-1,0.438,0.91,0.493,0.682,0
d7b77f53374549ef,BAC_1,A,S|C|E,0.471,9.11,7.77,8.23,1,0.566,0.888,0.481,0.714,0
be4ee6c5ddaf4266,BAC_1,A,C|S|A,0.479,12.36,12.1,11.78,1,0.403,0.896,0.555,0.673,1
0c9df425329547e7,BAC_1,A,C|I|A,0.537,8.17,8.49,7.37,-1,0.506,0.463,0.663,0.508,0
5dc315f3829441ae,BAC_1,D,S|E|C,0.565,11.79,11.88,9.32,-1,0.68,0.287,0.702,0.486,0
a00d47380d3a4c9c,BAC_1,A,S|A|E,0.514,12.08,12.32,12.19,-1,0.491,0.778,0.536,0.641,0
ee00836669604bec,BAC_1,A,S|A|I,0.459,13.56,13.49,14.79,1,0.438,0.802,0.252,0.592,1
7b2dfb37fe514058,BAC_1,D,C|R|E,0.519,14.62,13.84,13.37,1,0.593,0.758,0.494,0.661,1
dbd546eff21a4ce2,BAC_1,A,A|S|C,0.457,8.74,8.27,7.16,1,0.423,0.749,0.627,0.617,0
580758cbbc0e4e8e,BAC_1,A,C|S|E,0.563,8.69,9.16,7.23,-1,0.58,0.793,0.364,0.654,1
d3db020169654e60,BAC_1,A,S|I|C,0.564,11.29,11.1,12.02,1,0.557,0.656,0.771,0.638,1
e0a9aa5bb4ec4da6,BAC_1,D,R|C|E,0.581,8.27,8.26,7.73,1,0.602,0.257,0.342,0.391,0
bd99ffe9f8874d48,BAC_1,B,E|C|S,0.562,12.19,12.02,11.46,1,0.507,0.557,0.1,0.471,0
33a5840751a2477c,BAC_1,D,R|S|A,0.464,11.07,10.9,11.06,1,0.571,0.1,0.565,0.334,0
8a27bab39c0b4481,BAC_1,A,I|A|E,0.501,11.99,9.85,11.48,1,0.585,0.751,0.579,0.667,1
15241ed4906e44ef,BAC_1,D,S|R|C,0.439,14.72,14.28,14.18,1,0.382,0.555,0.497,0.486,1
3e34b01555914ea8,BAC_1,D,R|I|E,0.551,11.36,11.09,10.66,1,0.686,0.65,0.767,0.68,0
36caf94ed7ea4d52,BAC_1,B,A|S|C,0.409,10.17,9.53,11.11,1,0.318,0.488,0.607,0.446,0
1b1dbc98c8514a48,BAC_1,A,A|I|S,0.501,7.42,6.43,6.31,1,0.469,0.427,0.805,0.498,0
0ba9ee22419d4db1,BAC_1,A,E|S|A,0.586,7.19,6.24,5.88,1,0.456,0.471,0.472,0.466,1
b1b0caa7d5f64728,BAC_1,A,A|S|I,0.597,6.73,6.98,5.65,-1,0.597,0.572,0.458,0.564,0
576ac78573dc49f2,BAC_1,G3,C|E|S,0.512,11.66,11.44,12.16,1,0.412,0.629,0.566,0.544,0
ec41b59ddb4e41fb,BAC_1,A,E|A|S,0.518,9.93,9.86,9.72,1,0.428,0.419,0.876,0.491,0
21c21231055f4db8,BAC_1,A,A|S|I,0.52,11.79,10.66,12.39,1,0.565,0.639,0.695,0.622,0
9182148ea4b441b6,BAC_1,A,S|A|E,0.504,10.4,10.04,10.85,1,0.358,0.99,0.526,0.699,0
88da752f55f343b3,BAC_1,D,S|A|I,0.507,7.73,7.49,6.21,1,0.509,0.819,0.689,0.691,1
5fbac9a21ff24bd1,BAC_1,A,S|C|E,0.437,13.12,13.87,13.49,-1,0.355,0.99,0.439,0.685,1
e672ea0af1084de1,BAC_1,A,A|E|I,0.562,12.46,12.43,12.11,1,0.697,0.452,0.451,0.538,1
09923642baf74b72,BAC_1,D,I|C|E,0.462,9.22,7.44,8.74,1,0.485,0.954,0.821,0.77,0
f9e7ba532feb4ed8,BAC_1,A,E|C|A,0.569,14.88,14.78,15.0,1,0.694,0.569,0.721,0.636,1
0a15484a5f2249e8,BAC_1,A,E|S|C,0.499,7.44,7.11,6.82,1,0.61,0.438,0.256,0.471,0
0b7daa9a69a344b9,BAC_1,D,I|R|C,0.606,10.15,10.87,8.82,-1,0.723,0.217,0.523,0.44,0
7edf1a41e9794635,BAC_1,G2,E|C|S,0.664,13.62,13.51,12.06,1,0.789,0.677,0.414,0.677,1
c38b7c5abc654510,BAC_1,A,S|E|I,0.447,10.44,9.9,8.92,1,0.479,0.704,0.724,0.628,1
2a564ff87d434b2a,BAC_1,D,I|A|S,0.584,6.66,6.23,6.43,1,0.337,0.47,0.684,0.455,1
99c65f10ec794e75,BAC_1,D,I|A|C,0.602,12.87,13.67,12.16,-1,0.546,0.899,0.458,0.709,0
01ebfa5128f946de,BAC_1,D,C|R|I,0.473,6.06,6.14,6.75,-1,0.724,0.308,0.702,0.513,0
7d40193066fb4cfc,BAC_1,D,I|C|R,0.496,14.38,14.38,14.24,1,0.423,0.739,0.422,0.581,0
d939a6c729134125,BAC_1,G2,C|I|E,0.527,10.21,9.35,9.58,1,0.599,0.441,0.159,0.454,1
645b156c3d4b4695,BAC_1,A,A|E|S,0.625,10.75,10.08,11.09,1,0.575,0.801,0.5,0.676,1
2f238a05e376441a,BAC_1,A,S|A|I,0.527,10.09,10.04,8.99,1,0.527,0.401,0.591,0.474,0
d8eb6b6a174e4549,BAC_1,D,C|S|I,0.618,10.63,9.69,8.92,1,0.576,0.356,0.591,0.468,1
675a88447aa144ac,BAC_1,A,A|S|C,0.469,11.91,11.66,10.54,1,0.446,0.78,0.301,0.591,1
7f366b746093492c,BAC_1,D,I|C|E,0.538,11.26,10.71,10.5,1,0.263,0.486,0.359,0.389,1
e645ec3adce747cd,BAC_1,D,S|R|I,0.541,13.68,12.5,14.36,1,0.6,0.696,0.785,0.676,1
998d9ac8827d4731,BAC_1,D,R|I|E,0.583,11.11,11.6,11.21,-1,0.481,0.96,0.419,0.711,0
8fc3548754374c52,BAC_1,F3,C|R|I,0.508,13.57,13.01,13.12,1,0.569,0.513,0.782,0.573,0
83f9ba7f2e674b30,BAC_1,A,A|I|E,0.56,9.86,10.01,9.96,-1,0.491,0.896,0.347,0.672,1
1e63c3362cf64864,BAC_1,A,S|A|I,0.499,12.43,12.1,11.0,1,0.516,0.772,0.622,0.66,1
b3b1a912dc3d4f1a,BAC_1,A,E|A|S,0.508,9.32,9.83,7.66,-1,0.561,0.559,0.434,0.541,0
d7140e40cb514638,BAC_1,A,S|A|I,0.377,8.5,7.58,7.41,1,0.443,0.748,0.443,0.596,1
4225d7fdfaff40a7,BAC_1,A,I|S|E,0.591,12.64,12.49,13.7,1,0.848,0.917,0.381,0.812,1
24ce87aeea814a5a,BAC_1,D,R|I|C,0.567,11.47,11.18,11.44,1,0.487,0.48,0.646,0.507,0
78ede85199044131,BAC_1,A,S|A|E,0.485,8.64,7.19,7.63,1,0.472,0.137,0.312,0.281,0
95a518e3af6c4f18,BAC_1,D,S|A|E,0.558,14.3,14.25,13.99,1,0.527,0.534,0.5,0.526,1
60a9e300fec147ea,BAC_1,A,S|I|E,0.564,9.99,10.37,9.49,-1,0.546,0.459,0.423,0.484,1
941e5c1f47e24f21,BAC_1,D,E|C|A,0.515,8.84,9.05,5.97,-1,0.423,0.182,0.553,0.322,0
e6ce7620aa0b4402,BAC_1,D,I|R|E,0.54,7.55,7.79,7.2,-1,0.437,0.342,0.58,0.411,0
fc1a59a847374a68,BAC_1,A,E|S|C,0.568,9.84,9.04,8.84,1,0.49,0.753,0.404,0.609,0
e267d04bf2a14220,BAC_1,D,C|A|E,0.519,11.15,11.12,8.65,1,0.492,0.482,0.478,0.485,0
c9c0a3d74dc94616,BAC_1,A,I|E|S,0.655,14.23,14.69,13.63,-1,0.703,0.432,0.578,0.549,1
42833633142f4be7,BAC_1,A,E|C|I,0.504,9.22,8.7,9.28,1,0.572,0.5,0.504,0.526,0
eec437adb91643d8,BAC_1,D,A|S|I,0.528,9.83,9.29,9.45,1,0.418,0.536,0.447,0.481,0
ad2b7254a70d405c,BAC_1,A,C|A|E,0.516,11.76,10.81,10.62,1,0.66,0.99,0.649,0.823,0
31ad8f99c124403c,BAC_1,A,S|A|C,0.447,11.8,12.28,10.38,-1,0.353,0.136,0.459,0.26,1
d1be41557da04dab,BAC_1,A,A|S|I,0.399,10.89,10.96,10.54,-1,0.562,0.919,0.731,0.766,1
afe96c0a7c5c4e46,BAC_1,D,S|I|C,0.554,12.47,11.59,12.33,1,0.661,0.125,0.637,0.39,0
23259b79ca7f4774,BAC_1,T1,I|R|E,0.466,12.1,12.55,12.72,-1,0.353,0.923,0.716,0.692,1
cab795bc98194ef6,BAC_1,D,I|R|E,0.611,7.77,8.51,8.12,-1,0.37,0.579,0.171,0.444,0
b11c14c971264fc0,BAC_1,G3,I|C|E,0.57,13.29,11.88,12.73,1,0.622,0.643,0.1,0.554,1
78406bce3d894f81,BAC_1,D,S|I|A,0.483,13.63,13.8,13.71,-1,0.579,0.719,0.251,0.6,1
66742cc494bf4def,BAC_1,D,I|R|S,0.442,10.49,11.0,9.82,-1,0.389,0.719,0.672,0.596,0
789822bf643e4b6d,BAC_1,D,A|S|I,0.587,10.08,10.26,8.89,-1,0.581,0.537,0.223,0.505,0
349e5651374f4b0c,BAC_1,D,R|I|S,0.48,11.89,10.84,11.37,1,0.398,0.831,0.312,0.602,0
0b32d501ea9c44a3,BAC_1,D,R|I|E,0.56,8.23,8.02,6.65,1,0.599,0.235,0.7,0.432,1
6bb9d27902294cc4,BAC_1,D,C|A|I,0.636,15.01,14.91,15.43,1,0.561,0.894,0.481,0.715,1
3a4a0508223249ea,BAC_1,D,S|I|C,0.498,12.73,14.18,12.06,-1,0.505,0.881,0.805,0.738,1
b64793944c75491f,BAC_1,A,A|E|S,0.424,10.71,10.74,10.63,-1,0.555,0.468,0.296,0.473,1
007a61c5ba5f4137,BAC_1,D,R|I|E,0.436,9.14,9.15,7.99,-1,0.295,0.769,0.495,0.562,0
9bb7867310e8439d,BAC_1,D,R|I|S,0.527,8.18,7.83,8.24,1,0.584,0.6,0.583,0.592,1
fa35165e8cda4b57,BAC_1,D,I|R|C,0.546,8.49,7.61,8.19,1,0.445,0.608,0.239,0.496,0
9d5e308a7b934d8b,BAC_1,A,C|A|S,0.485,9.28,9.42,8.44,-1,0.364,0.672,0.641,0.559,1
971f3f0dd7554e26,BAC_1,T1,R|E|I,0.608,11.18,11.95,10.33,-1,0.637,0.99,0.433,0.783,0
8bb67ad2fec04e67,BAC_1,A,E|I|A,0.543,14.79,13.99,14.37,1,0.475,0.958,0.687,0.748,1
da12abc16cf5422e,BAC_1,F3,R|I|E,0.571,8.92,9.7,7.88,-1,0.563,0.816,0.721,0.713,0
59f72d1620704384,BAC_1,D,S|I|E,0.521,10.07,8.02,8.48,1,0.514,0.73,0.744,0.656,0
5178c84030a44980,BAC_1,A,S|A|C,0.584,11.47,9.91,13.4,1,0.566,0.81,0.659,0.702,1
c62b70bc2473482d,BAC_1,D,S|I|C,0.548,7.07,6.52,6.69,1,0.352,0.852,0.612,0.641,1
a42192179e1342d1,BAC_1,D,I|S|C,0.658,9.53,9.04,9.33,1,0.654,0.804,0.628,0.725,0
2b652ad594e64292,BAC_1,D,E|C|I,0.474,8.01,8.85,7.76,-1,0.233,0.379,0.388,0.329,0
04dfc8f20bdc4ed8,BAC_1,D,R|C|S,0.61,13.42,14.96,13.04,-1,0.742,0.571,0.239,0.581,1
1fae62ac2d6643de,BAC_1,A,S|I|A,0.579,7.85,8.43,7.72,-1,0.579,0.981,0.343,0.745,0
20489bebfb124c52,BAC_1,A,C|S|I,0.593,10.72,10.38,9.44,1,0.613,0.983,0.777,0.822,0
268b09d13ec54bf2,BAC_1,D,R|I|E,0.493,13.94,14.02,13.39,-1,0.456,0.253,0.74,0.397,0
1fae0c4fe20e411e,BAC_1,A,A|S|C,0.422,12.03,13.04,11.84,-1,0.319,0.99,0.829,0.731,1
55b14f2b089b4deb,BAC_1,D,I|S|R,0.491,10.51,9.72,10.0,1,0.439,0.747,0.478,0.599,0
70abab2651fd4c29,BAC_1,A,C|S|E,0.496,8.66,9.08,7.84,-1,0.535,0.99,0.54,0.763,1
04f4e06644074978,BAC_1,A,A|S|C,0.446,10.2,9.31,9.35,1,0.546,0.381,0.733,0.491,0
0a39c7f322e9422a,BAC_1,D,S|A|C,0.548,10.72,10.4,8.99,1,0.648,0.635,0.466,0.614,0
7fe6424aba074c32,BAC_1,A,A|I|R,0.5,10.9,9.02,9.31,1,0.465,0.678,0.492,0.575,1
ff15e0e9ab6445b3,BAC_1,A,C|A|R,0.526,10.86,10.25,10.16,1,0.614,0.388,0.161,0.433,1
81f40847b7a84b30,BAC_1,A,A|I|S,0.376,10.32,9.17,9.94,1,0.458,0.509,0.728,0.524,1
e4347e2cf2b44248,BAC_1,D,A|E|S,0.475,9.27,9.18,10.93,1,0.462,0.822,0.568,0.658,0
05a106f3d02f496c,BAC_1,A,S|I|A,0.429,12.59,13.31,12.14,-1,0.661,0.494,0.698,0.583,0
7025451b8441436d,BAC_1,A,A|C|I,0.474,9.8,9.08,9.65,1,0.302,0.283,0.627,0.341,1
8f8fdd837642483c,BAC_1,A,A|R|S,0.43,13.91,13.95,13.26,-1,0.568,0.733,0.654,0.663,1
a1a5cf1ed9f64b69,BAC_1,A,A|E|S,0.433,8.01,8.18,7.9,-1,0.473,0.696,0.541,0.595,0
549c222acbd04bc9,BAC_1,A,A|I|E,0.385,13.03,13.47,12.13,-1,0.452,0.565,0.1,0.456,0
a9a7cabed324450a,BAC_1,A,A|S|E,0.481,12.04,11.32,10.27,1,0.361,0.826,0.275,0.581,0
0f272a9b0aa4420e,BAC_1,A,I|A|C,0.492,9.89,10.28,10.26,-1,0.422,0.809,0.749,0.665,0
883a32920a764b1b,BAC_1,D,S|A|I,0.498,8.54,7.31,7.97,1,0.463,0.252,0.641,0.384,0
463360bc5d7249b2,BAC_1,D,A|S|C,0.5,11.51,12.52,10.1,-1,0.356,0.802,0.49,0.599,1
5f72b448946b4b43,BAC_1,D,S|A|I,0.393,10.66,10.65,8.56,1,0.57,0.463,0.41,0.493,1
cbf69b98a4d94ca5,BAC_1,D,R|I|C,0.579,11.06,10.29,12.04,1,0.63,0.209,0.62,0.418,0
7615f9b1a8734081,BAC_1,D,C|E|S,0.446,8.62,8.02,8.7,1,0.437,0.28,0.672,0.394,0
16bdc4dd73ed4b37,BAC_1,A,A|I|S,0.64,13.94,12.07,13.37,1,0.513,0.99,0.325,0.723,1
a8d47440984b4e60,BAC_1,C,S|C|A,0.511,11.82,11.38,11.41,1,0.589,0.908,0.459,0.729,1
b587129fb76e4012,BAC_1,G2,E|A|C,0.445,9.11,7.21,9.13,1,0.522,0.496,0.676,0.532,0
cfb8726fc97d4faf,BAC_1,D,I|E|C,0.528,16.22,17.24,14.78,-1,0.459,0.444,0.33,0.432,1
61849eb9a1634896,BAC_1,A,A|E|C,0.502,8.92,9.09,8.16,-1,0.443,0.789,0.575,0.636,1
e3f191532ee6434e,BAC_1,A,A|I|E,0.642,6.17,4.64,6.38,1,0.46,0.874,0.362,0.652,0
4878aa5635dd4426,BAC_1,A,A|C|S,0.331,8.23,9.1,8.67,-1,0.359,0.891,0.51,0.648,0
a6e671f4a9084b4b,BAC_1,D,A|S|I,0.549,9.43,8.9,9.31,1,0.689,0.616,0.408,0.61,0
09e8b28134994a7b,BAC_1,A,S|I|C,0.588,11.13,11.49,9.27,-1,0.543,0.84,0.365,0.665,1
e755564282c642c6,BAC_1,D,I|A|S,0.441,10.53,9.65,9.29,1,0.46,0.312,0.356,0.37,0
07b6bfb6a7b641bd,BAC_1,D,I|C|R,0.554,6.92,5.84,5.08,1,0.646,0.99,0.174,0.747,1
9cdbe18b18844fe0,BAC_1,D,I|C|R,0.537,14.21,13.46,13.53,1,0.546,0.906,0.492,0.718,1
bad642084c1d400a,BAC_1,D,R|A|S,0.463,11.25,10.35,10.79,1,0.415,0.864,0.413,0.639,0
0fac18183c08485b,BAC_1,A,S|I|A,0.596,11.08,10.4,10.6,1,0.64,0.73,0.57,0.674,1
89058117e70a443f,BAC_1,A,A|S|E,0.529,13.29,12.69,12.44,1,0.695,0.728,0.68,0.709,1
b9789538215e48a9,BAC_1,A,C|E|I,0.564,10.88,11.89,10.89,-1,0.72,0.956,0.376,0.787,1
f95825922a394375,BAC_1,D,R|C|E,0.595,12.56,13.4,11.96,-1,0.532,0.782,0.383,0.635,1
70a5f022f97a4fa9,BAC_1,A,A|I|S,0.467,10.13,10.24,8.78,-1,0.676,0.405,0.593,0.528,1
9a6c2fed0af94fde,BAC_1,A,S|I|A,0.523,11.39,11.43,9.99,-1,0.365,0.903,0.593,0.668,1
aa6a922b8d704abe,BAC_1,D,R|C|E,0.507,6.65,6.76,6.17,-1,0.498,0.672,0.551,0.593,0
73a52a65b0dc409a,BAC_1,D,S|R|I,0.513,9.49,8.85,7.34,1,0.439,0.724,0.475,0.587,1
a718bcf9991b4736,BAC_1,D,C|E|I,0.542,10.57,9.56,9.59,1,0.608,0.799,0.54,0.694,0
afb20eb9bd644db9,BAC_1,D,S|C|I,0.52,11.75,10.8,10.79,1,0.322,0.716,0.571,0.556,0
ef246d17a9f94a87,BAC_1,D,S|A|I,0.497,7.78,7.29,7.57,1,0.395,0.851,0.733,0.674,0
67be25a6dc524523,BAC_1,A,A|S|E,0.613,12.11,11.38,11.21,1,0.504,0.793,0.624,0.666,0
90fa797b9c4b4346,BAC_1,D,S|A|E,0.46,11.65,11.95,11.06,-1,0.405,0.331,0.442,0.374,0
8e563c8463a84242,BAC_1,G3,S|E|A,0.536,10.94,10.47,10.85,1,0.478,0.393,0.1,0.378,1
4262c506d1a44597,BAC_1,A,S|A|E,0.54,9.39,9.31,9.14,1,0.502,0.808,0.684,0.682,1
4335df08f2e6412d,BAC_1,A,S|A|E,0.471,14.18,14.16,13.7,1,0.403,0.694,0.622,0.582,1
5b7aa282a94f4137,BAC_1,A,A|I|S,0.527,8.32,7.75,7.51,1,0.543,0.602,0.42,0.554,0
7a4ccfab5634445a,BAC_1,A,A|C|S,0.559,11.04,10.89,10.19,1,0.487,0.787,0.733,0.674,0
832c15e4adc64690,BAC_1,A,S|E|A,0.463,11.59,12.32,11.8,-1,0.432,0.924,0.297,0.658,0
b032122cec394180,BAC_1,C,E|C|S,0.651,14.91,15.52,14.16,-1,0.665,0.99,0.679,0.83,1
2d855b458b4e4d89,BAC_1,D,R|E|I,0.454,9.61,9.74,10.9,-1,0.458,0.367,0.309,0.39,1
adee00bcc9cc4859,BAC_1,A,S|C|E,0.447,12.93,12.07,10.53,1,0.322,0.413,0.515,0.396,1
cdd9d14f274c4285,BAC_1,A,A|S|E,0.431,11.63,10.9,11.65,1,0.555,0.712,0.273,0.591,0
673fef157cea4a08,BAC_1,D,R|S|C,0.579,14.1,12.41,14.76,1,0.674,0.433,0.19,0.481,1
c358dfc4244a4e28,BAC_1,A,A|I|R,0.524,13.09,14.35,14.63,-1,0.51,0.861,0.515,0.686,0
2adb9701d32d47c6,BAC_1,D,C|E|I,0.57,13.12,13.08,12.23,1,0.592,0.555,0.655,0.583,0
979186b9b5c54f46,BAC_1,E,R|I|S,0.498,8.88,8.66,7.41,1,0.356,0.864,0.291,0.6,0
842978cd345243ba,BAC_1,D,R|C|S,0.561,9.6,9.56,8.52,1,0.58,0.729,0.218,0.6,1
2c6fc614226f45e3,BAC_1,D,S|A|I,0.491,8.75,9.6,7.64,-1,0.621,0.247,0.436,0.406,0
2eace83c166d4c56,BAC_1,A,S|A|I,0.479,10.42,10.8,9.28,-1,0.53,0.691,0.1,0.546,1
cc95182034ed48a3,BAC_1,D,S|A|E,0.626,11.58,11.63,10.76,-1,0.567,0.537,0.615,0.559,0
802e8ec9083d437b,BAC_1,D,S|C|R,0.491,10.73,11.61,10.84,-1,0.543,0.443,0.543,0.493,1
e725a051880d4594,BAC_1,G2,C|E|S,0.461,9.37,9.68,8.77,-1,0.414,0.935,0.528,0.691,0
89597cd5ce884685,BAC_1,A,A|S|I,0.571,10.49,10.39,10.01,1,0.582,0.406,0.291,0.451,1
19bc54e136474edb,BAC_1,D,E|R|A,0.47,10.2,9.86,9.25,1,0.445,0.459,0.725,0.494,0
31cc46cf773e46a1,BAC_1,A,A|C|S,0.426,10.34,10.39,9.69,-1,0.416,0.468,0.134,0.4,0
fdfe77b59ca041d6,BAC_1,D,S|I|A,0.449,13.05,11.91,12.26,1,0.487,0.823,0.647,0.679,1
65aeeafd0f134e32,BAC_1,G2,E|C|I,0.528,10.5,8.63,8.7,1,0.542,0.602,0.508,0.567,1
35a2896cdd3449db,BAC_1,G1,C|E|S,0.618,10.74,10.64,10.27,1,0.593,0.689,0.633,0.647,0
72859a8f7b80408e,BAC_1,A,E|I|S,0.485,10.82,10.83,10.07,-1,0.506,0.878,0.677,0.718,0
cdeffdb4adcf4ab2,BAC_1,A,S|E|I,0.494,12.86,12.4,12.57,1,0.545,0.7,0.405,0.601,1
131125ef365c41c3,BAC_1,D,S|E|A,0.479,6.1,6.48,4.85,-1,0.427,0.706,0.354,0.555,1
188fdf47be0b4265,BAC_1,A,C|S|A,0.364,6.62,7.76,6.08,-1,0.512,0.776,0.812,0.689,1
8005941a7cab4925,BAC_1,A,C|S|A,0.492,15.12,13.84,15.02,1,0.344,0.479,0.703,0.465,0
847492eafa794e8d,BAC_1,D,E|I|R,0.44,6.09,5.27,5.4,1,0.47,0.882,0.385,0.663,0
d1bb4bc8bdd84dbe,BAC_1,D,I|S|C,0.482,12.03,12.63,11.46,-1,0.485,0.274,0.347,0.359,1
4d3aa22a458349c9,BAC_1,D,I|A|R,0.569,11.28,11.29,10.74,-1,0.517,0.713,0.58,0.625,0
39d0b5554e194135,BAC_1,D,C|I|A,0.533,8.15,6.12,6.71,1,0.712,0.175,0.201,0.367,0
9b624e6596674c0b,BAC_1,A,E|C|R,0.561,10.39,10.4,9.84,-1,0.414,0.567,0.409,0.49,1
58e4a81456424cbd,BAC_1,A,C|E|A,0.515,12.55,11.33,12.85,1,0.382,0.376,0.357,0.375,1
0b83d5d6bee34c4f,BAC_1,A,E|I|C,0.582,8.79,8.05,7.27,1,0.522,0.411,0.607,0.479,1
9794b2be73a14ea1,BAC_1,A,S|I|E,0.368,9.13,7.36,8.92,1,0.216,0.879,0.456,0.584,1
b067cd33c2a646ff,BAC_1,A,E|A|S,0.523,11.14,10.96,11.5,1,0.549,0.85,0.61,0.709,1
1951d79e6c334c93,BAC_1,D,A|S|E,0.508,9.58,9.11,9.57,1,0.496,0.668,0.72,0.616,0
d2c0c984b8424cac,BAC_1,D,S|A|C,0.503,10.79,10.06,9.17,1,0.305,0.384,0.478,0.37,1
a4d4cf76fd7d4d2e,BAC_1,D,R|E|I,0.519,10.48,8.84,9.46,1,0.609,0.652,0.424,0.603,0
0996a2729fa14672,BAC_1,D,S|C|A,0.457,12.5,11.55,11.91,1,0.5,0.704,0.436,0.592,1
8ef697021ccc47b2,BAC_1,A,A|C|S,0.543,11.8,11.21,10.42,1,0.664,0.712,0.386,0.647,0
1b13d69a5a4d4ba5,BAC_1,C,E|I|C,0.535,9.89,9.42,7.84,1,0.599,0.99,0.48,0.777,1
8e3661a5ed39425d,BAC_1,D,S|I|C,0.453,10.64,9.34,10.42,1,0.399,0.272,0.445,0.342,0
cf197d5b9b7445d6,BAC_1,D,S|E|A,0.493,8.97,8.68,7.66,1,0.501,0.818,0.499,0.659,0
e7a4db21eac945c8,BAC_1,D,S|R|A,0.573,9.08,8.49,7.93,1,0.613,0.824,0.655,0.725,1
d039cf8316744680,BAC_1,A,I|C|S,0.562,10.99,10.92,10.35,1,0.566,0.713,0.627,0.649,1
ee39be39e3774622,BAC_1,F4,I|A|C,0.528,9.86,10.01,9.83,-1,0.483,0.338,0.507,0.414,1
d0d0e55fafc340f2,BAC_1,A,E|I|C,0.486,10.37,10.13,9.31,1,0.608,0.634,0.805,0.651,0
eb693ae234c74bb4,BAC_1,A,A|E|S,0.485,6.83,7.08,6.13,-1,0.46,0.429,0.4,0.435,0
1651d22f76414a8a,BAC_1,A,A|I|E,0.524,10.05,10.24,8.63,-1,0.469,0.639,0.646,0.58,0
65401a9716214352,BAC_1,A,A|I|C,0.499,10.64,11.01,11.07,-1,0.387,0.135,0.729,0.313,0
165f5da6118347c4,BAC_1,D,C|I|E,0.569,10.39,10.95,9.78,-1,0.665,0.734,0.319,0.648,1
a59feb2a3ab640b9,BAC_1,A,A|I|S,0.508,10.84,10.11,10.17,1,0.641,0.99,0.842,0.846,0
a9f78144db824a98,BAC_1,D,E|C|S,0.648,12.63,12.44,12.49,1,0.65,0.844,0.612,0.741,1
b7e262cad6464e19,BAC_1,D,C|I|E,0.554,14.51,14.21,14.32,1,0.429,0.761,0.324,0.579,1
3d8b51b549c74481,BAC_1,D,S|C|I,0.54,10.76,10.6,12.77,1,0.541,0.53,0.375,0.51,0
d961cf2f33f4478e,BAC_1,A,A|E|R,0.413,10.41,10.24,9.95,1,0.615,0.773,0.376,0.658,1
e95d3cbddaba4bea,BAC_1,A,S|A|I,0.436,9.25,8.33,7.96,1,0.489,0.859,0.449,0.668,1
2df8682a37b5409a,BAC_1,A,S|E|C,0.504,9.15,8.36,7.78,1,0.509,0.637,0.308,0.543,0
8e8fb8bd0f4f4ad5,BAC_1,D,I|S|C,0.416,11.17,10.31,10.24,1,0.431,0.726,0.508,0.59,1
11309bf8876b4a4f,BAC_1,A,S|R|A,0.556,11.79,12.2,11.12,-1,0.782,0.86,0.452,0.771,1
9f858a0365504bfa,BAC_1,A,S|A|C,0.459,10.15,9.18,7.34,1,0.393,0.647,0.24,0.497,1
fd04245d0aff4315,BAC_1,D,I|R|C,0.551,8.71,8.48,7.06,1,0.58,0.257,0.811,0.453,0
e7b9d829045d45f6,BAC_1,A,S|A|I,0.558,8.76,8.83,7.47,-1,0.47,0.474,0.607,0.493,1
7111555c0e9044e7,BAC_1,C,I|R|C,0.469,10.75,11.88,7.89,-1,0.423,0.721,0.655,0.607,1
94961d44ec184ac7,BAC_1,A,S|A|I,0.45,13.93,12.64,13.71,1,0.585,0.99,0.363,0.754,1
bffa73301d2640b8,BAC_1,A,E|C|A,0.546,5.49,4.15,3.63,1,0.359,0.987,0.445,0.686,0
4e42b0d5630c46d2,BAC_1,A,S|A|E,0.51,8.18,7.81,7.7,1,0.405,0.662,0.228,0.507,1
dcddf799662b487d,BAC_1,D,R|I|C,0.54,7.53,7.49,7.23,1,0.508,0.28,0.62,0.411,0
f2bbdd044a114bff,BAC_1,A,A|S|C,0.506,9.91,9.64,9.63,1,0.381,0.779,0.67,0.623,0
c4099fce30354fc9,BAC_1,A,A|C|S,0.609,7.8,6.02,7.21,1,0.662,0.86,0.526,0.741,1
bebb447e9c7147ce,BAC_1,G3,E|C|I,0.446,10.75,9.47,9.76,1,0.358,0.509,0.253,0.418,0
29234885021841bf,BAC_1,D,S|E|A,0.428,11.05,10.02,10.23,1,0.226,0.46,0.559,0.393,0
21554905b3d24c6f,BAC_1,F2,I|C|R,0.479,10.65,10.89,11.42,-1,0.512,0.482,0.38,0.477,0
83a818a4be844bb8,BAC_1,A,I|A|S,0.484,11.34,10.23,9.82,1,0.518,0.957,0.758,0.773,0
36984d72f6d64b2d,BAC_1,D,C|S|E,0.594,12.22,11.49,11.53,1,0.634,0.831,0.631,0.732,0
422ea36b16814980,BAC_1,A,S|E|C,0.605,14.0,14.63,12.99,-1,0.637,0.567,0.185,0.534,1
b9055dcd7e3a44ce,BAC_1,G3,C|E|I,0.485,11.6,10.55,9.97,1,0.485,0.705,0.535,0.602,0
d0cee12fa5684197,BAC_1,A,S|I|C,0.551,8.28,7.81,8.82,1,0.62,0.692,0.718,0.671,1
fe55a7ce58874d92,BAC_1,D,E|C|A,0.46,12.64,10.94,12.26,1,0.607,0.468,0.529,0.526,0
dac09358dfbe44ee,BAC_1,D,A|C|I,0.421,13.54,13.93,11.99,-1,0.607,0.409,0.569,0.502,0
9a60d92a86204503,BAC_1,A,S|A|E,0.547,11.91,11.81,11.79,1,0.623,0.524,0.57,0.566,0
e0220a9b57864374,BAC_1,A,A|E|S,0.515,13.4,11.92,11.4,1,0.538,0.526,0.376,0.508,1
f20bc25fa58a4210,BAC_1,A,A|C|R,0.569,7.83,7.03,6.89,1,0.566,0.533,0.558,0.548,0
c705a950eb094dcd,BAC_1,A,S|C|A,0.47,8.63,8.46,7.35,1,0.564,0.99,0.311,0.739,0
883d7af25bb84e06,BAC_1,C,S|C|R,0.473,11.89,10.96,11.38,1,0.509,0.99,0.759,0.787,1
196eb2611e6040d6,BAC_1,D,E|I|S,0.596,8.28,8.46,7.53,-1,0.593,0.681,0.224,0.582,0
89bccea5aa654e83,BAC_1,D,R|I|C,0.578,10.07,9.27,9.47,1,0.696,0.763,0.678,0.727,1
e0ad43e882714dc1,BAC_1,A,E|A|S,0.46,11.25,9.57,10.23,1,0.595,0.438,0.241,0.463,0
43c7dd94450044da,BAC_1,D,E|I|C,0.453,9.38,9.25,9.11,1,0.467,0.775,0.298,0.596,1
a6766bc4742c4681,BAC_1,D,E|C|S,0.579,9.82,9.0,8.34,1,0.692,0.932,0.432,0.773,1
747160861789470c,BAC_1,A,A|S|I,0.51,10.02,10.74,9.88,-1,0.448,0.99,0.3,0.697,0
e6dc86cbf9734877,BAC_1,D,R|I|S,0.479,10.78,9.29,9.46,1,0.51,0.764,0.673,0.662,1
e71adc9ad2974475,BAC_1,A,C|A|S,0.434,11.52,10.71,10.98,1,0.479,0.813,0.409,0.636,1
7bc50482ad414b07,BAC_1,D,S|R|A,0.609,7.51,6.88,7.03,1,0.544,0.453,0.538,0.498,0
f91d938c8d784b65,BAC_1,F3,E|R|C,0.568,7.83,6.86,7.85,1,0.746,0.388,0.484,0.528,0
57c2f8952c744e63,BAC_1,A,A|S|C,0.56,8.82,8.81,7.61,1,0.65,0.748,0.745,0.713,1
2034d5df5f424c54,BAC_1,A,I|S|A,0.439,9.68,8.96,9.38,1,0.637,0.964,0.65,0.802,1
0ad3890354a94914,BAC_1,A,E|C|I,0.584,11.49,10.58,11.35,1,0.675,0.739,0.352,0.659,0
c7e952a51b324301,BAC_1,D,S|I|A,0.575,9.81,8.71,9.08,1,0.758,0.582,0.338,0.607,0
a30872a5b9294e71,BAC_1,D,S|E|A,0.485,11.28,10.88,8.73,1,0.585,0.586,0.383,0.555,1
7d3d91afc5c542c6,BAC_1,A,E|A|S,0.54,10.3,10.62,10.07,-1,0.513,0.99,0.451,0.742,1
34e6f0b46f254319,BAC_1,D,I|C|S,0.479,10.67,10.23,10.22,1,0.452,0.677,0.444,0.563,0
3ddf0df300c845e9,BAC_1,D,C|I|E,0.539,10.01,9.52,7.8,1,0.541,0.982,0.36,0.734,0
8dda745c39ba42d9,BAC_1,D,E|C|S,0.512,10.52,9.83,10.26,1,0.59,0.652,0.502,0.608,0
d942dad9f51f4577,BAC_1,A,A|E|C,0.417,10.23,10.32,9.3,-1,0.48,0.873,0.707,0.71,1
513bef072d504744,BAC_1,D,C|R|I,0.515,7.24,7.68,5.47,-1,0.587,0.538,0.556,0.558,1
263216aa90704e38,BAC_1,F4,R|I|E,0.349,13.66,12.37,13.01,1,0.404,0.711,0.769,0.612,1
41b74414367e45bf,BAC_1,D,I|A|S,0.468,13.09,13.22,11.94,-1,0.328,0.646,0.638,0.534,1
3a1d04f179224392,BAC_1,D,A|I|E,0.559,10.54,9.95,11.11,1,0.657,0.1,0.548,0.362,0
3a6fc9ecbc384738,BAC_1,D,R|S|A,0.39,11.76,12.77,10.99,-1,0.408,0.582,0.481,0.506,0
4f94b170c5d34cbe,BAC_1,D,C|E|S,0.656,12.75,14.24,10.96,-1,0.7,0.872,0.394,0.74,1
b0d7dfa2553f4c6c,BAC_1,A,S|I|E,0.529,7.04,5.98,7.48,1,0.551,0.905,0.54,0.726,0
b2c3cf53699345e4,BAC_1,A,E|S|C,0.63,5.86,3.43,6.15,1,0.675,0.69,0.496,0.656,0
ce2b9aed5113449d,BAC_1,D,R|C|E,0.598,13.19,10.72,13.01,1,0.445,0.259,0.549,0.367,0
55fe012ee34c43d2,BAC_1,D,R|S|I,0.435,13.8,12.78,12.82,1,0.351,0.385,0.319,0.363,0
613819137aad443b,BAC_1,D,S|E|A,0.585,11.73,10.64,11.16,1,0.532,0.792,0.661,0.682,1
0d25a058510c4736,BAC_1,A,S|C|I,0.533,10.92,10.55,10.2,1,0.67,0.825,0.669,0.748,1
cf52cc0998f84169,BAC_1,D,R|C|S,0.453,14.11,14.31,12.93,-1,0.51,0.53,0.933,0.584,0
aef413d172b84ffe,BAC_1,A,S|A|C,0.457,8.47,7.93,8.85,1,0.457,0.883,0.448,0.669,1
d81da98014544d1f,BAC_1,A,R|I|S,0.567,10.73,9.8,10.27,1,0.6,0.99,0.559,0.789,0
a7026808925a4c70,BAC_1,A,S|C|E,0.64,8.74,9.11,7.72,-1,0.646,0.447,0.219,0.482,1
51716e1079e74677,BAC_1,D,S|I|E,0.384,11.72,10.54,11.2,1,0.259,0.441,0.378,0.368,0
569fdb6afe014088,BAC_1,A,S|I|E,0.58,12.27,11.38,12.14,1,0.597,0.775,0.312,0.643,0
43e278a7ba844b2a,BAC_1,A,S|I|C,0.528,9.64,9.55,9.25,1,0.555,0.913,0.763,0.765,1
5a21d252097c4503,BAC_1,D,C|I|A,0.458,13.89,13.73,13.28,1,0.636,0.43,0.561,0.522,1
ea94638bcde344d5,BAC_1,A,A|S|E,0.506,9.95,9.39,8.24,1,0.607,0.747,0.174,0.612,1
a3e9714938b14fad,BAC_1,D,A|E|I,0.56,10.38,10.54,9.66,-1,0.671,0.805,0.448,0.705,1
29d53795f4f344b3,BAC_1,A,S|E|A,0.543,5.16,6.47,6.42,-1,0.781,0.741,0.569,0.73,0
03fec239596c4a67,BAC_1,D,E|C|I,0.604,13.19,13.39,13.45,-1,0.595,0.548,0.374,0.538,1
55a2251a425f4bd8,BAC_1,A,I|C|E,0.406,9.89,9.74,11.05,1,0.403,0.593,0.291,0.481,0
f94914f049c0483e,BAC_1,F3,E|I|R,0.613,11.04,10.64,10.48,1,0.768,0.935,0.808,0.858,1
2ca2bb25d3074d4c,BAC_1,D,E|S|I,0.517,12.25,12.5,11.76,-1,0.517,0.384,0.367,0.428,1
fef0afa0535b4f33,BAC_1,A,C|A|S,0.507,6.61,6.79,5.27,-1,0.685,0.462,0.589,0.559,0
f7f6ce542a3d4821,BAC_1,A,A|S|I,0.499,10.4,10.42,9.38,-1,0.523,0.577,0.567,0.556,1
52354f4d0c544150,BAC_1,B,C|I|E,0.504,5.31,4.78,5.25,1,0.592,0.726,0.341,0.621,0
79a8f43ec6a6406e,BAC_1,D,C|I|S,0.496,10.53,9.9,9.86,1,0.68,0.653,0.634,0.66,0
43eb05afbad74439,BAC_1,A,E|C|A,0.636,10.57,9.59,10.79,1,0.521,0.656,0.733,0.62,0
e8693e01324142ee,BAC_1,G2,E|C|A,0.508,12.87,13.02,12.6,-1,0.52,0.581,0.359,0.526,0
e22aeb852b844499,BAC_1,D,S|C|I,0.43,11.35,10.94,12.28,1,0.415,0.343,0.366,0.371,0
ed33d84b8b7d408c,BAC_1,D,C|S|E,0.547,9.74,9.35,9.85,1,0.612,0.694,0.439,0.627,1
31bc1c5763eb40f1,BAC_1,A,R|S|A,0.519,12.11,13.32,10.67,-1,0.329,0.549,0.407,0.45,0
8f6ba77ef819403a,BAC_1,D,I|C|R,0.459,9.15,8.8,8.8,1,0.534,0.605,0.546,0.571,0
dc8e3ab0e5e842f0,BAC_1,D,S|C|I,0.515,12.16,11.24,11.32,1,0.565,0.61,0.7,0.608,1
d838dfa369384472,BAC_1,D,S|C|E,0.52,9.66,10.32,8.74,-1,0.74,0.188,0.4,0.413,1
fccf05c33b584843,BAC_1,A,A|E|R,0.507,9.3,9.76,7.27,-1,0.555,0.789,0.406,0.65,0
b129397c321d4543,BAC_1,A,A|E|S,0.498,7.29,8.28,5.99,-1,0.497,0.378,0.522,0.442,1
b7cd7802e506456c,BAC_1,D,I|R|S,0.488,8.23,8.02,8.67,1,0.438,0.38,0.676,0.445,0
30b63590a5a04f54,BAC_1,D,R|I|C,0.549,9.43,8.8,7.56,1,0.603,0.387,0.47,0.475,0
5e4921c0e5d7414f,BAC_1,A,S|A|C,0.524,7.87,7.83,7.7,1,0.656,0.968,0.753,0.826,1
d791856f99cf46d7,BAC_1,A,I|E|R,0.482,13.21,12.28,10.67,1,0.583,0.711,0.715,0.667,0
49a6a818ec0c4681,BAC_1,D,C|S|I,0.588,8.23,6.97,7.85,1,0.629,0.344,0.324,0.441,0
4d86760870f849b7,BAC_1,A,E|A|C,0.766,10.98,10.04,10.55,1,0.792,0.584,0.45,0.637,0
a252cb8ffb3444ce,BAC_1,A,A|S|I,0.451,7.62,7.84,6.72,-1,0.6,0.725,0.437,0.638,1
733d11739aa0432f,BAC_1,A,A|I|S,0.564,7.71,8.01,8.3,-1,0.625,0.831,0.24,0.67,1
e9210e0a6ca04d5d,BAC_1,D,I|C|E,0.536,12.38,11.38,10.9,1,0.449,0.9,0.446,0.674,1
c32176b3bd814ea2,BAC_1,D,R|I|C,0.603,11.14,11.43,9.86,-1,0.63,0.809,0.561,0.709,1
2b30fca8c30d4d3e,BAC_1,A,S|A|I,0.47,9.25,8.82,8.23,1,0.324,0.256,0.111,0.258,0
3ed6deac23824550,BAC_1,A,I|S|C,0.339,8.05,7.0,9.11,1,0.344,0.818,0.608,0.621,1
d87781fbd49e439a,BAC_1,D,I|S|E,0.49,10.3,10.35,9.54,-1,0.577,0.41,0.323,0.455,0
14c3917addb3491c,BAC_1,D,S|C|I,0.597,14.11,12.57,12.97,1,0.549,0.225,0.501,0.38,0
545486be43f14769,BAC_1,D,E|S|C,0.454,12.57,11.98,12.11,1,0.465,0.222,0.546,0.355,1
2484db435b99423e,BAC_1,A,A|S|I,0.424,12.12,11.26,10.35,1,0.359,0.892,0.363,0.626,1
4d806b78d91e4be1,BAC_1,D,I|C|E,0.524,9.02,10.22,7.41,-1,0.494,0.633,0.119,0.507,1
aa8c1c50779b4686,BAC_1,A,A|S|E,0.452,8.9,8.26,9.05,1,0.355,0.889,0.603,0.659,1
7346c6713230415c,BAC_1,D,S|I|A,0.554,8.24,8.54,7.59,-1,0.683,0.714,0.705,0.702,1
041f2c01fd11469f,BAC_1,A,A|E|C,0.495,12.94,12.9,12.82,1,0.514,0.99,0.646,0.772,1
7c071174e03b499a,BAC_1,A,A|I|E,0.541,6.66,6.76,6.65,-1,0.502,0.99,0.43,0.735,0
8db6774e3587479e,BAC_1,D,S|I|C,0.483,10.17,10.23,10.22,-1,0.381,0.618,0.23,0.477,0
72822f28e2544b62,BAC_1,D,S|I|A,0.553,10.05,9.75,11.39,1,0.615,0.709,0.443,0.636,1
98249144d11a4511,BAC_1,A,S|R|A,0.666,12.2,11.59,11.26,1,0.486,0.939,0.65,0.737,0
01345ecd0f184135,BAC_1,A,A|S|I,0.616,11.25,10.84,9.71,1,0.633,0.75,0.512,0.674,1
f6d2d452863c4715,BAC_1,B,A|S|I,0.417,8.5,8.42,8.19,1,0.416,0.826,0.846,0.685,0
84000d52a8374946,BAC_1,D,I|S|C,0.498,7.34,6.63,7.05,1,0.502,0.623,0.422,0.55,0
290c074596c247e8,BAC_1,A,S|C|I,0.407,9.4,8.44,8.94,1,0.409,0.863,0.7,0.68,1
36735e8de1cf4899,BAC_1,A,A|S|E,0.459,15.03,14.4,13.83,1,0.411,0.99,0.325,0.688,1
99b6ffb28ca846f1,BAC_1,D,C|I|S,0.455,6.5,8.67,6.42,-1,0.402,0.411,0.54,0.427,0
7b1e4cfba92f4c1b,BAC_1,D,S|A|E,0.51,9.92,9.65,10.23,1,0.384,0.455,0.359,0.416,1
4d1aa7a6e7a6461f,BAC_1,F1,R|C|I,0.409,10.69,11.58,8.51,-1,0.386,0.933,0.348,0.654,0
f59ce77091884238,BAC_1,A,C|A|S,0.319,12.1,10.66,12.32,1,0.358,0.99,0.337,0.671,1
115213feea8b4164,BAC_1,A,A|C|S,0.577,5.73,5.59,3.96,1,0.508,0.827,0.42,0.654,0
ef9a5b376e9e4f75,BAC_1,D,S|C|A,0.579,10.05,11.2,10.75,-1,0.417,0.663,0.684,0.58,1
a1bd6bd9cd224b8d,BAC_1,D,C|I|R,0.429,14.6,13.65,14.2,1,0.458,0.503,0.57,0.497,1
aec1c654290f4aed,BAC_1,G3,E|I|S,0.533,11.88,10.33,13.31,1,0.305,0.734,0.466,0.544,1
74d835f733b74d9e,BAC_1,G3,C|E|A,0.547,10.8,10.56,9.29,1,0.407,0.803,0.675,0.645,1
8ba6beab6f2b4a72,BAC_1,G2,E|A|I,0.586,11.06,9.85,8.74,1,0.614,0.396,0.517,0.49,0
1b5ff858531d4faf,BAC_1,A,C|E|A,0.519,9.59,9.12,8.05,1,0.503,0.359,0.334,0.406,1
712dae8a0fcd4fd9,BAC_1,D,S|E|A,0.446,13.65,12.29,12.83,1,0.432,0.28,0.561,0.376,0
eef97a5531154ead,BAC_1,A,S|C|A,0.707,12.69,12.01,12.14,1,0.582,0.778,0.663,0.692,1
2a09ac4891624012,BAC_1,D,I|R|C,0.464,4.64,4.62,4.06,1,0.32,0.908,0.344,0.618,0
55ab3871ebca4b3b,BAC_1,A,S|I|C,0.552,10.2,9.57,9.93,1,0.458,0.99,0.794,0.775,1
b833ad1a3f69433c,BAC_1,E,R|E|I,0.552,10.2,10.86,8.42,-1,0.539,0.99,0.117,0.701,0
c146253b87dc402a,BAC_1,D,C|I|E,0.533,9.87,9.51,7.37,1,0.56,0.809,0.431,0.665,0
3e00c250dce44774,BAC_1,D,C|E|I,0.499,12.66,12.07,11.22,1,0.435,0.856,0.606,0.671,0
37c96309ef3840e2,BAC_1,A,S|A|I,0.553,11.33,11.14,11.54,1,0.6,0.99,0.524,0.784,0
3b5c028fa5e24bc9,BAC_1,A,A|I|S,0.496,10.44,9.25,9.1,1,0.487,0.458,0.515,0.477,0
0116e9cefcdd4616,BAC_1,D,I|E|R,0.66,11.82,11.42,13.16,1,0.585,0.631,0.585,0.608,1
704c8ad7078e4883,BAC_1,A,S|A|C,0.418,8.35,8.1,7.54,1,0.352,0.708,0.561,0.561,0
0fa28da68b8a4f4c,BAC_1,A,C|S|A,0.502,11.19,11.56,10.5,-1,0.536,0.562,0.598,0.559,0
a79440e5322043c6,BAC_1,A,S|C|E,0.512,9.66,8.61,7.81,1,0.628,0.792,0.463,0.685,1
0571aa522af0477f,BAC_1,D,I|R|C,0.579,12.35,11.55,12.68,1,0.648,0.494,0.386,0.532,0
eb959d909646499e,BAC_1,G1,E|C|S,0.566,11.38,9.76,10.17,1,0.508,0.856,0.66,0.705,0
ef861f8902894fae,BAC_1,D,I|C|S,0.55,12.89,12.2,14.46,1,0.631,0.41,0.1,0.441,0
45e0542fb12547c6,BAC_1,A,C|S|A,0.568,9.93,10.4,9.22,-1,0.403,0.436,0.429,0.424,1
a8f9b1dd1b9a4eda,BAC_1,D,C|E|I,0.512,9.36,9.35,8.1,1,0.602,0.256,0.152,0.362,0
f5b27d40795c4ee4,BAC_1,D,E|C|I,0.537,11.43,9.38,11.15,1,0.575,0.655,0.376,0.585,0
8764da80d24b4764,BAC_1,A,C|S|E,0.466,12.58,11.35,11.92,1,0.502,0.611,0.622,0.575,1
521786e97e274edf,BAC_1,A,A|I|S,0.505,8.64,8.2,9.16,1,0.469,0.549,0.383,0.496,0
1cd276515f7743e1,BAC_1,A,S|C|A,0.583,11.22,10.06,9.55,1,0.536,0.99,0.454,0.751,1
d8017ac70b5c4dc9,BAC_1,A,A|S|C,0.366,10.78,11.75,11.89,-1,0.382,0.559,0.695,0.517,0
c528a51701dd4184,BAC_1,A,C|E|A,0.692,8.94,7.94,10.33,1,0.628,0.628,0.456,0.602,0
f5b0046eadd842c3,BAC_1,A,A|S|I,0.431,10.66,10.28,9.75,1,0.468,0.754,0.305,0.587,1
064fac8f599e490e,BAC_1,A,C|E|I,0.601,9.77,9.68,10.51,1,0.619,0.679,0.359,0.61,0
e402ec9dedd84cd0,BAC_1,A,A|S|I,0.474,12.06,10.68,12.04,1,0.706,0.99,0.345,0.794,1
43b7538826f14b25,BAC_1,A,A|I|C,0.412,5.72,6.15,4.65,-1,0.582,0.485,0.1,0.461,1
6fde73cbd57d4846,BAC_1,A,S|E|C,0.555,7.16,5.82,5.26,1,0.539,0.759,0.595,0.658,0
92d2e62b3d464a3b,BAC_1,A,I|S|A,0.502,8.05,7.53,6.18,1,0.536,0.603,0.32,0.537,1
75cf3c324c404012,BAC_1,A,E|I|C,0.536,9.58,9.08,9.43,1,0.542,0.47,0.529,0.504,0
cc815c1b4aa0468b,BAC_1,D,I|S|R,0.557,10.78,9.83,7.79,1,0.573,0.706,0.565,0.638,1
e877c9b6c6d5496e,BAC_1,A,S|C|A,0.428,10.86,10.91,11.02,-1,0.422,0.931,0.595,0.703,0
09e99e8fdf9c4eda,BAC_1,D,I|R|A,0.577,8.33,8.36,8.91,-1,0.53,0.379,0.406,0.436,1
cfacccf37ec241e4,BAC_1,A,A|E|I,0.541,12.82,13.54,11.67,-1,0.301,0.497,0.445,0.421,1
055f7cbedb2640a5,BAC_1,A,E|I|C,0.487,8.75,8.78,10.02,-1,0.529,0.954,0.475,0.733,0
e8f6aa74732f49cf,BAC_1,T1,R|A|S,0.619,13.11,13.62,13.0,-1,0.559,0.785,0.449,0.656,1
d2a71441eb2e41d1,BAC_1,A,S|E|A,0.374,12.58,12.31,13.39,1,0.265,0.705,0.245,0.482,1
0c955bd58ea24789,BAC_1,A,S|A|E,0.473,11.39,11.49,12.27,-1,0.535,0.599,0.191,0.515,0
17475dbf1dcf465c,BAC_1,A,S|C|A,0.496,12.27,12.96,11.19,-1,0.49,0.601,0.806,0.593,1
befde5821378495b,BAC_1,A,E|C|A,0.595,13.82,12.04,11.85,1,0.623,0.846,0.644,0.738,1
e54696c78f0f4ade,BAC_1,A,I|S|A,0.531,7.88,6.58,6.87,1,0.463,0.976,0.385,0.708,1
6b5dbb7cdcc44d91,BAC_1,G3,C|E|I,0.499,10.9,10.61,12.09,1,0.524,0.573,0.94,0.611,1
26075187f7ee4801,BAC_1,A,R|S|C,0.584,12.08,11.86,10.88,1,0.603,0.816,0.83,0.744,1
e1c00a601dd142cc,BAC_1,D,I|C|R,0.534,9.8,9.11,10.48,1,0.618,0.38,0.55,0.489,0
ab5252d57d464ab6,BAC_1,A,I|A|S,0.486,11.26,9.94,9.83,1,0.505,0.547,0.588,0.538,0
21e84cb5926f4d37,BAC_1,G1,E|A|S,0.583,8.61,7.17,10.45,1,0.642,0.58,0.598,0.605,0
d28f4b03c3554945,BAC_1,G2,S|E|C,0.512,9.38,7.96,9.82,1,0.604,0.742,0.458,0.651,0
328b9fd5266649c3,BAC_1,E,C|I|E,0.49,11.0,10.81,11.54,1,0.338,0.865,0.417,0.613,1
6626e40d6cda4922,BAC_1,A,A|C|S,0.632,10.06,9.42,9.95,1,0.545,0.715,0.625,0.642,1
8616f1068af14ea7,BAC_1,A,A|I|E,0.548,12.61,12.37,12.79,1,0.479,0.99,0.301,0.708,1
1e07470e8aa84f6c,BAC_1,A,I|E|S,0.527,13.73,13.55,11.96,1,0.462,0.558,0.571,0.526,1
3271275b4daf4967,BAC_1,A,S|C|I,0.406,10.59,10.66,10.65,-1,0.515,0.346,0.478,0.425,0
cfde4130ced64f4d,BAC_1,A,S|A|I,0.466,10.84,11.87,8.82,-1,0.675,0.947,0.46,0.779,1
f6f5fb418d094e87,BAC_1,A,A|S|E,0.519,11.98,12.62,10.84,-1,0.667,0.672,0.331,0.619,1
049ab30024174bda,BAC_1,D,S|C|R,0.512,12.72,11.6,12.33,1,0.499,0.321,0.423,0.399,0
e02a64f4d0174309,BAC_1,D,E|S|I,0.613,10.69,9.31,10.3,1,0.511,0.988,0.824,0.797,1
13cf8800866b4af6,BAC_1,D,A|S|C,0.407,10.73,10.63,8.95,1,0.387,0.77,0.705,0.626,1
cfa9b0c26ac14a88,BAC_1,D,S|C|A,0.389,10.39,9.83,12.01,1,0.205,0.474,0.127,0.328,1
5d7d7cd6001d455e,BAC_1,G2,C|E|I,0.537,9.94,8.84,9.62,1,0.521,0.537,0.548,0.533,1
9310b18951a74e0d,BAC_1,A,S|C|I,0.511,10.83,11.83,9.42,-1,0.427,0.596,0.392,0.506,1
dc54e8714eea474a,BAC_1,C,I|R|A,0.553,10.39,9.23,10.94,1,0.389,0.99,0.367,0.686,1
fae6f9a622d14230,BAC_1,G2,S|I|C,0.575,7.12,7.63,7.44,-1,0.649,0.622,0.692,0.642,0
dc0d71d6a3c74d45,BAC_1,A,E|S|A,0.544,10.73,9.85,12.41,1,0.5,0.347,0.732,0.458,0
f1184e4347c745c3,BAC_1,A,S|I|C,0.499,10.81,10.25,10.89,1,0.478,0.831,0.426,0.646,1
6360954e0a5740fb,BAC_1,D,I|R|C,0.584,11.25,11.36,10.02,-1,0.757,0.745,0.849,0.765,1
0e76629a1ab146ea,BAC_1,G2,E|R|C,0.592,9.48,9.57,8.94,-1,0.569,0.64,0.5,0.594,0
95fc11fbf4ef4722,BAC_1,A,I|E|C,0.573,10.2,10.52,8.46,-1,0.525,0.487,0.602,0.518,0
7aae4ce9537943f7,BAC_1,D,I|S|R,0.546,8.54,7.78,8.26,1,0.341,0.408,0.319,0.372,0
3ceee532016549de,BAC_1,D,S|C|E,0.679,14.49,15.15,13.28,-1,0.69,0.526,0.811,0.626,1
bf58e9742ca04a47,BAC_1,A,A|S|I,0.5,15.11,14.78,13.81,1,0.493,0.99,0.44,0.734,1
e46be3dfabd64540,BAC_1,A,A|I|S,0.517,10.25,9.83,8.31,1,0.475,0.494,0.476,0.485,0
a40a0a4494444c87,BAC_1,A,A|S|I,0.395,10.32,9.58,10.54,1,0.592,0.726,0.42,0.633,1
583db820e0f440d5,BAC_1,D,S|C|A,0.597,10.75,11.2,9.02,-1,0.759,0.99,0.588,0.849,0
7a154a1723724ff9,BAC_1,D,I|E|C,0.612,12.03,11.44,10.65,1,0.549,0.712,0.74,0.659,1
b5c4b9a0fb934f23,BAC_1,A,I|R|C,0.488,11.24,9.79,10.83,1,0.399,0.858,0.733,0.679,1
031117c30bf94068,BAC_1,A,E|C|I,0.443,9.84,8.18,9.42,1,0.513,0.374,0.725,0.475,1
dffe3b5cc107414f,BAC_1,A,I|C|E,0.472,11.12,11.33,11.35,-1,0.457,0.696,0.539,0.589,1
4dab0f9485984816,BAC_1,A,A|E|I,0.615,7.78,6.72,7.96,1,0.463,0.44,0.15,0.405,1
7d56eed582ba4a35,BAC_1,B,E|S|C,0.474,7.03,6.78,5.03,1,0.645,0.723,0.897,0.722,1
07c7ce4c449f4f4b,BAC_1,D,I|S|R,0.503,7.71,7.35,7.13,1,0.425,0.879,0.172,0.614,0
d47aca32ea614636,BAC_1,D,R|I|C,0.572,14.97,13.25,13.91,1,0.602,0.57,0.43,0.56,1
e9d2645794a942de,BAC_1,A,S|A|C,0.532,13.22,12.96,12.77,1,0.599,0.815,0.736,0.727,1
2c147c6bffee4012,BAC_1,D,I|C|S,0.615,11.8,12.02,10.36,-1,0.611,0.378,0.572,0.488,0
f76bb08ee075469b,BAC_1,A,A|S|C,0.498,8.76,8.15,9.36,1,0.631,0.302,0.93,0.511,1
2ef1228fb44b46ee,BAC_1,A,S|A|I,0.452,11.78,11.8,12.27,-1,0.341,0.795,0.411,0.579,1
a289eb774bf84fb6,BAC_1,A,A|E|S,0.452,12.03,9.79,11.81,1,0.39,0.912,0.349,0.645,1
ac9641e5104740ce,BAC_1,D,I|S|C,0.621,12.78,11.84,12.02,1,0.58,0.706,0.414,0.618,0
de010d120f67469c,BAC_1,A,A|S|C,0.499,12.14,11.94,11.8,1,0.608,0.888,0.46,0.726,1
c13db51065ad4604,BAC_1,A,A|S|C,0.548,8.43,8.38,7.05,1,0.622,0.386,0.519,0.489,0
e218e9a45d774202,BAC_1,D,C|A|I,0.412,12.82,12.38,10.5,1,0.455,0.66,0.767,0.604,1
c246a314b02648b6,BAC_1,D,I|R|A,0.458,11.44,11.75,11.05,-1,0.407,0.399,0.655,0.44,0
d8597c23e67340ae,BAC_1,A,S|A|E,0.539,10.1,11.3,10.82,-1,0.398,0.377,0.34,0.379,0
e3357e51ac5b4218,BAC_1,D,C|E|S,0.45,10.98,12.11,10.88,-1,0.331,0.637,0.618,0.527,0
bfdb0f3b7f254f86,BAC_1,D,I|S|A,0.472,16.89,16.09,16.35,1,0.424,0.389,0.621,0.436,0
e90ed83e17a54b2e,BAC_1,A,E|A|S,0.62,10.42,10.33,9.65,1,0.613,0.568,0.332,0.548,1
39ddd01449664fab,BAC_1,D,C|S|A,0.612,10.56,11.12,9.33,-1,0.549,0.711,0.444,0.614,1
93e5c21de07e4c10,BAC_1,A,E|S|A,0.6,9.33,9.33,10.62,1,0.599,0.944,0.453,0.75,0
283ef6b2c099437c,BAC_1,A,S|A|I,0.377,10.19,9.78,9.71,1,0.551,0.98,0.565,0.768,0
43e4b264b7b94e6c,BAC_1,D,I|R|C,0.603,10.5,8.43,10.83,1,0.541,0.337,0.827,0.482,0
22f4bca851db438d,BAC_1,A,A|I|C,0.576,11.44,10.25,10.67,1,0.715,0.9,0.491,0.774,1
9993db52ed1541ce,BAC_1,A,C|A|I,0.537,11.4,11.4,10.99,1,0.415,0.99,0.748,0.752,0
0122c1f0b8c84352,BAC_1,D,S|C|I,0.65,12.96,12.17,12.36,1,0.644,0.252,0.708,0.458,0
8f3ba9f6883d45c0,BAC_1,A,S|I|E,0.446,5.96,6.09,5.86,-1,0.391,0.947,0.858,0.739,0
3068535061894826,BAC_1,A,A|I|S,0.449,11.97,11.15,11.44,1,0.289,0.99,0.288,0.639,0
dd90a0e20be243f1,BAC_1,A,E|S|C,0.553,12.02,12.59,10.86,-1,0.426,0.358,0.7,0.433,0
fd4aa57bc7f94969,BAC_1,D,E|S|I,0.501,8.95,8.1,8.39,1,0.408,0.609,0.1,0.462,1
67a50da7794b45de,BAC_1,D,R|C|I,0.526,12.08,11.33,13.08,1,0.412,0.469,0.314,0.425,0
647e3bc1226540c2,BAC_1,D,R|E|C,0.615,11.79,12.12,10.66,-1,0.552,0.859,0.611,0.714,1
79169875f3c64414,BAC_1,D,E|C|I,0.567,11.44,12.22,10.26,-1,0.432,0.474,0.501,0.464,0
dc205468af574319,BAC_1,A,E|I|A,0.58,8.37,8.83,7.91,-1,0.624,0.689,0.673,0.664,0
3dba8660ffb24522,BAC_1,A,A|I|S,0.487,8.27,8.21,7.44,1,0.468,0.956,0.474,0.713,1
ebc30732688340d8,BAC_1,D,I|E|R,0.563,14.29,14.68,15.17,-1,0.408,0.188,0.566,0.322,0
7783be65c13f40fa,BAC_1,D,E|S|A,0.478,12.18,12.06,11.23,1,0.48,0.849,0.448,0.66,0
6eccd937a7c64bfc,BAC_1,D,I|E|S,0.452,10.73,10.17,10.37,1,0.256,0.1,0.413,0.202,0
687d1d93a7b54e43,BAC_1,D,R|I|C,0.625,10.48,9.84,9.35,1,0.725,0.296,0.871,0.532,0
6d45c127296b4150,BAC_1,A,E|I|A,0.517,8.95,9.66,7.66,-1,0.49,0.338,0.426,0.405,1
3001c79e543c488f,BAC_1,D,R|I|E,0.55,13.29,13.11,13.21,1,0.572,0.819,0.223,0.643,0
589760ff38334d90,BAC_1,A,S|C|A,0.432,8.23,7.44,6.74,1,0.338,0.806,0.577,0.608,1
6638d9b1a20e4491,BAC_1,D,R|I|E,0.618,11.31,11.55,10.15,-1,0.612,0.99,0.497,0.784,0
90731306957b4f06,BAC_1,D,E|C|A,0.537,9.09,8.02,8.25,1,0.712,0.485,0.1,0.507,1
1a442151eebe4842,BAC_1,D,R|C|S,0.551,11.4,12.33,9.55,-1,0.6,0.591,0.678,0.607,0
f53116a216664614,BAC_1,A,C|I|R,0.513,11.67,12.06,12.13,-1,0.382,0.745,0.559,0.59,0
312bd74f45fd4204,BAC_1,D,R|C|E,0.559,9.55,9.27,10.41,1,0.588,0.621,0.375,0.573,0
3aaa1b579a6544c9,BAC_1,D,R|E|I,0.512,12.95,12.12,11.63,1,0.67,0.99,0.53,0.809,0
cc5d0adc01b640b9,BAC_1,D,S|I|E,0.447,7.25,6.69,6.0,1,0.408,0.787,0.607,0.627,0
7bf6e130de924e92,BAC_1,D,C|I|A,0.436,12.29,11.39,10.93,1,0.346,0.51,0.419,0.439,0
af1dcc5c5b324a99,BAC_1,D,A|C|I,0.452,10.35,10.7,8.88,-1,0.371,0.609,0.535,0.515,1
ee6a2eda11e840a8,BAC_1,D,S|I|E,0.453,8.12,7.62,8.27,1,0.442,0.268,0.516,0.366,0
378685d700ea488c,BAC_1,A,E|I|S,0.678,8.55,8.43,7.65,1,0.882,0.89,0.501,0.829,0
160bd2e123414fa4,BAC_1,D,I|A|S,0.55,11.35,10.24,9.67,1,0.647,0.728,0.412,0.652,1
6a664c97c4a44285,BAC_1,F2,R|I|C,0.554,9.8,8.34,8.21,1,0.394,0.308,0.391,0.35,0
63d745444d7b40bd,BAC_1,D,C|E|I,0.565,8.23,7.91,7.6,1,0.376,0.807,0.665,0.635,0
0f8b4b44de7c42c1,BAC_1,A,R|C|S,0.4,12.13,12.52,12.53,-1,0.454,0.78,0.524,0.628,1
e0c7134a4c3b49bf,BAC_1,A,I|S|A,0.477,8.76,8.55,7.66,1,0.454,0.99,0.516,0.731,0
a2682de236f24164,BAC_1,A,A|S|I,0.528,10.81,9.85,10.37,1,0.587,0.519,0.623,0.559,1
6b8eed0974d944bf,BAC_1,A,I|C|A,0.613,11.24,11.27,12.17,-1,0.542,0.834,0.564,0.691,0
1525e22b9dd141dd,BAC_1,D,I|C|S,0.591,11.86,11.95,10.99,-1,0.51,0.888,0.37,0.678,0
e603b317a6c546f3,BAC_1,A,A|C|S,0.503,10.29,10.76,9.61,-1,0.45,0.606,0.827,0.585,0
1d0d14efd73142b3,BAC_1,A,S|R|A,0.539,8.97,8.81,9.08,1,0.566,0.638,0.452,0.585,0
cabf168b91054df8,BAC_1,A,C|I|E,0.679,8.08,7.92,8.38,1,0.664,0.804,0.559,0.718,0
dca5eb6b599642bb,BAC_1,A,R|A|S,0.465,10.79,11.1,10.44,-1,0.448,0.988,0.673,0.752,1
a7cceb28e2d14e55,BAC_1,D,C|I|E,0.463,6.88,7.55,6.92,-1,0.49,0.98,0.467,0.731,1
ced0f0b996fa4448,BAC_1,D,E|I|C,0.574,7.93,7.74,6.68,1,0.625,0.798,0.438,0.683,0
e4b388328d254615,BAC_1,A,A|E|I,0.559,11.8,10.68,10.36,1,0.56,0.509,0.406,0.512,0
909af4ed1cf544dc,BAC_1,D,S|I|C,0.441,9.74,8.87,7.65,1,0.401,0.564,0.522,0.501,0
9895d2d4814146d6,BAC_1,F4,R|E|C,0.673,9.99,9.97,9.18,1,0.678,0.814,0.543,0.726,1
9a710c8e66e84299,BAC_1,D,C|I|E,0.582,6.12,4.52,5.71,1,0.738,0.351,0.439,0.5,0
0228b76355204ee4,BAC_1,D,S|I|A,0.648,14.66,15.48,15.12,-1,0.651,0.96,0.299,0.753,0
98ad0160d94e4355,BAC_1,D,S|C|I,0.577,13.51,13.36,13.4,1,0.524,0.418,0.375,0.449,1
a720f008ec254176,BAC_1,A,A|S|I,0.58,9.29,9.76,9.55,-1,0.773,0.92,0.267,0.77,1
28fe8dc68b5a449a,BAC_1,A,S|A|C,0.501,10.76,11.1,9.99,-1,0.618,0.504,0.286,0.511,0
deec066a16324e72,BAC_1,A,A|E|C,0.475,8.2,6.77,7.88,1,0.462,0.558,0.452,0.509,0
bf601884f7c544bd,BAC_1,D,C|E|R,0.468,11.5,11.27,8.37,1,0.461,0.725,0.831,0.648,0
5ed89f3220b44f20,BAC_1,A,E|I|C,0.548,12.02,11.57,12.06,1,0.596,0.616,0.714,0.624,1
fdb7b04b2a6a4200,BAC_1,A,I|A|E,0.51,8.66,8.71,9.04,-1,0.573,0.802,0.104,0.617,0
33a36549dc0641bf,BAC_1,D,I|E|C,0.557,10.56,8.7,10.77,1,0.481,0.201,0.54,0.35,0
1b5ec23ab82e4572,BAC_1,D,R|I|E,0.487,11.23,10.39,10.62,1,0.441,0.438,0.467,0.443,0
2a29590a892243e3,BAC_1,D,A|I|E,0.422,11.98,11.81,11.66,1,0.435,0.99,0.629,0.742,0
1d58f39f050049c5,BAC_1,A,A|I|C,0.451,10.43,10.22,11.81,1,0.378,0.364,0.601,0.404,0
d5cf519040e44ff6,BAC_1,G3,E|C|S,0.529,11.3,10.61,10.9,1,0.395,0.534,0.508,0.481,0
f94f04627dbf4c14,BAC_1,A,S|R|C,0.57,10.55,11.13,11.06,-1,0.729,0.475,0.551,0.575,0
2a1692933b6e445c,BAC_1,A,C|E|A,0.553,10.73,10.85,11.06,-1,0.511,0.391,0.542,0.456,1
cc0597a42e734a39,BAC_1,A,S|E|C,0.608,9.95,9.8,10.48,1,0.634,0.856,0.327,0.699,1
7f21b206fc2b4f84,BAC_1,D,E|S|C,0.575,10.17,9.82,8.37,1,0.441,0.207,0.56,0.342,1
7fdfb2b7f18c41ad,BAC_1,A,E|S|C,0.524,11.47,11.43,11.32,1,0.519,0.837,0.864,0.73,0
665b80b3a2934cc1,BAC_1,D,I|C|R,0.585,12.12,12.92,12.51,-1,0.538,0.487,0.805,0.552,0
68ef6662ccc34586,BAC_1,A,S|A|I,0.592,9.68,9.78,7.79,-1,0.625,0.804,0.305,0.666,0
4c692073c1f84819,BAC_1,A,A|S|E,0.396,9.23,8.5,8.71,1,0.384,0.718,0.664,0.593,0
40ad57ef41834e3d,BAC_1,D,C|R|S,0.586,12.61,12.96,11.13,-1,0.566,0.1,0.178,0.275,0
4464eec4a48f47fb,BAC_1,A,E|A|S,0.514,8.42,8.06,8.02,1,0.569,0.684,0.293,0.585,1
e2469e936a4648a7,BAC_1,D,C|E|I,0.446,9.67,9.24,8.98,1,0.582,0.628,0.44,0.584,1
abfd9e627b7845db,BAC_1,D,I|R|A,0.544,8.49,8.48,8.9,1,0.716,0.822,0.99,0.81,0
b6a6c7b16e60454c,BAC_1,D,I|E|C,0.588,10.54,11.51,9.95,-1,0.474,0.407,0.362,0.424,0
bdc44c062797479b,BAC_1,D,C|A|I,0.441,10.52,10.08,11.61,1,0.435,0.787,0.263,0.585,0
de9d7d8bac2c493d,BAC_1,D,I|E|C,0.535,10.23,9.34,11.83,1,0.697,0.394,0.343,0.492,1
c5b4974224e84d99,BAC_1,D,I|R|C,0.467,12.79,11.0,12.54,1,0.482,0.573,0.1,0.47,0
2ab6f7192b3d4c7c,BAC_1,A,A|S|E,0.53,10.03,9.51,9.87,1,0.592,0.447,0.409,0.492,1
c317f96121b6456d,BAC_1,A,I|C|S,0.435,10.11,10.81,10.0,-1,0.508,0.574,0.43,0.529,0
2d11dbeb30be40cc,BAC_1,A,S|I|A,0.57,9.68,9.37,9.02,1,0.627,0.964,0.99,0.85,0
4f97b175c47c4120,BAC_1,A,S|R|A,0.573,9.43,8.99,8.7,1,0.527,0.776,0.851,0.7,0
36cb9a5165f24d05,BAC_1,A,E|C|S,0.492,12.28,12.24,12.06,1,0.544,0.248,0.49,0.388,1
c35dd0f5a7104f7f,BAC_1,A,S|A|E,0.524,13.24,12.58,14.11,1,0.502,0.188,0.537,0.35,1
a60e248b63574007,BAC_1,D,S|R|I,0.608,12.93,13.6,10.59,-1,0.691,0.458,0.465,0.541,0
6e8af9e0d1d74b66,BAC_1,A,R|S|E,0.466,9.29,8.9,8.52,1,0.308,0.889,0.661,0.651,1
56cc069da2da4e00,BAC_1,G1,C|E|I,0.503,10.28,10.25,11.33,1,0.463,0.634,0.515,0.556,1
1623b70e5e30421e,BAC_1,D,C|R|I,0.595,11.3,10.95,9.64,1,0.558,0.664,0.676,0.629,1
5377a19dbb654e84,BAC_1,D,I|S|A,0.555,10.02,8.69,8.23,1,0.528,0.627,0.44,0.564,0
1ea182dcbdf74fa6,BAC_1,A,R|E|A,0.527,11.34,11.23,10.75,1,0.543,0.99,0.559,0.769,1
60a74a6c9c574858,BAC_1,D,S|E|I,0.564,12.64,12.24,12.99,1,0.584,0.617,0.391,0.571,0
0d50efa2f5cb4af3,BAC_1,A,S|I|A,0.576,10.23,9.92,10.62,1,0.561,0.824,0.42,0.671,1
3a4a8a5687634be0,BAC_1,D,S|C|R,0.568,10.7,10.43,9.48,1,0.539,0.434,0.481,0.478,0
bc405d800e004820,BAC_1,D,I|E|S,0.49,12.17,11.82,11.04,1,0.291,0.99,0.446,0.664,1
1c86aac3cc324bfb,BAC_1,D,I|S|C,0.647,11.8,11.86,11.95,-1,0.619,0.844,0.464,0.708,0
38fb6d0661f94ede,BAC_1,C,I|A|R,0.456,10.06,9.45,7.62,1,0.406,0.763,0.505,0.599,1
5a3a5300e4b3445d,BAC_1,D,R|I|C,0.489,9.56,9.14,9.43,1,0.548,0.663,0.522,0.602,0
37c900b56f7a4009,BAC_1,D,S|R|I,0.579,13.89,12.33,14.17,1,0.57,0.422,0.766,0.525,0
3ec0ee94754e4ece,BAC_1,A,S|C|I,0.41,12.24,12.56,13.71,-1,0.393,0.808,0.596,0.631,1
356a9166d9794e06,BAC_1,A,S|A|I,0.448,15.09,14.56,13.58,1,0.375,0.673,0.43,0.532,1
1ffd6ab1b3904662,BAC_1,D,C|I|E,0.517,10.22,8.97,10.22,1,0.562,0.578,0.287,0.529,0
8bbc4275fca64752,BAC_1,D,S|C|E,0.594,9.12,8.41,8.38,1,0.661,0.301,0.677,0.483,0
e18a482280864ea7,BAC_1,D,C|I|E,0.498,9.01,9.78,8.73,-1,0.388,0.427,0.418,0.412,0
fbd8963b941f47fe,BAC_1,A,A|S|I,0.488,10.67,9.09,9.44,1,0.389,0.359,0.593,0.404,0
d6a75db7bcc040a6,BAC_1,A,A|S|I,0.521,12.47,12.48,12.51,-1,0.593,0.99,0.591,0.791,1
e1c98056014b415d,BAC_1,D,I|E|C,0.498,11.84,11.81,12.05,1,0.452,0.99,0.558,0.737,0
49af54d983f54902,BAC_1,A,S|I|A,0.5,9.47,9.34,7.08,1,0.285,0.264,0.378,0.289,1
5dbfc01ada674e28,BAC_1,A,A|S|C,0.491,7.41,6.91,7.44,1,0.464,0.375,0.399,0.41,0
a8ed0ed38f0e43b8,BAC_1,D,S|I|C,0.436,14.69,14.52,14.87,1,0.435,0.575,0.524,0.518,0
b000a94107bd49d1,BAC_1,D,R|I|C,0.578,7.88,7.73,5.9,1,0.566,0.539,0.847,0.595,0
28045f6be3a5409a,BAC_1,A,A|S|I,0.498,11.5,11.36,11.38,1,0.545,0.331,0.483,0.428,0
3d276a72644c472f,BAC_1,A,S|A|I,0.534,11.53,11.6,9.82,-1,0.556,0.786,0.391,0.646,1
37d2157e81f54634,BAC_1,D,S|C|I,0.629,10.11,10.86,9.31,-1,0.643,0.659,0.431,0.619,0
18cd12a778474690,BAC_1,A,S|A|I,0.53,11.87,11.36,11.45,1,0.574,0.953,0.623,0.771,0
3f22de34edac4303,BAC_1,A,A|I|S,0.441,12.27,12.12,12.3,1,0.436,0.502,0.372,0.459,0
8242d9fbab3141d6,BAC_1,D,S|C|A,0.463,11.73,12.2,11.41,-1,0.325,0.588,0.576,0.494,0
f3ed4c95fa41437a,BAC_1,A,A|S|C,0.466,7.75,7.52,6.54,1,0.398,0.627,0.641,0.549,0
331a05b54fbf4eab,BAC_1,A,E|A|I,0.519,7.05,6.21,6.58,1,0.496,0.99,0.721,0.777,0
4174e89d4c3d4c46,BAC_1,D,R|I|S,0.593,10.46,10.24,10.28,1,0.646,0.99,0.415,0.783,1
9531b7abc0304244,BAC_1,A,S|A|I,0.503,7.99,7.66,6.1,1,0.558,0.708,0.662,0.649,0
7a118ec38ea04d22,BAC_1,D,R|S|E,0.576,11.78,11.47,12.82,1,0.497,0.717,0.838,0.658,0
5dc66f1a88304fa2,BAC_1,G2,E|C|I,0.662,11.1,11.56,10.18,-1,0.737,0.473,0.405,0.555,0
36c663d1b1944b04,BAC_1,D,A|S|C,0.479,11.88,11.98,11.2,-1,0.321,0.694,0.757,0.573,1
6e988d4bfac043b8,BAC_1,D,S|I|C,0.516,10.42,10.19,8.72,1,0.472,0.856,0.603,0.684,1
74e71b60516142d2,BAC_1,A,E|I|A,0.467,12.0,12.42,11.93,-1,0.562,0.601,0.471,0.568,1
84539f7c04e24549,BAC_1,D,E|C|R,0.59,11.52,10.32,10.29,1,0.702,0.529,0.554,0.593,0
457ebf61ff464d05,BAC_1,D,I|S|E,0.495,5.69,4.3,4.72,1,0.609,0.424,0.577,0.511,0
4f6a7c8484034736,BAC_1,D,E|S|I,0.649,12.05,11.64,9.97,1,0.69,0.487,0.634,0.58,0
13690cf28aee4428,BAC_1,D,R|C|I,0.571,9.41,8.89,9.12,1,0.584,0.373,0.1,0.406,0
ecf947534b0941f0,BAC_1,A,A|S|I,0.569,10.53,10.33,10.25,1,0.538,0.415,0.321,0.444,1
2cf7a26993e14778,BAC_1,D,S|C|I,0.62,12.12,13.14,10.58,-1,0.624,0.458,0.571,0.533,1
34403a62c49247c6,BAC_1,D,S|C|I,0.536,10.89,10.97,10.5,-1,0.394,0.99,0.563,0.717,0
8f77d876f762481e,BAC_1,A,C|A|S,0.468,10.71,10.21,11.91,1,0.505,0.669,0.627,0.605,1
30199da401254954,BAC_1,A,I|A|C,0.591,11.45,12.5,11.15,-1,0.605,0.99,0.578,0.794,1
ebf8e24cf38340c7,BAC_1,A,S|A|C,0.468,8.35,8.24,7.26,1,0.418,0.523,0.431,0.472,0
a00ded7e82244dc1,BAC_1,D,C|I|E,0.584,10.95,10.4,10.18,1,0.647,0.99,0.701,0.827,1
49b625dd037d47ce,BAC_1,A,S|E|C,0.501,10.74,11.07,10.45,-1,0.515,0.574,0.329,0.517,0
49bdf93aa018453c,BAC_1,A,S|R|I,0.555,9.99,10.46,9.7,-1,0.494,0.696,0.389,0.579,0
b46781d5d0e0425e,BAC_1,A,S|A|I,0.467,7.53,6.42,8.46,1,0.526,0.587,0.571,0.563,0
6b6ba3d58d8f4204,BAC_1,A,A|I|E,0.447,8.39,7.89,6.77,1,0.275,0.478,0.392,0.394,1
7a47e721a4154561,BAC_1,A,S|A|C,0.463,10.35,9.14,10.22,1,0.279,0.729,0.598,0.552,1
fec67869754c4f7f,BAC_1,A,C|S|A,0.491,8.85,8.82,9.62,1,0.536,0.532,0.822,0.577,0
7de9fa10673943ee,BAC_1,D,I|S|E,0.436,10.21,9.18,10.39,1,0.379,0.293,0.687,0.382,0
fd822094f17f440d,BAC_1,D,A|S|C,0.417,9.25,8.74,8.41,1,0.46,0.298,0.255,0.348,0
515939caee414b5e,BAC_1,D,S|R|E,0.594,11.95,12.17,11.21,-1,0.647,0.489,0.831,0.595,0
611b72dfd26e40f5,BAC_1,A,A|I|S,0.469,9.36,8.85,9.65,1,0.378,0.799,0.835,0.657,1
3ad8bbb62d624d89,BAC_1,D,A|S|I,0.49,12.47,11.76,12.21,1,0.354,0.484,0.1,0.381,0
fe2ef4972ea744a5,BAC_1,D,R|S|E,0.581,10.1,9.72,9.19,1,0.576,0.791,0.504,0.673,0
acdec0a739f74036,BAC_1,D,C|I|R,0.368,10.33,9.46,10.1,1,0.173,0.388,0.564,0.339,1
4df229e2934842f8,BAC_1,A,E|A|C,0.514,8.88,9.42,6.96,-1,0.637,0.723,0.773,0.7,0
587a0b0ae1d946ff,BAC_1,A,E|I|A,0.654,12.82,12.84,12.93,-1,0.69,0.944,0.484,0.786,0
7362f1b2afe24a91,BAC_1,A,S|A|E,0.476,12.17,13.12,11.35,-1,0.716,0.924,0.406,0.773,1
5e415d23e2bf42c2,BAC_1,D,S|I|E,0.54,16.87,16.59,15.7,1,0.352,0.643,0.435,0.509,0
cd63ea17ca324b84,BAC_1,D,S|A|I,0.458,12.39,12.06,10.91,1,0.274,0.689,0.454,0.509,1
389109d325f641a3,BAC_1,B,I|C|R,0.468,12.03,10.23,11.76,1,0.459,0.574,0.518,0.525,1
5d02470c1b304594,BAC_1,D,C|I|S,0.523,12.41,12.08,12.46,1,0.418,0.396,0.596,0.434,0
ff2d6999b5764f8f,BAC_1,D,S|C|I,0.523,10.34,10.16,9.78,1,0.598,0.99,0.498,0.779,0
cda290c0640442e2,BAC_1,A,S|R|A,0.525,11.73,11.31,12.02,1,0.419,0.48,0.415,0.449,0
e9a061e450ac4062,BAC_1,A,S|A|I,0.49,12.34,13.67,11.3,-1,0.413,0.736,0.705,0.618,1
be8ad2c6c15b4662,BAC_1,D,E|S|A,0.511,10.04,8.34,8.56,1,0.48,0.736,0.491,0.61,1
8ee6ca343db8427f,BAC_1,B,E|I|S,0.617,9.19,8.81,8.62,1,0.543,0.637,0.107,0.525,0
089caf83dd4845c7,BAC_1,D,I|R|E,0.525,9.61,8.9,9.73,1,0.681,0.741,0.298,0.654,1
ee9d998652344ab2,BAC_1,A,A|E|I,0.569,9.56,9.54,9.44,1,0.531,0.542,0.612,0.549,1
2475396df49c4c66,BAC_1,A,S|C|A,0.597,12.0,11.3,12.4,1,0.396,0.584,0.422,0.494,1
c9d71de814584a31,BAC_1,D,I|R|C,0.519,8.94,8.17,9.22,1,0.568,0.3,0.373,0.405,0
f5cd6765f4e24e48,BAC_1,D,E|C|A,0.489,9.19,8.22,7.3,1,0.585,0.642,0.571,0.611,0
42e813d519344d8e,BAC_1,G3,C|E|I,0.619,7.77,6.91,6.26,1,0.666,0.442,0.379,0.511,1
f313e5538d8947bf,BAC_1,D,I|A|S,0.579,6.68,6.08,6.2,1,0.681,0.819,0.588,0.736,0
786cf0d6018e4573,BAC_1,F3,R|C|I,0.563,11.51,11.11,10.11,1,0.655,0.519,0.502,0.564,0
3ba4dc3f5cbf479d,BAC_1,D,S|A|I,0.49,10.2,11.01,8.62,-1,0.565,0.648,0.51,0.598,1
4772209a40a74eb4,BAC_1,D,I|C|R,0.502,13.59,13.43,11.74,1,0.519,0.908,0.207,0.667,0
4e874ee571c0440b,BAC_1,A,A|C|S,0.577,13.49,12.99,12.29,1,0.452,0.969,0.594,0.732,1
98b318144c044e90,BAC_1,D,R|S|E,0.616,12.44,14.03,11.3,-1,0.525,0.844,0.373,0.662,0
37e2885adf2b4435,BAC_1,D,C|E|S,0.574,7.46,6.87,6.2,1,0.677,0.712,0.627,0.687,1
e93ab0fb887f409d,BAC_1,D,I|R|C,0.556,9.9,9.31,9.17,1,0.506,0.679,0.316,0.564,0
59b9e56fabf944f9,BAC_1,A,A|E|S,0.589,11.34,9.69,10.16,1,0.522,0.397,0.39,0.44,1
abee964a63084395,BAC_1,D,R|E|C,0.522,11.71,11.94,11.13,-1,0.505,0.99,0.59,0.76,0
212359070c2e489c,BAC_1,D,E|R|I,0.59,9.8,9.48,9.47,1,0.499,0.346,0.299,0.392,0
3b446454a0ff4755,BAC_1,A,A|S|I,0.521,11.32,11.11,11.55,1,0.679,0.514,0.393,0.554,1
643a35763d90412b,BAC_1,D,C|E|I,0.544,12.66,10.71,13.27,1,0.503,0.305,0.382,0.386,0
bbc727229a674783,BAC_1,D,I|C|A,0.481,7.97,7.34,6.66,1,0.397,0.404,0.34,0.392,0
452c4692b4be4375,BAC_1,D,I|S|C,0.526,9.23,9.71,7.51,-1,0.373,0.573,0.679,0.519,0
616b80ff2e5f4f23,BAC_1,A,A|I|S,0.51,11.12,10.51,8.73,1,0.513,0.829,0.516,0.672,1
de475f7eb99c4d67,BAC_1,A,S|A|E,0.501,10.14,10.06,8.39,1,0.592,0.399,0.561,0.491,0
62411d3929284a0c,BAC_1,D,S|I|A,0.486,8.47,6.23,7.58,1,0.28,0.189,0.778,0.309,0
66ca9a5ce3324e35,BAC_1,D,C|S|I,0.462,13.4,13.45,13.84,-1,0.498,0.271,0.1,0.325,0
85ea3493424d4faa,BAC_1,D,R|C|E,0.51,13.12,12.86,12.03,1,0.336,0.133,0.541,0.265,0
be02e3159e9e4de3,BAC_1,A,I|S|E,0.542,13.31,11.85,12.04,1,0.599,0.722,0.676,0.672,1
a005b251f5794247,BAC_1,D,E|C|I,0.573,9.85,9.88,10.14,-1,0.61,0.842,0.63,0.729,0
9304ae75b5db4f02,BAC_1,A,A|S|E,0.545,6.46,5.93,7.21,1,0.638,0.809,0.401,0.688,1
5484525e74e14a76,BAC_1,D,E|S|I,0.517,10.52,10.26,10.7,1,0.617,0.369,0.392,0.459,0
9a2cb90fae8846a6,BAC_1,C,C|E|I,0.549,10.25,9.77,7.98,1,0.683,0.712,0.554,0.678,1
997572ab91a94dc3,BAC_1,D,I|R|E,0.516,10.33,9.84,8.34,1,0.475,0.577,0.581,0.542,0
0ee7151e1c0d4200,BAC_1,A,E|I|S,0.505,12.36,13.2,11.79,-1,0.497,0.621,0.685,0.588,0
ae2897dd293b4342,BAC_1,A,S|I|E,0.39,9.64,9.17,11.29,1,0.409,0.805,0.365,0.6,0
c38f9001a9f74bdf,BAC_1,A,E|A|C,0.53,9.81,10.58,8.94,-1,0.491,0.271,0.565,0.392,1
b0474becdfcd4998,BAC_1,D,I|R|E,0.559,9.65,9.86,9.64,-1,0.602,0.325,0.59,0.461,0
52fb2ed5c555420d,BAC_1,G2,C|E|S,0.483,11.41,11.71,9.77,-1,0.393,0.716,0.296,0.54,0
50f07826f5004b8d,BAC_1,A,A|C|S,0.542,9.83,9.72,9.07,1,0.639,0.809,0.465,0.698,0
3d4c4e84719141b6,BAC_1,D,I|C|E,0.544,10.76,10.02,9.87,1,0.736,0.394,0.635,0.55,0
5c09c993f70a4e58,BAC_1,A,I|S|A,0.449,9.37,9.55,7.75,-1,0.521,0.573,0.392,0.527,0
034ed6340d3d4128,BAC_1,A,E|C|A,0.461,8.69,8.3,8.31,1,0.581,0.887,0.812,0.769,1
26e27496c55143aa,BAC_1,A,E|C|A,0.515,11.55,9.99,11.22,1,0.533,0.848,0.514,0.688,1
d36a69ef7fc145bf,BAC_1,A,S|A|I,0.507,12.37,11.65,11.3,1,0.622,0.974,0.286,0.748,1
3e63cc5b25cc4d37,BAC_1,A,I|S|A,0.467,12.78,12.86,10.69,-1,0.54,0.99,0.608,0.775,1
796057ad0d1b4184,BAC_1,D,I|E|S,0.564,8.42,9.07,7.83,-1,0.471,0.426,0.162,0.402,0
67fd9d9b2a7e4f2c,BAC_1,A,E|I|C,0.459,10.39,10.49,11.02,-1,0.304,0.82,0.267,0.556,1
648af34ae50746c4,BAC_1,A,E|C|S,0.532,10.3,8.96,8.6,1,0.508,0.578,0.892,0.601,0
62f2d710e90543a7,BAC_1,A,A|S|E,0.556,7.96,6.56,6.82,1,0.548,0.99,0.33,0.736,1
88cdbf3ffad24a50,BAC_1,D,S|R|E,0.524,8.07,7.97,7.91,1,0.484,0.206,0.342,0.323,0
da9ce4280c8c4186,BAC_1,C,S|R|I,0.513,9.08,9.23,8.06,-1,0.534,0.943,0.7,0.763,0
268d2eb5ef7e441e,BAC_1,D,C|I|R,0.505,10.79,11.54,9.98,-1,0.364,0.314,0.586,0.372,0
671f9ec8c428488f,BAC_1,D,S|A|I,0.545,13.44,13.67,12.15,-1,0.479,0.254,0.536,0.375,1
e7b6f08b867e46f2,BAC_1,A,C|E|S,0.519,8.81,8.18,9.73,1,0.323,0.973,0.444,0.666,1
06603b1420cc42ea,BAC_1,D,C|E|I,0.484,9.9,9.2,10.75,1,0.323,0.576,0.37,0.456,1
90386806032142c1,BAC_1,D,C|S|A,0.53,11.39,10.14,8.79,1,0.474,0.39,0.512,0.437,1
8a72079de3f148c4,BAC_1,A,E|I|S,0.537,6.03,5.62,4.73,1,0.433,0.881,0.612,0.684,0
7a10e3a631464d49,BAC_1,T1,R|E|I,0.541,9.01,8.75,8.85,1,0.478,0.99,0.746,0.774,0
1ed36bd07993439d,BAC_1,A,A|E|C,0.494,8.99,7.67,6.98,1,0.453,0.99,0.693,0.757,1
0286fcd1615543cf,BAC_1,D,E|C|I,0.504,13.74,13.27,13.5,1,0.499,0.657,0.262,0.542,1
0f120ad230c44c72,BAC_1,D,R|E|I,0.563,12.1,12.58,10.99,-1,0.568,0.45,0.37,0.479,1
35fd1b6985024c28,BAC_1,D,R|C|I,0.561,10.6,10.67,9.74,-1,0.678,0.524,0.834,0.624,0
fc735ee46ffc4142,BAC_1,D,S|A|I,0.527,10.6,9.82,11.12,1,0.546,0.483,0.57,0.518,1
63145ec4cfc6408f,BAC_1,A,A|I|C,0.485,10.52,10.07,9.32,1,0.372,0.446,0.401,0.413,0
272d86e3a36a4962,BAC_1,F3,I|R|E,0.585,8.86,8.09,7.5,1,0.783,0.896,0.367,0.777,0
cac410b275a34412,BAC_1,A,S|A|C,0.429,7.38,8.04,6.59,-1,0.507,0.875,0.328,0.664,0
792a81412ee34c87,BAC_1,D,I|A|E,0.415,11.47,11.24,12.11,1,0.495,0.597,0.382,0.529,1
017e7e0ba54e4b00,BAC_1,A,S|I|C,0.493,10.5,10.19,11.39,1,0.374,0.899,0.1,0.596,1
15c0601bb22a4540,BAC_1,D,S|R|A,0.514,9.61,7.46,7.22,1,0.453,0.314,0.811,0.437,1
123fada6c99b4150,BAC_1,A,S|C|A,0.497,9.16,9.48,9.73,-1,0.498,0.904,0.324,0.675,1
76182a91d9634654,BAC_1,D,E|S|I,0.45,12.51,11.6,10.98,1,0.676,0.66,0.568,0.652,0
684f67c233f34b07,BAC_1,A,A|S|C,0.538,13.96,13.48,13.5,1,0.462,0.627,0.433,0.54,1
250f2b004f2a487e,BAC_1,G3,E|C|S,0.535,10.05,8.68,8.73,1,0.353,0.509,0.57,0.464,0
c018d651aab94da3,BAC_1,A,A|C|I,0.426,9.95,10.38,8.79,-1,0.352,0.904,0.516,0.652,0
6c50783c39ed47d4,BAC_1,A,E|C|I,0.56,10.69,11.18,9.0,-1,0.501,0.457,0.384,0.461,0
e55e555a49df4da2,BAC_1,A,S|A|I,0.487,6.94,6.24,6.93,1,0.521,0.716,0.673,0.641,0
f81191136c5b4929,BAC_1,A,S|I|A,0.484,9.0,9.57,10.25,-1,0.585,0.926,0.532,0.748,0
e049ecba04734421,BAC_1,A,A|I|C,0.492,10.94,10.88,10.94,1,0.407,0.768,0.829,0.651,1
ba7f9d76fc0940aa,BAC_1,A,E|C|S,0.552,15.17,15.17,14.46,-1,0.492,0.982,0.367,0.718,1
f92e99a441bf4892,BAC_1,G3,C|E|I,0.561,10.31,11.33,9.08,-1,0.639,0.355,0.504,0.477,0
2f9411706d164a2e,BAC_1,A,S|A|E,0.455,8.85,8.23,7.34,1,0.505,0.606,0.683,0.582,0
294a152142144479,BAC_1,A,C|I|S,0.555,6.81,7.7,5.66,-1,0.416,0.99,0.483,0.713,0
25da5b8fe5584338,BAC_1,A,S|A|R,0.571,10.77,11.17,9.42,-1,0.578,0.371,0.622,0.481,0
c3170eb863f34fb8,BAC_1,A,E|S|C,0.578,11.63,12.8,11.05,-1,0.803,0.612,0.322,0.635,0
f2064cd5f7ef419c,BAC_1,A,A|S|I,0.569,10.39,9.57,8.97,1,0.666,0.798,0.355,0.685,0
7615c5a3bd9d4455,BAC_1,A,S|A|I,0.51,13.65,14.24,12.46,-1,0.605,0.905,0.793,0.783,1
1e925320bf4343d0,BAC_1,G2,E|C|I,0.544,10.71,10.33,10.81,1,0.493,0.955,0.796,0.769,0
298912a2db324272,BAC_1,A,S|A|C,0.562,13.09,12.73,11.41,1,0.647,0.69,0.316,0.619,0
c83b753d5b674ee7,BAC_1,A,A|E|S,0.419,11.32,11.0,9.84,1,0.474,0.629,0.418,0.543,0
7e4c18634fdc4af2,BAC_1,A,C|I|S,0.448,12.01,12.78,11.01,-1,0.479,0.497,0.978,0.563,1
0546674e65064808,BAC_1,D,S|I|A,0.501,11.2,11.93,10.2,-1,0.431,0.549,0.505,0.501,0
f191bfe2cf894814,BAC_1,A,E|C|I,0.574,9.83,10.53,8.12,-1,0.383,0.97,0.359,0.673,1
1a454c6614994c44,BAC_1,F4,R|I|E,0.493,10.01,9.57,9.29,1,0.561,0.954,0.497,0.748,0
41425ed5712846d4,BAC_1,A,A|E|C,0.535,5.92,5.77,4.81,1,0.687,0.648,0.745,0.677,0
6c2330890c7c4605,BAC_1,D,R|C|E,0.564,6.68,6.69,7.18,-1,0.474,0.645,0.859,0.617,0
9a4aa47de2bc4522,BAC_1,D,C|E|S,0.564,8.2,7.85,7.33,1,0.788,0.775,0.838,0.789,0
1b4570509452476f,BAC_1,D,I|S|A,0.504,11.54,11.63,12.29,-1,0.619,0.413,0.592,0.512,1
29ce15742d7d477d,BAC_1,A,A|S|E,0.563,10.14,8.36,10.81,1,0.343,0.494,0.448,0.434,0
1e68ed9e502949ae,BAC_1,A,R|C|E,0.64,6.03,4.59,5.84,1,0.562,0.399,0.661,0.496,1
9f4e70d52ad24376,BAC_1,D,I|C|S,0.489,11.48,11.77,10.93,-1,0.443,0.763,0.381,0.594,0
9da6a72105084475,BAC_1,A,A|S|R,0.436,9.35,9.26,10.1,1,0.315,0.699,0.343,0.511,1
eebd77bf54c7439e,BAC_1,D,S|C|R,0.574,13.48,14.22,14.19,-1,0.559,0.891,0.658,0.74,1
a3aa57bb306e4224,BAC_1,D,R|I|C,0.604,13.47,13.46,12.74,1,0.708,0.786,0.252,0.678,1
27138553709d4c4b,BAC_1,A,I|C|A,0.449,8.82,7.78,8.32,1,0.358,0.99,0.383,0.678,0
042043cd5bec4228,BAC_1,A,C|A|E,0.499,9.58,10.21,10.18,-1,0.619,0.99,0.649,0.809,0
f0eba62e62574df2,BAC_1,C,S|A|E,0.455,10.76,10.59,11.08,1,0.45,0.831,0.461,0.642,0
b29bf3692d334461,BAC_1,A,I|S|C,0.533,11.58,10.41,11.79,1,0.493,0.782,0.648,0.661,1
0704ec37f7a84f05,BAC_1,D,R|A|C,0.508,10.47,9.72,9.9,1,0.542,0.6,0.319,0.537,0
2bbae632f2954377,BAC_1,A,S|I|A,0.576,10.73,11.6,8.81,-1,0.468,0.526,0.381,0.484,1
b56aaf5038714946,BAC_1,A,A|C|E,0.478,9.95,8.7,10.01,1,0.524,0.828,0.295,0.641,0
0ea0f2e5559543cf,BAC_1,A,A|E|I,0.518,10.88,10.59,11.52,1,0.485,0.822,0.634,0.676,0
17e0f41194244196,BAC_1,A,S|E|A,0.537,11.0,11.05,9.76,-1,0.545,0.797,0.574,0.675,1
aa36f9363ad14c26,BAC_1,D,R|C|E,0.587,11.7,11.97,11.85,-1,0.629,0.745,0.513,0.67,0
8522bebdf7c945dd,BAC_1,D,C|S|R,0.549,12.47,12.6,10.85,-1,0.59,0.653,0.836,0.658,1
2f8eff0d42bd4a46,BAC_1,D,I|R|S,0.416,7.93,8.15,8.46,-1,0.377,0.842,0.409,0.614,1
90836cb5b45948bc,BAC_1,A,S|A|I,0.387,9.79,8.46,9.09,1,0.389,0.715,0.504,0.569,0
fe1dedf603554705,BAC_1,D,R|E|I,0.522,13.08,12.54,10.51,1,0.532,0.1,0.412,0.298,0
e3dd6ddad2ac4fcb,BAC_1,G2,E|I|C,0.574,11.02,10.89,9.41,1,0.595,0.454,0.517,0.513,0
8dac2d274cb74026,BAC_1,D,I|R|E,0.572,8.62,7.26,7.65,1,0.637,0.712,0.274,0.62,0
a22b96e1686f4d82,BAC_1,A,S|I|E,0.475,7.95,7.43,7.8,1,0.462,0.99,0.601,0.747,1
48807396afc044d5,BAC_1,A,S|A|C,0.48,11.98,10.62,11.42,1,0.366,0.765,0.352,0.563,1
a06d71208d794046,BAC_1,A,C|S|I,0.552,8.97,8.55,7.23,1,0.581,0.582,0.562,0.578,0
147253f1e23740dc,BAC_1,D,R|I|E,0.487,8.98,8.93,6.74,1,0.343,0.592,0.88,0.548,0
cefe2f95546a4776,BAC_1,D,R|I|C,0.537,10.42,9.16,10.51,1,0.547,0.661,0.467,0.592,0
182e3a4c03644da1,BAC_1,D,C|I|R,0.503,12.35,11.91,10.21,1,0.488,0.47,0.39,0.464,0
760ecaa0bdad4a80,BAC_1,D,C|E|I,0.536,11.02,11.76,10.36,-1,0.606,0.802,0.859,0.742,1
5e83f52b17b749c4,BAC_1,D,I|C|S,0.628,9.94,9.68,9.65,1,0.683,0.399,0.612,0.531,0
62df4391b7c04155,BAC_1,D,I|R|E,0.517,8.89,7.09,8.06,1,0.528,0.87,0.597,0.709,1
4d0360220a934c5a,BAC_1,A,E|C|S,0.577,10.6,10.16,10.27,1,0.623,0.893,0.411,0.726,0
87eef28efaea4794,BAC_1,A,S|C|I,0.456,13.02,14.39,11.53,-1,0.639,0.603,0.312,0.572,1
11a7edb9f11e4ac6,BAC_1,A,S|A|E,0.453,10.27,9.74,10.0,1,0.456,0.99,0.495,0.729,0
2dc619954e9c4ac6,BAC_1,B,S|E|C,0.504,12.83,11.88,13.25,1,0.473,0.506,0.75,0.531,0
a133399a700142cc,BAC_1,A,S|A|I,0.549,11.76,11.06,10.5,1,0.483,0.987,0.496,0.737,1
bab002767dda4997,BAC_1,A,S|I|E,0.557,6.92,6.72,6.08,1,0.431,0.712,0.461,0.576,0
cd6f8fbba8484d9f,BAC_1,D,I|E|A,0.47,14.19,13.57,14.34,1,0.49,0.666,0.615,0.597,0
506f02c327c24bb0,BAC_1,A,A|S|C,0.475,7.77,9.16,7.33,-1,0.426,0.424,0.6,0.451,0
8879fb1a1a644f1c,BAC_1,D,S|C|I,0.468,11.94,11.38,12.5,1,0.414,0.733,0.425,0.575,0
22f30049478d410b,BAC_1,A,E|C|S,0.557,8.29,8.18,6.79,1,0.642,0.711,0.654,0.678,1
5194c754438248d9,BAC_1,A,I|S|A,0.448,12.28,10.46,13.68,1,0.434,0.646,0.394,0.534,0
0aa782ce05f642bf,BAC_1,D,A|I|C,0.504,13.31,13.97,12.22,-1,0.465,0.648,0.526,0.566,1
40d25469788b418b,BAC_1,A,S|A|C,0.433,10.07,10.24,9.34,-1,0.574,0.783,0.376,0.649,0
388f5984a82144eb,BAC_1,G2,C|E|I,0.495,9.04,8.33,7.2,1,0.494,0.587,0.534,0.546,1
60e8ee85eecd462f,BAC_1,A,R|A|S,0.649,8.21,8.67,7.94,-1,0.617,0.768,0.309,0.646,0
3b1996dcf56a49ff,BAC_1,D,A|I|S,0.425,8.7,9.47,7.78,-1,0.543,0.503,0.512,0.518,1
f0fe133cb4b94be6,BAC_1,A,A|S|I,0.423,12.56,11.76,13.28,1,0.524,0.99,0.647,0.775,1
4d8a793bc1fc4e48,BAC_1,D,A|S|E,0.558,9.35,7.51,9.64,1,0.493,0.782,0.189,0.592,0
e45099fb90d24c8f,BAC_1,A,S|A|E,0.463,10.05,11.22,11.65,-1,0.562,0.328,0.523,0.439,0
3b7c1132bbbe4402,BAC_1,A,A|I|E,0.567,8.34,7.56,7.42,1,0.59,0.735,0.625,0.668,0
52624f46790349fc,BAC_1,D,S|I|A,0.554,11.03,10.32,12.39,1,0.56,0.277,0.51,0.411,0
14a6ee67bdd442f5,BAC_1,D,S|C|A,0.414,12.03,11.53,11.74,1,0.408,0.366,0.627,0.42,1
b878e0f0ab534082,BAC_1,A,A|I|S,0.416,7.74,7.22,5.5,1,0.38,0.94,0.688,0.706,0
0a81183d44b24c44,BAC_1,D,I|R|S,0.539,11.52,13.4,11.17,-1,0.472,0.501,0.502,0.491,0
42460ca1a24d4605,BAC_1,D,C|S|E,0.476,11.56,11.68,10.34,-1,0.339,0.244,0.622,0.334,0
53ace0de9bbc4c7b,BAC_1,D,R|C|I,0.545,7.0,6.45,6.83,1,0.556,0.922,0.395,0.715,0
3302e830a4864551,BAC_1,A,S|A|I,0.574,7.5,7.1,8.29,1,0.479,0.388,0.291,0.406,0
423540fc80444fe9,BAC_1,A,I|A|S,0.449,11.72,11.8,10.38,-1,0.212,0.99,0.34,0.62,1
04a3a83995a74214,BAC_1,A,A|R|C,0.485,9.57,10.43,10.66,-1,0.616,0.961,0.226,0.73,0
9bb2e16273cc4ca3,BAC_1,D,I|R|S,0.495,12.7,12.27,13.87,1,0.616,0.691,0.426,0.625,1
8cd55f5765714555,BAC_1,A,S|A|I,0.523,10.78,9.56,10.59,1,0.603,0.561,0.765,0.606,0
bbe243b0b1754afc,BAC_1,A,E|C|S,0.523,10.58,10.73,8.66,-1,0.693,0.692,0.38,0.646,1
bc3b8ad8efd74e61,BAC_1,B,S|C|E,0.404,8.79,8.19,6.62,1,0.411,0.478,0.347,0.435,0
7aac625df7e54cda,BAC_1,B,S|A|E,0.599,8.27,7.75,8.0,1,0.744,0.772,0.459,0.715,0
6de4ca4938e449a7,BAC_1,A,S|C|I,0.289,7.06,6.71,4.82,1,0.348,0.272,0.988,0.406,0
034ae9f6d9a44c3b,BAC_1,D,S|E|I,0.534,8.64,8.51,6.03,1,0.454,0.485,0.283,0.444,0
4d9edb920de346d9,BAC_1,A,A|E|S,0.518,10.72,10.29,11.55,1,0.613,0.502,0.788,0.584,0
1e95dbc465e141ac,BAC_1,A,S|E|I,0.564,10.53,9.33,9.61,1,0.432,0.99,0.1,0.661,0
b16a8cf051d14625,BAC_1,A,E|S|C,0.517,8.75,8.22,7.33,1,0.535,0.576,0.625,0.569,1
cfd3950d17ab4359,BAC_1,A,S|E|A,0.538,8.98,7.49,8.39,1,0.523,0.858,0.535,0.692,1
ce6e1a1214fa4f1c,BAC_1,A,A|E|C,0.462,7.79,7.91,8.54,-1,0.409,0.953,0.634,0.715,0
2ce34036723f4e67,BAC_1,A,S|I|A,0.536,11.59,10.41,10.3,1,0.512,0.99,0.513,0.751,1
2f5579c78e854a43,BAC_1,A,A|I|E,0.445,8.65,8.59,8.54,1,0.45,0.199,0.361,0.311,0
756795a288034179,BAC_1,A,S|E|A,0.405,7.08,6.7,5.99,1,0.531,0.713,0.162,0.566,1
83bd24ff7d0c4a9b,BAC_1,G2,S|A|I,0.582,12.06,11.89,10.57,1,0.816,0.792,0.357,0.735,0
ee078d1155a7478a,BAC_1,A,A|E|C,0.494,12.96,12.26,12.18,1,0.486,0.738,0.416,0.601,1
5585ac1adcdb428d,BAC_1,A,S|E|I,0.523,9.86,9.4,9.11,1,0.524,0.366,0.873,0.497,0
2a1463fc3bcf44d5,BAC_1,A,S|A|E,0.442,12.13,11.02,10.64,1,0.364,0.446,0.39,0.409,0
7c5e3583c20b43ce,BAC_1,D,I|E|C,0.591,11.93,12.11,11.18,-1,0.555,0.639,0.471,0.584,1
3a60827d0a154b81,BAC_1,A,S|E|A,0.5,10.66,9.7,8.81,1,0.522,0.345,0.454,0.424,1
2d9a1ff7d38b4eaf,BAC_1,A,S|C|R,0.442,7.93,8.51,7.37,-1,0.332,0.618,0.496,0.5,0
42a070e899e640eb,BAC_1,A,S|C|A,0.545,10.15,9.38,8.4,1,0.578,0.753,0.541,0.66,0
49352dfb7e9f4459,BAC_1,D,I|R|C,0.627,11.54,10.8,10.97,1,0.645,0.855,0.393,0.712,1
716853548f3b4f79,BAC_1,D,S|E|A,0.486,9.52,8.85,9.28,1,0.652,0.653,0.524,0.633,1
1d11bdea58f2422b,BAC_1,D,I|R|C,0.6,9.93,9.86,9.2,1,0.743,0.454,0.545,0.569,0
ce31d60a64614927,BAC_1,A,A|E|I,0.504,10.76,9.02,9.85,1,0.449,0.64,0.648,0.574,0
f94a654f7c914573,BAC_1,D,R|E|I,0.534,7.68,7.73,8.2,-1,0.381,0.767,0.696,0.621,1
5e421b55c96d44e1,BAC_1,D,E|S|C,0.532,9.19,9.01,9.21,1,0.675,0.69,0.426,0.645,0
97c6ea125d9d4bdc,BAC_1,A,I|E|A,0.591,7.68,7.89,9.29,-1,0.638,0.99,0.698,0.823,1
7c9b4750c2fa481a,BAC_1,D,R|C|I,0.415,10.37,10.23,9.77,1,0.428,0.757,0.372,0.584,0
a481730b8f054738,BAC_1,A,C|A|S,0.578,10.83,11.65,10.09,-1,0.546,0.73,0.407,0.617,0
78db2c06d7594112,BAC_1,A,E|I|C,0.63,10.24,10.61,10.1,-1,0.672,0.916,0.546,0.775,1
f5231510ecd446f7,BAC_1,D,E|C|I,0.515,7.85,6.75,7.06,1,0.547,0.476,0.437,0.495,1
30585ac3c9b4499f,BAC_1,A,S|A|R,0.6,8.48,9.08,6.83,-1,0.751,0.988,0.426,0.821,0
c6e2f2a988524f9e,BAC_1,D,I|R|C,0.474,6.0,4.58,4.84,1,0.576,0.411,0.39,0.466,1
b2104d0066b9421b,BAC_1,D,S|I|A,0.543,8.28,7.49,6.91,1,0.636,0.68,0.491,0.636,1
6db67f58e52a4136,BAC_1,A,C|S|E,0.527,10.8,10.26,9.37,1,0.576,0.831,0.645,0.714,0
39e8df4d95934564,BAC_1,A,C|I|S,0.529,6.02,6.59,6.34,-1,0.491,0.1,0.426,0.286,1
a6b4b3818d5547d5,BAC_1,D,S|C|I,0.438,12.73,12.83,12.08,-1,0.383,0.347,0.554,0.391,0
628bf20af77049d5,BAC_1,D,S|I|R,0.531,15.25,15.2,13.73,1,0.398,0.572,0.699,0.53,1
e81924bdb8524885,BAC_1,A,A|S|E,0.458,10.13,8.62,8.59,1,0.441,0.726,0.271,0.558,1
48c9272b613841d9,BAC_1,D,E|R|S,0.525,8.23,9.41,8.46,-1,0.472,0.881,0.513,0.682,1
47b347fb4a724abd,BAC_1,D,S|I|C,0.488,10.83,10.87,10.49,-1,0.627,0.47,0.601,0.544,0
dcae4e0d2eb14465,BAC_1,A,S|A|E,0.549,12.38,12.57,11.32,-1,0.594,0.965,0.622,0.784,0
e0e7e0a5c8554230,BAC_1,A,E|S|A,0.34,11.05,10.57,9.92,1,0.275,0.345,0.504,0.344,1
ac2150aa91fb4c16,BAC_1,B,C|S|A,0.502,12.81,13.51,13.58,-1,0.568,0.719,0.52,0.636,0
75d444d0abb241b2,BAC_1,A,A|I|R,0.322,11.62,12.2,11.49,-1,0.335,0.483,0.722,0.467,0
3ecee93f9120409a,BAC_1,D,E|C|A,0.664,10.47,9.21,11.12,1,0.609,0.751,0.309,0.635,1
ae142b6f76764cf5,BAC_1,A,A|S|C,0.514,9.07,8.64,8.51,1,0.347,0.927,0.631,0.68,1
2ac59e36c4a74c98,BAC_1,A,A|C|I,0.508,11.54,11.7,11.64,-1,0.674,0.471,0.372,0.527,0
ab7bb9ebf16548bc,BAC_1,D,S|C|A,0.487,10.42,10.85,11.33,-1,0.313,0.414,0.585,0.404,1
176eeb9d7b214553,BAC_1,A,I|R|S,0.402,11.65,11.2,10.93,1,0.305,0.939,0.405,0.637,1
4ced565b817c4501,BAC_1,D,S|A|I,0.447,9.84,9.63,9.95,1,0.546,0.637,0.419,0.573,0
de8d73827d2b42a4,BAC_1,A,I|E|A,0.518,12.13,11.83,10.5,1,0.562,0.641,0.766,0.632,0
ea39f0e277e14549,BAC_1,D,I|R|E,0.586,16.79,15.03,15.92,1,0.566,0.278,0.59,0.425,0
137521ecbad7420e,BAC_1,B,A|S|C,0.582,9.28,8.88,8.2,1,0.838,0.419,0.1,0.518,0
a6220fc009f44288,BAC_1,D,R|E|C,0.619,11.13,10.82,9.25,1,0.659,0.468,0.703,0.57,0
e6ee79e93f1a406d,BAC_1,A,I|E|A,0.582,10.58,9.53,8.91,1,0.703,0.99,0.79,0.86,0
ef7edf58b9d545ee,BAC_1,A,E|C|I,0.583,10.76,11.07,11.47,-1,0.447,0.582,0.328,0.497,0
9782776639384181,BAC_1,A,C|E|I,0.548,10.75,11.2,9.25,-1,0.478,0.978,0.656,0.755,1
c28f923b66164990,BAC_1,A,I|A|R,0.442,8.85,8.76,9.45,1,0.386,0.595,0.602,0.523,0
1775336fad5a4a58,BAC_1,D,S|I|C,0.493,11.55,11.75,11.5,-1,0.417,0.522,0.448,0.474,1
12ed64b45d1b425a,BAC_1,D,C|E|I,0.667,11.66,12.07,11.18,-1,0.648,0.563,0.456,0.577,0
e8df0bec88b84b1d,BAC_1,D,A|I|S,0.611,10.99,10.67,10.21,1,0.783,0.547,0.314,0.595,0
7814365f1f184cee,BAC_1,G2,I|C|E,0.602,10.25,9.85,10.33,1,0.604,0.38,0.329,0.451,0
3a2128fe44ef458d,BAC_1,A,S|R|C,0.543,11.15,11.02,11.36,1,0.503,0.815,0.536,0.664,1
512f45e2d55f40bd,BAC_1,D,E|A|C,0.493,8.74,8.08,7.22,1,0.624,0.346,0.467,0.461,0
a187b343d5c34184,BAC_1,D,I|C|R,0.542,10.55,10.75,9.8,-1,0.482,0.742,0.476,0.611,1
6fbeef347d864433,BAC_1,A,S|I|A,0.468,8.59,8.16,7.71,1,0.462,0.942,0.651,0.731,1
48c32c36345447da,BAC_1,D,I|C|E,0.518,13.89,14.57,13.26,-1,0.516,0.202,0.221,0.314,0
6dd6bf135e9c4943,BAC_1,A,C|E|A,0.617,11.48,11.44,10.17,1,0.578,0.313,0.484,0.431,0
78c17f005c804324,BAC_1,G2,E|C|R,0.438,7.83,7.59,6.53,1,0.562,0.31,0.459,0.421,0
890d37bdab5c4202,BAC_1,A,A|S|R,0.445,9.44,8.81,9.33,1,0.507,0.453,0.541,0.485,1
f3a571ca55b84bca,BAC_1,D,I|R|C,0.399,7.66,6.56,6.86,1,0.205,0.99,0.286,0.61,1
398bb1fa2f4e438c,BAC_1,A,A|C|I,0.491,11.08,10.94,10.42,1,0.525,0.589,0.515,0.556,1
f66f1d6ee7c44da7,BAC_1,A,A|S|E,0.445,10.88,10.71,11.76,1,0.459,0.628,0.822,0.598,0
313cc11cfac840b8,BAC_1,D,I|C|R,0.504,8.22,8.45,8.2,-1,0.724,0.26,0.429,0.447,1
180bda28855f46a7,BAC_1,D,I|R|S,0.482,13.22,12.04,12.44,1,0.59,0.339,0.695,0.48,0
4c8bf61a0b8b4ec9,BAC_1,A,A|S|C,0.427,11.66,10.58,10.69,1,0.377,0.244,0.459,0.323,1
7c0828426c8c4774,BAC_1,D,E|C|S,0.49,10.08,9.39,11.72,1,0.268,0.522,0.352,0.407,0
71c631971a0949b8,BAC_1,D,S|C|R,0.571,11.04,10.16,12.31,1,0.693,0.755,0.562,0.704,0
069dd79a5aa34482,BAC_1,D,S|I|C,0.479,11.39,11.55,9.81,-1,0.302,0.78,0.14,0.517,0
51a819e9cb8846ca,BAC_1,A,A|E|I,0.511,8.36,8.69,6.76,-1,0.44,0.586,0.125,0.466,0
f6f05c11b106428a,BAC_1,A,E|C|I,0.668,13.69,12.79,13.47,1,0.613,0.821,0.331,0.675,1
0e92f65e99dd4bf6,BAC_1,D,I|S|R,0.367,8.87,9.61,8.05,-1,0.32,0.571,0.724,0.506,0
a4ccaf2e349a44e6,BAC_1,A,A|I|S,0.443,8.13,8.16,5.95,-1,0.428,0.904,0.292,0.645,1
7d9a8fc713f14f19,BAC_1,D,E|A|I,0.637,10.86,9.24,9.58,1,0.755,0.299,0.829,0.538,0
693bf7d2f6be46a9,BAC_1,D,I|S|C,0.478,16.32,16.41,14.78,-1,0.554,0.717,0.454,0.62,1
d90a913965624f5d,BAC_1,D,S|A|I,0.571,9.34,9.11,8.9,1,0.431,0.649,0.495,0.55,1
984818391c544a0c,BAC_1,D,I|C|S,0.509,9.97,9.11,8.02,1,0.432,0.152,0.372,0.283,0
626a290f6f9e471c,BAC_1,A,A|S|C,0.442,10.76,9.25,8.43,1,0.532,0.313,0.454,0.411,1
c19376c3f7ea4c29,BAC_1,A,S|A|I,0.61,13.06,13.35,11.3,-1,0.629,0.679,0.259,0.598,1
e731b3f8619243bb,BAC_1,A,S|C|I,0.489,10.33,11.05,10.09,-1,0.666,0.761,0.654,0.712,0
6bad844cd813428a,BAC_1,A,S|A|I,0.581,7.85,8.23,7.91,-1,0.399,0.99,0.636,0.73,0
4479d185586a4b38,BAC_1,D,E|I|C,0.389,10.39,9.39,9.27,1,0.374,0.235,0.1,0.263,0
cf2727e1777645fa,BAC_1,D,I|R|C,0.58,11.71,10.97,10.3,1,0.557,0.697,0.589,0.632,1
cdc0f226ac8e4cbf,BAC_1,A,I|A|S,0.52,8.22,8.52,7.46,-1,0.641,0.899,0.328,0.723,0
2e1696b7739f478f,BAC_1,D,E|I|A,0.589,14.03,14.6,13.36,-1,0.44,0.721,0.466,0.585,0
3d0cc85c2dbc4d9c,BAC_1,D,E|I|C,0.543,8.51,8.49,7.34,1,0.488,0.528,0.382,0.492,0
6ed5d828ca3b447e,BAC_1,D,S|A|E,0.395,10.77,10.06,10.21,1,0.456,0.465,0.376,0.448,0
ff053880d1a746de,BAC_1,D,I|S|E,0.406,13.98,14.77,12.76,-1,0.366,0.26,0.306,0.304,0
b671ac9f312d48ce,BAC_1,A,R|A|E,0.509,10.36,10.56,9.46,-1,0.48,0.872,0.622,0.697,0
a1a5f2b876c64eef,BAC_1,D,I|S|R,0.438,10.9,9.45,10.68,1,0.557,0.792,0.819,0.714,0
4659efc9f16446a7,BAC_1,D,R|E|I,0.498,10.25,8.93,10.4,1,0.632,0.12,0.665,0.381,0
4f7781f4f4fe4447,BAC_1,D,I|E|R,0.496,9.43,9.62,8.69,-1,0.419,0.485,0.388,0.447,1
4865c432ea1144dd,BAC_1,A,E|S|C,0.561,12.9,13.31,13.23,-1,0.544,0.758,0.575,0.656,1
3ab06036eebf4020,BAC_1,A,S|A|E,0.506,8.73,7.4,8.97,1,0.55,0.795,0.231,0.625,0
b88e50aa26df440d,BAC_1,A,S|A|I,0.511,11.13,12.02,11.17,-1,0.548,0.428,0.416,0.468,0
0d897ce7aef348f7,BAC_1,T1,S|E|C,0.531,10.74,11.23,10.3,-1,0.66,0.977,0.199,0.749,0
0b6f736692c241f7,BAC_1,D,I|R|A,0.477,8.64,9.08,8.68,-1,0.49,0.99,0.79,0.785,0
aa983c81b94243a1,BAC_1,D,S|C|E,0.562,10.56,9.57,10.35,1,0.536,0.385,0.595,0.47,0
a6c7e89fa029485a,BAC_1,A,A|R|S,0.53,10.77,10.1,9.55,1,0.482,0.754,0.59,0.634,0
11af0b3b3f8346b3,BAC_1,D,I|E|S,0.496,7.03,6.57,5.92,1,0.478,0.342,0.553,0.421,1
3d87c84849944333,BAC_1,D,I|E|C,0.534,7.1,6.7,4.63,1,0.469,0.99,0.483,0.732,1
769f379d98de47b7,BAC_1,A,S|A|E,0.418,6.36,5.66,5.81,1,0.287,0.541,0.626,0.465,1
07bbc9ab81e244a0,BAC_1,A,A|E|I,0.457,10.29,9.31,8.39,1,0.513,0.67,0.351,0.567,0
016b734bdd734706,BAC_1,D,R|E|C,0.515,10.93,11.93,11.24,-1,0.67,0.99,0.566,0.814,1
f8e85ab5494a4d70,BAC_1,D,R|E|I,0.509,10.55,10.07,8.64,1,0.477,0.707,0.518,0.598,0
11879eab342940f9,BAC_1,D,A|S|R,0.624,11.59,11.83,11.95,-1,0.641,0.953,0.339,0.752,0
0e9d07fe84454c14,BAC_1,A,S|A|C,0.535,10.1,8.63,8.48,1,0.486,0.752,0.596,0.636,0
84eff5341fc547c5,BAC_1,A,A|I|C,0.417,10.63,11.59,10.64,-1,0.409,0.396,0.347,0.393,0
6a4cbc725d6d46d4,BAC_1,A,E|S|C,0.4,7.25,8.22,5.76,-1,0.5,0.712,0.602,0.621,0
3ec633dd96e44a46,BAC_1,A,S|E|R,0.565,11.67,11.0,12.42,1,0.483,0.864,0.446,0.668,0
340fa2b7d7864a5b,BAC_1,A,C|E|I,0.547,10.57,9.56,8.67,1,0.412,0.782,0.351,0.588,0
d57e846ca1d24bb0,BAC_1,D,S|I|C,0.527,10.63,10.87,10.41,-1,0.529,0.922,0.503,0.722,0
2bbbd248c0d745b6,BAC_1,B,S|I|A,0.571,13.44,13.02,12.93,1,0.595,0.734,0.266,0.615,1
f402d7bff8444cf4,BAC_1,D,S|C|R,0.508,13.07,13.0,9.64,1,0.332,0.325,0.477,0.35,0
e0b42e521d6b4d03,BAC_1,A,A|S|I,0.384,13.09,12.42,12.55,1,0.287,0.956,0.666,0.679,1
ee858f335af347fe,BAC_1,F3,I|R|C,0.526,13.41,12.6,11.57,1,0.335,0.685,0.339,0.51,0
0733f71b09474a2b,BAC_1,A,I|C|A,0.59,10.31,8.83,8.45,1,0.658,0.606,0.795,0.652,0
ad472d404f7a458d,BAC_1,D,R|C|E,0.657,12.0,13.26,11.48,-1,0.849,0.403,0.56,0.583,0
d85947cbf8f9417f,BAC_1,D,S|A|E,0.469,13.01,12.73,12.08,1,0.28,0.437,0.538,0.397,1
34c8ed84a1024ab2,BAC_1,D,R|C|I,0.503,8.93,8.43,6.17,1,0.336,0.594,0.852,0.543,1
f17c88730cf24230,BAC_1,D,S|I|R,0.543,12.5,11.61,12.45,1,0.605,0.584,0.519,0.582,0
65f3c1b2fa904d24,BAC_1,D,I|C|R,0.542,12.34,12.4,12.06,-1,0.476,0.469,0.309,0.447,0
a6ac3134c0504fe1,BAC_1,D,I|E|R,0.529,6.85,6.57,6.03,1,0.453,0.273,0.428,0.359,0
378a06abd5984963,BAC_1,A,I|E|A,0.551,8.26,7.93,8.02,1,0.533,0.99,0.239,0.717,0
4820a07044b04353,BAC_1,A,S|E|A,0.491,10.14,10.54,8.31,-1,0.48,0.824,0.472,0.651,1
ad437055d3454f34,BAC_1,A,I|C|S,0.508,14.03,14.17,12.6,-1,0.336,0.81,0.819,0.646,1
819705deae724fd8,BAC_1,B,S|C|A,0.563,11.0,10.72,10.99,1,0.517,0.69,0.5,0.601,0
b7652cfbe04e465e,BAC_1,A,I|S|C,0.539,5.04,4.79,5.77,1,0.53,0.69,0.408,0.592,0
7ecb7ccb49b846d9,BAC_1,D,S|C|A,0.529,7.1,6.18,6.53,1,0.544,0.879,0.433,0.695,0
f8d17c0811f6493c,BAC_1,D,E|C|S,0.569,14.46,13.91,12.2,1,0.496,0.678,0.527,0.592,1
d4dde4ab8d244d84,BAC_1,A,I|S|C,0.593,7.6,6.99,7.57,1,0.621,0.77,0.3,0.648,0
cf0801ad649a419c,BAC_1,A,C|S|E,0.476,12.09,11.04,10.47,1,0.496,0.461,0.714,0.511,0
3e00d2a2dc36411a,BAC_1,D,R|C|S,0.498,12.87,12.13,11.97,1,0.64,0.826,0.612,0.729,1
5cbb95258575409e,BAC_1,A,A|S|E,0.543,7.97,8.49,7.2,-1,0.759,0.314,0.729,0.532,0
6a3aee7062724843,BAC_1,F1,E|R|A,0.587,11.28,10.86,9.06,1,0.69,0.99,0.324,0.785,0
32a24ae5f5c44d34,BAC_1,A,A|E|I,0.594,7.34,6.84,6.01,1,0.506,0.241,0.137,0.318,0
60caafbb45a0416c,BAC_1,D,R|I|C,0.55,7.63,6.63,7.8,1,0.536,0.482,0.48,0.5,0
1defb258d9b24fa0,BAC_1,D,S|A|C,0.441,7.24,7.71,6.17,-1,0.496,0.966,0.447,0.724,1
1716c6e4ca8d43c3,BAC_1,A,I|C|E,0.567,10.4,8.96,9.0,1,0.655,0.795,0.519,0.705,1
6b4c1280fab5455c,BAC_1,D,S|A|I,0.543,11.38,11.78,10.5,-1,0.53,0.815,0.634,0.688,1
e7948048c6d54b05,BAC_1,A,E|C|S,0.578,11.09,11.31,9.81,-1,0.56,0.961,0.562,0.761,1
230cba69a37b480c,BAC_1,A,I|A|S,0.39,9.58,9.3,9.73,1,0.473,0.747,0.713,0.646,1
76e2287673a847d2,BAC_1,G2,E|S|A,0.587,12.33,13.1,12.03,-1,0.659,0.583,0.237,0.558,0
dc498a3b35414ffe,BAC_1,B,C|I|E,0.466,14.67,13.98,15.3,1,0.563,0.729,0.42,0.625,1
049c54215ef84970,BAC_1,A,S|I|A,0.418,13.71,13.54,13.78,1,0.412,0.99,0.522,0.718,1
0fc4a50f344f45d3,BAC_1,A,A|C|S,0.433,12.85,12.87,11.67,-1,0.454,0.891,0.491,0.678,1
5c3c9518e9b44af7,BAC_1,D,I|E|C,0.436,9.71,10.56,8.93,-1,0.61,0.641,0.577,0.62,0
bb77ea74fa3f4206,BAC_1,D,S|C|I,0.507,12.5,12.04,11.09,1,0.431,0.551,0.412,0.488,1
187faa6e1cc449d9,BAC_1,D,R|I|E,0.534,12.52,12.39,12.5,1,0.46,0.1,0.353,0.264,0
b85f0a1ffa174d30,BAC_1,A,A|S|E,0.441,10.29,9.83,9.41,1,0.383,0.318,0.371,0.349,0
ffd41a636eb54ddb,BAC_1,D,R|E|I,0.474,9.27,9.33,9.61,-1,0.548,0.224,0.577,0.39,0
4b5cb8c0de80468b,BAC_1,A,A|S|C,0.421,8.96,10.17,8.61,-1,0.524,0.586,0.454,0.544,0
a1bb85e014774c97,BAC_1,A,A|I|S,0.529,10.02,9.43,8.27,1,0.563,0.922,0.42,0.721,1
45c6f4db7cd74051,BAC_1,A,I|C|E,0.527,12.03,11.95,11.23,1,0.436,0.841,0.616,0.666,0
378b4bea29ae4972,BAC_1,A,E|C|I,0.521,11.38,9.93,10.78,1,0.524,0.662,0.534,0.595,0
8098409f65ae4581,BAC_1,A,A|S|C,0.432,10.43,9.73,8.82,1,0.425,0.612,0.509,0.531,0
470323392a964712,BAC_1,A,A|S|I,0.528,8.22,8.75,5.95,-1,0.7,0.966,0.337,0.779,1
6e6fffd4938141f3,BAC_1,D,S|I|C,0.471,9.69,9.85,9.64,-1,0.303,0.863,0.387,0.596,1
7466c5bbe7c143bd,BAC_1,A,A|S|I,0.467,7.11,6.4,6.99,1,0.342,0.468,0.68,0.456,0
f96ddd6097f54061,BAC_1,D,C|E|I,0.49,12.51,12.48,12.13,1,0.613,0.648,0.711,0.645,1
5275370195074fac,BAC_1,A,S|I|C,0.451,11.31,9.63,9.36,1,0.377,0.278,0.296,0.315,0
86b0fc50c677410b,BAC_1,D,S|A|R,0.5,10.54,10.52,11.2,1,0.477,0.223,0.564,0.363,0
91dc28e8929a4d44,BAC_1,A,I|A|C,0.511,12.04,11.75,12.27,1,0.557,0.779,0.318,0.632,1
01cff1fedaa4446c,BAC_1,A,S|C|I,0.46,10.55,9.56,9.77,1,0.529,0.926,0.521,0.726,0
3eecce27ba5544fb,BAC_1,A,A|R|E,0.601,10.42,10.45,10.02,-1,0.661,0.565,0.512,0.59,0
d7fe991e682e4874,BAC_1,A,S|I|E,0.512,7.91,8.91,7.0,-1,0.548,0.506,0.611,0.536,0
9bc26ee594d74ff4,BAC_1,A,A|S|C,0.412,12.23,11.71,10.13,1,0.556,0.958,0.52,0.751,1
88e8765daeb34fbf,BAC_1,D,E|C|I,0.517,7.28,7.21,4.61,1,0.544,0.743,0.497,0.637,1
541c63f3b12244d1,BAC_1,A,I|C|E,0.613,10.6,8.98,10.73,1,0.522,0.793,0.393,0.638,1
f5d6cdb999004325,BAC_1,A,A|S|E,0.504,14.71,14.26,13.74,1,0.739,0.971,0.503,0.82,1
dab59ab89e514eb9,BAC_1,A,S|E|A,0.336,8.65,9.26,7.59,-1,0.349,0.917,0.224,0.614,0
fc54f61aa7c24786,BAC_1,A,I|E|C,0.552,10.34,9.15,9.1,1,0.51,0.849,0.523,0.681,1
70c46207e50e408f,BAC_1,F4,E|I|R,0.497,12.12,11.32,10.77,1,0.458,0.682,0.443,0.568,1
537a420d29c94550,BAC_1,A,S|A|C,0.462,9.25,8.79,9.72,1,0.388,0.874,0.284,0.615,0
b72b2c9a8de84b8c,BAC_1,A,A|S|C,0.471,9.26,8.28,8.88,1,0.492,0.485,0.452,0.482,0
c902dad16b3d456c,BAC_1,D,I|R|S,0.486,8.74,7.38,8.27,1,0.323,0.963,0.38,0.652,0
78a1d588be1b4fe6,BAC_1,A,A|S|C,0.488,9.42,8.99,8.92,1,0.456,0.685,0.277,0.543,0
d6dbeadb900c4045,BAC_1,D,C|I|A,0.447,10.32,10.38,8.76,-1,0.328,0.453,0.62,0.434,0
4682affe348945df,BAC_1,A,C|E|S,0.613,10.58,10.56,9.85,1,0.642,0.927,0.63,0.783,1
fc275c969cf94089,BAC_1,D,R|E|C,0.569,12.63,11.83,13.62,1,0.578,0.586,0.612,0.587,0
51eb9bead46d40d1,BAC_1,A,E|A|S,0.487,8.69,8.83,8.8,-1,0.512,0.413,0.606,0.477,1
0e51f6da0d294e86,BAC_1,D,I|C|R,0.434,13.72,13.11,13.1,1,0.439,0.474,0.555,0.474,0
daf2071731094aa1,BAC_1,A,S|I|C,0.375,11.87,11.9,10.92,-1,0.239,0.386,0.533,0.357,0
1d3ff1e67af64306,BAC_1,F3,R|I|C,0.524,9.8,7.77,10.17,1,0.485,0.577,0.496,0.533,1
7775237d900947bd,BAC_1,A,I|A|S,0.447,12.44,11.9,11.98,1,0.68,0.841,0.689,0.762,1
6c1af76054a647b5,BAC_1,A,E|I|A,0.574,9.08,8.85,6.9,1,0.621,0.897,0.565,0.751,0
925093907f1440c7,BAC_1,D,I|S|C,0.515,8.67,8.19,8.29,1,0.265,0.594,0.596,0.479,1
abe60860d72c4824,BAC_1,D,E|C|I,0.626,10.74,10.85,8.81,-1,0.483,0.953,0.267,0.686,1
15b68763dca844e3,BAC_1,A,E|I|C,0.544,9.93,9.26,8.61,1,0.536,0.435,0.467,0.475,0
19255cf1241e45ca,BAC_1,D,S|A|I,0.547,10.75,9.35,11.42,1,0.63,0.538,0.716,0.597,1
5b1dc4aaa37640d6,BAC_1,A,S|C|I,0.594,12.35,11.35,12.07,1,0.435,0.99,0.275,0.688,1
64470c733a6040ca,BAC_1,A,S|C|I,0.543,7.59,7.48,7.6,1,0.535,0.581,0.492,0.552,0
6a4fa18ec36a4fe7,BAC_1,A,I|C|E,0.6,10.29,9.68,9.27,1,0.592,0.39,0.531,0.482,0
9177e6646c0c4f9d,BAC_1,D,S|C|A,0.662,10.97,11.26,10.8,-1,0.696,0.264,0.399,0.436,0
a8d37753290a4ca1,BAC_1,D,E|I|R,0.513,10.11,8.07,9.96,1,0.702,0.465,0.707,0.585,0
cf893d78eca543c5,BAC_1,D,E|C|I,0.586,9.72,8.56,9.23,1,0.626,0.99,0.29,0.757,0
783c6b4ae6da4eb7,BAC_1,D,E|S|I,0.541,14.03,14.33,14.36,-1,0.491,0.35,0.355,0.4,0
4c3ab080eb1649a2,BAC_1,A,S|C|I,0.467,7.98,8.0,7.77,-1,0.206,0.99,0.597,0.657,0
f4dc6d8b51834060,BAC_1,D,S|C|E,0.467,7.37,6.48,8.15,1,0.539,0.397,0.783,0.505,0
1346f857d9ae4380,BAC_1,A,S|E|C,0.458,11.1,11.53,10.36,-1,0.359,0.816,0.505,0.609,0
69e3749624034146,BAC_1,D,C|I|E,0.514,10.47,9.37,11.17,1,0.555,0.852,0.399,0.68,0
add8397010254e37,BAC_1,D,S|E|I,0.515,8.59,9.04,9.67,-1,0.456,0.538,0.582,0.516,0
da491f3cb2994359,BAC_1,D,I|E|C,0.495,8.13,7.35,7.83,1,0.462,0.758,0.846,0.667,0
af66542b7a694389,BAC_1,A,E|S|I,0.496,7.64,6.11,6.9,1,0.496,0.99,0.737,0.779,0
eee775a0a37848fc,BAC_1,F3,R|I|E,0.47,12.42,11.25,10.63,1,0.366,0.872,0.504,0.639,0
96d9c8d6bcbd45db,BAC_1,A,A|I|C,0.44,10.21,10.1,10.36,1,0.551,0.867,0.313,0.673,1
8302961aa72e41df,BAC_1,A,R|E|S,0.493,9.55,9.52,9.47,1,0.35,0.75,0.409,0.559,1
83272685233b4f08,BAC_1,D,C|A|S,0.502,13.0,12.25,11.94,1,0.474,0.99,0.467,0.731,1
bf41b73920ed4141,BAC_1,G3,C|S|E,0.546,8.08,8.22,8.38,-1,0.593,0.491,0.522,0.532,1
8b52b3104af541a1,BAC_1,A,E|A|I,0.379,9.43,9.56,7.95,-1,0.305,0.403,0.229,0.343,1
522a46c9ff0d4c54,BAC_1,D,R|S|C,0.495,13.36,12.82,14.23,1,0.495,0.914,0.517,0.708,0
fb7d7f764fe94456,BAC_1,A,C|E|A,0.477,11.69,11.3,11.04,1,0.28,0.46,0.526,0.407,0
3c306ca35dfb45b5,BAC_1,D,C|A|S,0.451,12.64,12.53,11.47,1,0.392,0.878,0.456,0.645,0
7710a5003a3a459f,BAC_1,A,S|C|E,0.492,11.28,11.03,10.72,1,0.616,0.837,0.582,0.721,1
ed3f37b0d1c844dd,BAC_1,A,A|E|S,0.525,13.7,12.44,12.02,1,0.646,0.99,0.607,0.812,1
2eb4cdcf64f84bbe,BAC_1,D,A|R|S,0.458,10.75,11.24,11.24,-1,0.437,0.288,0.695,0.401,0
f65776bc5e9144c4,BAC_1,A,S|E|I,0.544,12.97,11.88,13.99,1,0.842,0.671,0.791,0.749,1
3bef980fcc724eb0,BAC_1,T1,I|C|R,0.578,9.88,8.94,8.85,1,0.763,0.777,0.21,0.687,0
3f8bd9d8c6bd43cf,BAC_1,A,R|S|A,0.542,11.34,11.73,9.77,-1,0.529,0.676,0.656,0.621,0
f35e7072232d4cf5,BAC_1,A,E|A|I,0.523,12.29,11.51,9.94,1,0.643,0.425,0.33,0.487,0
6f26229a2b2a4581,BAC_1,D,S|I|C,0.529,13.65,13.36,11.76,1,0.434,0.602,0.1,0.468,1
bbe3f94281fa4775,BAC_1,A,I|C|S,0.465,9.93,9.82,8.26,1,0.358,0.785,0.696,0.622,1
58ce89487ad54e26,BAC_1,D,E|C|A,0.464,12.8,12.37,12.18,1,0.497,0.777,0.44,0.628,1
80027495813e4936,BAC_1,A,E|C|A,0.524,10.71,10.19,10.25,1,0.552,0.665,0.53,0.605,1
9cb83ea9f3084d0e,BAC_1,A,S|A|I,0.573,11.29,10.23,10.67,1,0.464,0.857,0.299,0.636,0
a41f8495f2074cc8,BAC_1,A,S|A|C,0.351,8.65,9.09,7.48,-1,0.213,0.7,0.332,0.474,1
737754279a1644ad,BAC_1,D,I|C|A,0.536,11.25,10.08,10.59,1,0.7,0.286,0.386,0.446,0
c18ed3a70fad4acd,BAC_1,A,E|I|A,0.385,13.63,13.2,14.1,1,0.341,0.37,0.344,0.356,1
5941dd05d6244a01,BAC_1,D,I|E|C,0.431,10.86,9.99,9.37,1,0.664,0.838,0.661,0.751,1
775132071dd740ff,BAC_1,D,S|E|A,0.505,9.0,8.89,9.63,1,0.671,0.653,0.746,0.673,0
8744ad1a701c40c5,BAC_1,D,S|C|A,0.384,11.8,11.38,10.36,1,0.339,0.913,0.458,0.644,1
175e777bd3264b76,BAC_1,A,A|C|I,0.468,9.7,11.03,7.29,-1,0.44,0.925,0.418,0.679,0
7e7bbe3bdf374404,BAC_1,D,E|S|C,0.531,12.03,11.2,11.9,1,0.52,0.831,0.355,0.651,1
72079440b21046e4,BAC_1,A,E|S|A,0.509,12.5,12.0,11.25,1,0.585,0.621,0.542,0.597,1
a5002c8d05b94f30,BAC_1,D,A|C|S,0.38,11.8,10.68,9.9,1,0.506,0.78,0.297,0.611,1
8d78e0209be94a96,BAC_1,A,S|A|E,0.499,13.32,14.26,15.3,-1,0.48,0.934,0.444,0.702,1
6f7cfff239464983,BAC_1,A,E|A|C,0.548,11.28,11.44,11.41,-1,0.65,0.904,0.478,0.751,0
abc38dfd6d224b44,BAC_1,A,E|C|A,0.54,12.39,11.81,11.34,1,0.485,0.649,0.386,0.552,1
94d0bac39995482b,BAC_1,A,E|C|S,0.515,12.47,11.49,11.87,1,0.682,0.9,0.625,0.782,1
ae6045e6659249b7,BAC_1,D,S|A|C,0.446,8.34,7.76,7.76,1,0.379,0.729,0.618,0.59,1
2c0bda350c7340d9,BAC_1,D,I|R|C,0.499,8.74,7.8,7.33,1,0.4,0.531,0.906,0.541,0
59ef1d21907044a8,BAC_1,A,S|I|C,0.525,12.02,12.61,10.7,-1,0.331,0.624,0.409,0.489,0
4ec6490bf54d455c,BAC_1,A,E|I|A,0.488,14.2,14.05,14.63,1,0.346,0.374,0.431,0.373,0
fb3ee89b079c4b29,BAC_1,A,E|R|S,0.589,10.21,9.52,7.63,1,0.408,0.387,0.423,0.4,1
873d3e56ec1a490f,BAC_1,D,I|C|S,0.504,11.29,11.2,9.65,1,0.421,0.337,0.687,0.419,0
8e73e9d6642c40ac,BAC_1,A,A|E|S,0.529,10.93,10.25,9.18,1,0.485,0.99,0.643,0.761,0
e847c2e7ecfe460d,BAC_1,D,C|A|I,0.513,14.63,13.08,13.59,1,0.531,0.539,0.356,0.509,1
f4163b3d71d845a8,BAC_1,A,C|E|S,0.467,11.9,11.47,10.38,1,0.437,0.228,0.363,0.321,1
a603d5e06eed4caa,BAC_1,A,A|S|C,0.496,9.4,9.29,8.49,1,0.622,0.472,0.534,0.534,0
d3372ad827ff499b,BAC_1,A,A|E|I,0.542,11.3,10.6,9.32,1,0.417,0.841,0.615,0.659,1
580b6f28ea2c4f70,BAC_1,B,S|I|A,0.511,12.11,11.59,11.71,1,0.515,0.501,0.431,0.495,1
803105ac8e6f4b00,BAC_1,F4,R|E|I,0.405,9.58,8.41,9.65,1,0.314,0.857,0.279,0.58,0
cabf1a26fc7241a8,BAC_1,A,S|A|C,0.462,7.77,8.57,8.2,-1,0.606,0.571,0.828,0.622,0
3d04d726a3b744b6,BAC_1,B,S|C|A,0.598,9.9,9.34,10.45,1,0.648,0.648,0.805,0.672,1
aeb6275e8d564c9c,BAC_1,C,C|I|R,0.595,10.11,8.94,9.41,1,0.529,0.809,0.99,0.738,0
430e321eabcc4fb2,BAC_1,D,S|C|I,0.642,11.51,12.5,11.18,-1,0.563,0.803,0.686,0.702,0
811e7a23c535487b,BAC_1,D,R|C|I,0.535,13.14,14.0,12.58,-1,0.452,0.77,0.938,0.684,1
988477b490124605,BAC_1,A,A|S|E,0.497,8.07,7.14,6.96,1,0.597,0.849,0.752,0.746,0
a4a16787573a4cf2,BAC_1,D,A|R|S,0.49,11.92,11.77,12.06,1,0.453,0.458,0.363,0.442,0
63fbc8087a5942f3,BAC_1,A,S|A|C,0.462,11.47,11.26,10.59,1,0.565,0.609,0.328,0.552,0
0c52ad912849458c,BAC_1,A,C|S|E,0.492,11.24,10.56,9.53,1,0.496,0.719,0.622,0.626,1
e381c01b13a840d2,BAC_1,A,S|I|C,0.508,8.72,8.01,8.46,1,0.598,0.661,0.732,0.65,0
0dd79d0b328a43cb,BAC_1,A,A|C|I,0.372,7.56,8.08,5.76,-1,0.5,0.52,0.306,0.481,1
fddec76f492f4b3e,BAC_1,G3,E|C|I,0.418,6.99,7.33,7.21,-1,0.355,0.77,0.1,0.524,1
f645f8fe5b4c4fdb,BAC_1,A,E|C|A,0.49,9.43,8.36,9.04,1,0.495,0.873,0.544,0.692,1
3ebab78fa8b245b3,BAC_1,A,S|A|R,0.571,8.16,7.64,8.2,1,0.741,0.4,0.245,0.496,0
3afb050094df443e,BAC_1,D,S|I|C,0.516,13.33,13.03,12.41,1,0.527,0.99,0.71,0.786,0
2b73df3ed5534f3b,BAC_1,D,E|C|I,0.565,9.7,9.1,9.11,1,0.402,0.757,0.468,0.59,0
413f9a9251de431b,BAC_1,A,E|C|S,0.581,9.67,9.57,8.13,1,0.581,0.648,0.357,0.581,1
a2850b1b7bd74b3f,BAC_1,A,S|A|I,0.58,9.24,7.52,9.64,1,0.663,0.822,0.759,0.757,1
221418fd840c4b8a,BAC_1,D,C|I|R,0.593,14.5,13.93,14.31,1,0.55,0.682,0.5,0.609,0
85af2dfbaf9547a0,BAC_1,D,S|C|A,0.558,9.28,8.53,10.43,1,0.696,0.644,0.428,0.63,1
00756c99313a450a,BAC_1,A,S|R|A,0.423,8.6,8.95,9.14,-1,0.302,0.764,0.458,0.556,1
bd6bb079f0b844a1,BAC_1,G2,C|E|A,0.503,10.56,10.42,9.71,1,0.49,0.652,0.879,0.63,0
9d7e1f6586ef4984,BAC_1,A,S|A|E,0.523,10.34,9.25,9.58,1,0.502,0.753,0.607,0.643,0
eaef2d9a0bd54631,BAC_1,A,I|E|A,0.446,10.92,10.84,10.25,1,0.549,0.511,0.514,0.524,1
2bd5b179906843f7,BAC_1,D,A|S|E,0.49,9.59,8.8,9.0,1,0.591,0.736,0.383,0.632,1
31467e60e9404146,BAC_1,D,C|S|R,0.549,7.58,7.67,8.06,-1,0.501,0.608,0.99,0.628,1
afe9753129564458,BAC_1,D,S|I|C,0.507,7.8,6.39,7.24,1,0.396,0.436,0.456,0.425,1
46f17604de974a38,BAC_1,D,C|E|S,0.598,10.08,9.59,10.69,1,0.718,0.26,0.306,0.427,0
a3069026f39d4bd7,BAC_1,D,S|I|E,0.659,7.87,7.44,8.56,1,0.654,0.899,0.784,0.796,1
1d8a987187a04dd9,BAC_1,G3,I|C|E,0.437,9.34,9.5,8.66,-1,0.355,0.495,0.743,0.483,0
1173c74752d8411e,BAC_1,D,C|E|I,0.449,12.02,10.76,11.13,1,0.45,0.99,0.21,0.684,1
d15b27b267224bf2,BAC_1,D,C|E|I,0.564,8.15,7.35,7.08,1,0.507,0.99,0.364,0.727,0
805b9a51aa144470,BAC_1,A,I|A|S,0.382,10.72,10.42,9.51,1,0.402,0.99,0.283,0.678,1
a17f0e8fcf5742a6,BAC_1,F3,R|C|I,0.439,10.48,10.37,10.38,1,0.403,0.904,0.319,0.641,1
107d4514299a49a4,BAC_1,D,R|I|E,0.513,9.84,9.67,8.51,1,0.627,0.56,0.63,0.594,0
56fd11fbdc2b41c7,BAC_1,D,C|E|I,0.547,14.66,14.4,14.81,1,0.595,0.978,0.533,0.777,0
9c0e439441a24eda,BAC_1,D,S|E|C,0.597,8.98,9.23,8.45,-1,0.53,0.188,0.61,0.371,1
be98447e05b84245,BAC_1,D,S|C|R,0.515,11.44,11.19,10.21,1,0.555,0.256,0.779,0.439,0
e879b78dabcb44a4,BAC_1,D,S|R|I,0.524,12.7,12.93,13.38,-1,0.57,0.441,0.306,0.466,0
01437acc9ba446e5,BAC_1,A,A|S|I,0.413,10.68,11.16,10.22,-1,0.444,0.78,0.688,0.648,0
1eb551d1fc4e4afb,BAC_1,A,A|S|E,0.522,7.03,6.43,6.61,1,0.513,0.597,0.626,0.572,0
8957956db6994323,BAC_1,D,I|S|A,0.55,13.91,14.73,12.51,-1,0.577,0.736,0.413,0.632,1
2672a09abf1a48d1,BAC_1,D,S|I|A,0.489,9.97,9.74,9.51,1,0.468,0.364,0.958,0.49,0
bc0c06959ea64386,BAC_1,D,E|C|S,0.557,12.21,11.48,12.77,1,0.566,0.694,0.165,0.57,0
07b83b9c6507405c,BAC_1,G3,C|I|E,0.495,10.26,9.6,10.62,1,0.611,0.539,0.487,0.557,0
bf7b6e6177174cf8,BAC_1,A,S|E|C,0.514,8.75,9.2,8.18,-1,0.519,0.485,0.366,0.479,0
4d3527ed653f46be,BAC_1,A,A|S|I,0.4,7.22,5.89,6.48,1,0.431,0.645,0.528,0.552,0
add65c2a5f4241d9,BAC_1,A,A|C|I,0.429,8.77,7.5,10.18,1,0.472,0.681,0.77,0.621,0
7925d9b25aeb4346,BAC_1,A,S|A|C,0.521,10.25,10.43,10.59,-1,0.491,0.877,0.215,0.642,1
5452a78c9ce140f9,BAC_1,A,A|I|E,0.366,10.51,9.01,8.82,1,0.335,0.449,0.526,0.421,0
bb4c99ed794b49a5,BAC_1,D,I|E|C,0.516,13.15,12.43,11.88,1,0.441,0.99,0.431,0.714,1
e09a874088344d96,BAC_1,D,A|I|C,0.391,12.72,11.64,12.61,1,0.289,0.59,0.436,0.461,0
48d9228ac9154dab,BAC_1,D,R|I|S,0.469,9.05,8.62,7.81,1,0.468,0.27,0.438,0.365,0
aa2b098760654529,BAC_1,A,I|C|S,0.471,11.49,11.07,11.58,1,0.432,0.882,0.336,0.643,0
10c5690e24b84073,BAC_1,D,I|R|C,0.531,9.61,9.84,8.37,-1,0.519,0.869,0.263,0.655,0
be65a60045a844f9,BAC_1,A,S|E|I,0.301,11.79,11.45,9.98,1,0.169,0.881,0.401,0.56,1
3ba9aaa959cb45f7,BAC_1,D,E|C|I,0.487,10.8,11.16,10.73,-1,0.618,0.825,0.539,0.71,0
85b12bc918904de7,BAC_1,A,S|C|A,0.549,11.59,11.38,10.76,1,0.62,0.426,0.581,0.517,0
0a517439b0954f97,BAC_1,A,A|I|E,0.465,11.02,10.93,11.05,1,0.342,0.739,0.524,0.568,0
666d41e7d02a428c,BAC_1,D,S|I|E,0.478,13.9,13.16,15.17,1,0.547,0.231,0.471,0.377,1
af37e36532bd4fdd,BAC_1,A,S|A|E,0.55,12.02,12.39,12.86,-1,0.457,0.813,0.531,0.646,0
01a9aaf6ec194e80,BAC_1,A,C|E|A,0.587,9.82,9.68,11.12,1,0.329,0.593,0.892,0.545,1
90aba86468224c4a,BAC_1,G2,S|C|R,0.441,12.26,12.53,12.89,-1,0.358,0.45,0.187,0.378,1
ca3229568c284bcc,BAC_1,A,S|A|E,0.495,8.18,7.84,7.49,1,0.435,0.747,0.242,0.562,1
fd7be95006bf43c8,BAC_1,D,C|E|I,0.545,8.42,8.62,8.66,-1,0.478,0.952,0.581,0.731,0
3b3fa2c4aa3947ed,BAC_1,G2,E|C|S,0.499,11.68,10.13,12.08,1,0.427,0.373,0.445,0.402,1
830850e65f0841cb,BAC_1,A,S|I|E,0.449,10.18,8.57,9.78,1,0.305,0.422,0.196,0.347,0
8aabcc7e21a5493f,BAC_1,D,S|C|I,0.531,10.15,10.44,8.88,-1,0.593,0.345,0.784,0.497,0
b0e146d2fb7e40e0,BAC_1,A,C|I|S,0.573,10.83,10.1,11.99,1,0.487,0.752,0.654,0.645,0
7e05474723d64c08,BAC_1,A,E|S|I,0.428,11.17,10.79,10.62,1,0.619,0.99,0.367,0.767,1
43a321becbbd4212,BAC_1,D,I|A|C,0.593,14.07,12.79,13.8,1,0.558,0.338,0.629,0.459,0
d18a0bec6f484505,BAC_1,A,E|C|S,0.579,8.84,9.74,8.64,-1,0.425,0.891,0.22,0.627,1
dec6bfcd6c144206,BAC_1,A,C|E|I,0.552,9.81,11.06,10.44,-1,0.388,0.99,0.272,0.672,1
30ec7b4487d546fb,BAC_1,F2,I|C|R,0.587,9.9,10.67,9.52,-1,0.65,0.512,0.827,0.608,0
416e816e7b2b4497,BAC_1,D,R|I|C,0.582,10.43,9.82,11.4,1,0.437,0.23,0.496,0.342,0
b1a5598a03424415,BAC_1,D,I|R|E,0.528,12.12,11.71,10.01,1,0.615,0.604,0.443,0.584,1
cfa53b1e11bc412b,BAC_1,A,A|I|S,0.487,12.36,12.97,13.43,-1,0.368,0.982,0.547,0.702,1
cda948a7a3bf4ba0,BAC_1,D,R|E|I,0.485,8.8,9.16,7.14,-1,0.363,0.99,0.455,0.69,0
3865d9f1e6bb4a18,BAC_1,A,E|I|S,0.534,12.42,12.39,12.18,1,0.568,0.606,0.571,0.588,0
3615f5dcd70f496d,BAC_1,D,E|I|A,0.642,10.91,11.58,11.48,-1,0.62,0.608,0.35,0.573,1
bc0047f804e54645,BAC_1,A,E|C|S,0.508,11.21,10.51,11.4,1,0.573,0.867,0.535,0.714,1
aca75ad430414b3f,BAC_1,A,S|E|A,0.52,9.34,7.82,8.48,1,0.708,0.496,0.342,0.547,0
adf086fc042041fd,BAC_1,A,S|A|I,0.571,5.36,5.58,4.85,-1,0.631,0.899,0.385,0.728,1
50280e76dd804b12,BAC_1,G1,E|I|C,0.489,11.61,11.72,12.39,-1,0.508,0.708,0.501,0.607,0
0a1ef8c86d1e4225,BAC_1,A,E|I|S,0.68,12.21,11.77,11.5,1,0.479,0.331,0.299,0.378,1
2a5d2b332f6549b6,BAC_1,D,S|C|R,0.563,10.48,9.81,9.77,1,0.509,0.216,0.546,0.368,0
089945b3f8ff4123,BAC_1,B,E|C|I,0.565,9.57,9.68,9.26,-1,0.657,0.843,0.642,0.748,0
d0f92d2237674232,BAC_1,D,S|E|A,0.467,10.59,10.45,9.49,1,0.367,0.228,0.677,0.344,0
fbbc7ae06aa24d20,BAC_1,A,S|E|A,0.459,10.14,8.54,10.03,1,0.468,0.794,0.316,0.608,1
d83441acf9df4e13,BAC_1,A,S|E|I,0.571,8.26,7.86,7.24,1,0.51,0.448,0.436,0.468,0
4d60440b761f403b,BAC_1,G3,E|C|S,0.588,11.16,10.5,10.45,1,0.655,0.52,0.596,0.579,1
1af3e49577c247b7,BAC_1,A,A|C|S,0.492,8.05,6.95,7.36,1,0.555,0.99,0.425,0.753,0
394501d77da24db7,BAC_1,D,R|S|A,0.534,9.06,7.99,10.61,1,0.546,0.348,0.696,0.47,0
5a9f8b5945014d22,BAC_1,D,R|C|I,0.658,10.82,10.93,9.76,-1,0.576,0.576,0.361,0.544,0
1adaf8f44afb4d61,BAC_1,A,A|S|E,0.542,11.92,11.07,12.32,1,0.596,0.437,0.341,0.478,1
a448f1ef338940b5,BAC_1,D,C|S|I,0.614,10.47,9.53,9.39,1,0.65,0.301,0.77,0.494,0
46393174d9e24f60,BAC_1,D,R|C|S,0.574,9.6,9.57,8.17,1,0.429,0.744,0.47,0.592,0
20d2519e3261436e,BAC_1,A,S|I|C,0.479,8.28,9.07,7.92,-1,0.408,0.535,0.646,0.507,1
62f5705daf9e46f0,BAC_1,D,A|I|E,0.475,9.13,8.44,8.72,1,0.594,0.844,0.456,0.698,1
89ab40b0f9f74f41,BAC_1,A,S|A|C,0.495,9.39,9.35,8.71,1,0.385,0.308,0.532,0.368,0
758927e4b73543bd,BAC_1,G3,S|C|I,0.54,11.37,10.74,11.3,1,0.402,0.598,0.448,0.507,0
9fc5f35c1af149ba,BAC_1,A,I|S|C,0.532,9.5,8.76,10.48,1,0.59,0.487,0.797,0.57,0
e4b6d62a89f6401e,BAC_1,A,A|I|S,0.521,10.48,9.61,10.0,1,0.474,0.68,0.658,0.605,0
0171d4fce5614bf1,BAC_1,D,S|E|C,0.561,4.15,3.58,3.67,1,0.494,0.334,0.478,0.412,0
ac0f7b970da74747,BAC_1,A,S|E|I,0.433,9.64,8.68,9.44,1,0.541,0.537,0.385,0.516,0
3b2dc5ebd3284c47,BAC_1,G2,C|E|A,0.518,13.75,12.79,12.72,1,0.512,0.534,0.378,0.503,1
32276ed0fbcf4094,BAC_1,D,I|R|E,0.543,5.11,4.75,4.18,1,0.569,0.814,0.512,0.683,1
a2a68149367748b7,BAC_1,D,E|S|I,0.542,9.15,8.81,9.24,1,0.681,0.592,0.228,0.568,0
eb4959eed40b405e,BAC_1,D,C|R|E,0.533,12.02,11.06,11.7,1,0.469,0.788,0.724,0.667,0
82b74ab489184a5a,BAC_1,G2,I|E|C,0.598,8.19,6.62,8.79,1,0.577,0.668,0.34,0.587,1
0d80c32d14564a0f,BAC_1,D,I|C|E,0.611,13.53,14.71,13.39,-1,0.69,0.322,0.409,0.464,0
1df94e185f3b4903,BAC_1,A,E|C|S,0.571,8.31,7.47,7.95,1,0.706,0.722,0.461,0.677,1
60d4d2adb64144d7,BAC_1,A,A|E|I,0.433,11.26,11.94,9.29,-1,0.542,0.792,0.695,0.69,1
1c12a22eab594357,BAC_1,E,E|C|I,0.59,6.4,6.6,4.84,-1,0.517,0.955,0.738,0.769,0
41cd441f718c4de2,BAC_1,D,C|I|A,0.657,6.65,6.47,6.46,1,0.723,0.751,0.376,0.685,1
648886987f9c46f2,BAC_1,D,I|C|S,0.46,13.01,12.77,11.24,1,0.419,0.508,0.354,0.454,0
6d888d9eacee4864,BAC_1,D,S|A|E,0.49,10.22,9.08,10.07,1,0.378,0.531,0.741,0.509,0
678dc144cc484595,BAC_1,A,A|S|I,0.507,9.73,8.43,7.66,1,0.366,0.9,0.77,0.694,0
46eebc64077b45ab,BAC_1,A,A|I|C,0.48,7.43,6.47,5.82,1,0.544,0.785,0.297,0.627,1
19b3e505a96c4cc6,BAC_1,A,C|I|E,0.591,9.64,8.76,7.51,1,0.459,0.458,0.583,0.477,0
d1ec8fb471244809,BAC_1,A,R|S|A,0.565,7.54,7.3,6.46,1,0.732,0.911,0.356,0.765,1
b1fa402df5384cf4,BAC_1,A,A|C|S,0.547,9.96,10.3,11.19,-1,0.598,0.83,0.807,0.745,0
ecc2171759e84610,BAC_1,D,I|R|C,0.545,11.52,10.35,10.96,1,0.731,0.278,0.709,0.501,1
f5ccd325750f42d4,BAC_1,D,I|S|C,0.607,9.07,8.91,7.79,1,0.378,0.443,0.288,0.397,1
8a16ec7c2cbb48f0,BAC_1,D,C|I|S,0.626,12.5,11.74,12.28,1,0.61,0.339,0.219,0.416,0
c099402efa0e48f2,BAC_1,A,A|S|E,0.591,9.72,8.97,8.21,1,0.703,0.302,0.419,0.46,0
1d86703dbc7c4cf2,BAC_1,D,E|A|C,0.543,12.91,11.75,12.24,1,0.652,0.229,0.767,0.458,0
87c4b0d2ed284117,BAC_1,A,A|I|S,0.357,10.73,9.25,10.22,1,0.173,0.415,0.623,0.361,0
794d1460020f4cfd,BAC_1,D,C|S|R,0.617,16.15,16.7,15.47,-1,0.497,0.358,0.65,0.451,0
6a13eca0316843fc,BAC_1,D,A|S|C,0.446,10.15,9.8,8.46,1,0.563,0.605,0.341,0.551,1
e440482ebff24a81,BAC_1,D,A|S|C,0.517,7.72,6.37,7.7,1,0.611,0.99,0.558,0.793,0
6088eeecc7c94086,BAC_1,A,I|E|A,0.557,15.28,14.86,14.01,1,0.461,0.741,0.557,0.615,1
67b5aff4954b4b68,BAC_1,D,R|C|I,0.513,11.7,10.99,11.39,1,0.452,0.461,0.566,0.474,0
59f0ec1ad66f4fc2,BAC_1,A,S|A|I,0.465,10.91,11.11,10.3,-1,0.514,0.699,0.604,0.62,0
ecaee406653c4efb,BAC_1,D,A|S|E,0.459,11.05,10.08,9.99,1,0.537,0.424,0.255,0.438,0
d6ab979dd0604da0,BAC_1,B,E|C|I,0.523,7.86,6.96,7.35,1,0.513,0.458,0.292,0.452,0
0bfbfd784a764c46,BAC_1,A,I|C|S,0.476,12.64,11.74,12.42,1,0.393,0.775,0.701,0.63,1
0f008fac2eee45a3,BAC_1,G3,C|S|E,0.556,9.15,8.84,7.87,1,0.508,0.534,0.441,0.511,1
ccbf0b462a5145d1,BAC_1,A,S|C|I,0.573,11.04,11.48,10.24,-1,0.618,0.915,0.671,0.774,0
6744ab82a6e14703,BAC_1,A,S|E|I,0.43,14.51,13.17,13.81,1,0.383,0.58,0.337,0.474,0
11bb8f2fa0884436,BAC_1,D,I|S|E,0.459,15.22,15.0,16.05,1,0.497,0.455,0.1,0.416,0
ec0e2e3121204563,BAC_1,D,S|A|C,0.609,10.75,10.87,10.24,-1,0.583,0.705,0.733,0.667,1
e1e250a8b69b49a2,BAC_1,G3,E|C|R,0.572,12.4,11.54,12.47,1,0.456,0.397,0.857,0.487,0
6d249e49ceb0458d,BAC_1,D,I|R|C,0.544,13.38,13.59,13.44,-1,0.494,0.471,0.602,0.498,1
af5ca288c4a449c6,BAC_1,A,I|A|S,0.573,9.31,9.45,6.93,-1,0.438,0.266,0.581,0.373,0
e5ec68d4febc47b3,BAC_1,A,S|C|I,0.552,9.54,9.36,9.51,1,0.622,0.99,0.231,0.747,0
396c28d921244a68,BAC_1,A,S|C|E,0.558,8.91,9.14,9.5,-1,0.645,0.99,0.558,0.804,1
d240a7d7fede4105,BAC_1,B,A|E|I,0.508,9.03,8.58,7.82,1,0.478,0.727,0.669,0.631,1
1c15ff8276af447a,BAC_1,F4,S|C|R,0.467,9.76,9.86,9.7,-1,0.591,0.824,0.517,0.696,1
7760a88d7e1b4941,BAC_1,A,I|C|S,0.426,11.22,10.26,10.78,1,0.535,0.646,0.279,0.552,0
c0bbf156a75943ec,BAC_1,D,C|S|R,0.605,8.9,7.85,8.34,1,0.616,0.69,0.535,0.641,0
9e0a9000becf40d8,BAC_1,C,I|C|E,0.427,9.39,8.4,8.44,1,0.419,0.437,0.54,0.446,0
540514e4f36747fb,BAC_1,A,S|A|C,0.534,9.58,8.43,9.9,1,0.633,0.781,0.271,0.653,1
9c816f3944da43fc,BAC_1,D,I|C|E,0.469,9.16,9.43,8.52,-1,0.458,0.411,0.361,0.42,1
6c06d53aca4641fd,BAC_1,G2,E|A|S,0.536,12.11,11.08,10.54,1,0.602,0.703,0.618,0.655,0
bfe918fce26f4bee,BAC_1,D,R|C|I,0.431,12.33,13.03,12.36,-1,0.568,0.791,0.559,0.678,1
911eae65abcc471f,BAC_1,D,S|A|I,0.449,8.15,7.69,7.44,1,0.428,0.643,0.724,0.58,0
2b366053044b400f,BAC_1,A,A|C|S,0.482,7.34,7.82,6.11,-1,0.408,0.512,0.33,0.449,1
e0c3246ac0d2473e,BAC_1,B,S|E|C,0.547,9.74,8.11,8.08,1,0.621,0.604,0.572,0.605,0
8962ee3df7094917,BAC_1,F2,R|C|E,0.539,10.79,11.0,10.51,-1,0.536,0.252,0.547,0.395,1
b50e7a3c2b944448,BAC_1,A,A|S|C,0.606,6.99,7.4,6.36,-1,0.56,0.798,0.662,0.694,0
683afd484bf54d3e,BAC_1,A,E|C|I,0.583,10.56,10.0,9.41,1,0.629,0.508,0.478,0.545,1
3617cf13b0564bff,BAC_1,D,R|I|E,0.493,9.57,8.89,9.94,1,0.463,0.78,0.438,0.617,0
ee9ef0d76f8f465d,BAC_1,D,I|C|S,0.573,13.19,12.99,13.51,1,0.521,0.206,0.554,0.368,0
eb03ccb1e3e94f23,BAC_1,G3,E|S|R,0.538,8.11,8.51,8.15,-1,0.372,0.57,0.763,0.53,1
8bf5c095991449cc,BAC_1,D,S|C|E,0.434,10.98,10.75,10.91,1,0.486,0.356,0.604,0.439,1
0957fffbbb674c83,BAC_1,D,S|A|I,0.432,8.49,8.24,7.69,1,0.485,0.569,0.752,0.567,1
9a3554efa14343e1,BAC_1,A,S|I|A,0.39,13.57,12.81,14.75,1,0.266,0.393,0.43,0.354,0
47dfd3ce1b5e465d,BAC_1,A,A|S|C,0.573,11.89,10.31,11.03,1,0.732,0.389,0.667,0.551,1
cc68ea906d894d95,BAC_1,D,I|R|C,0.637,11.22,11.46,11.08,-1,0.543,0.31,0.277,0.387,0
476c91a12fea4563,BAC_1,D,C|I|E,0.466,7.6,7.01,7.35,1,0.54,0.121,0.419,0.312,0
ac216a317c6d406a,BAC_1,D,S|E|C,0.573,10.79,10.86,11.18,-1,0.696,0.492,0.286,0.533,0
e3bf775f402e4c55,BAC_1,A,E|A|R,0.459,10.25,9.56,9.43,1,0.546,0.654,0.495,0.592,1
b83f04e3634a4e7c,BAC_1,A,S|E|I,0.606,8.63,8.55,7.84,1,0.547,0.406,0.129,0.414,0
5629ff1e37fd4257,BAC_1,E,C|R|I,0.491,12.17,11.37,11.8,1,0.663,0.99,0.571,0.813,1
4158759399664db8,BAC_1,A,S|E|A,0.586,11.43,9.92,11.3,1,0.49,0.852,0.385,0.655,0
b2e95d43edd94f4b,BAC_1,D,R|I|E,0.589,11.36,11.88,11.66,-1,0.653,0.471,0.304,0.509,0
ce3e5d790e5b457b,BAC_1,D,I|A|S,0.56,10.86,12.06,9.0,-1,0.435,0.345,0.351,0.377,0
d6b90f186ce24f97,BAC_1,A,A|C|I,0.447,12.56,10.42,12.04,1,0.31,0.797,0.297,0.551,1
5e8fe272f96941a1,BAC_1,A,I|S|A,0.513,11.35,10.96,11.77,1,0.408,0.26,0.732,0.383,0
b89e708138414e44,BAC_1,B,I|E|C,0.548,11.1,10.43,11.28,1,0.589,0.546,0.462,0.548,0
6fba6104349642f6,BAC_1,D,E|C|S,0.46,11.1,10.11,9.81,1,0.506,0.402,0.445,0.445,0
c8ace8ecb5034f19,BAC_1,A,S|I|E,0.561,5.68,5.75,6.45,-1,0.725,0.631,0.623,0.662,1
e8ce36fd4fd74def,BAC_1,A,S|A|I,0.47,11.39,10.6,11.87,1,0.486,0.961,0.437,0.716,1
7a5b72633a47424d,BAC_1,D,A|R|S,0.616,15.49,13.79,14.36,1,0.689,0.378,0.522,0.508,0
a3ce506017194b79,BAC_1,D,I|E|C,0.571,13.27,12.64,11.79,1,0.304,0.649,0.446,0.498,1
03c604f3a6a64b3c,BAC_1,A,S|A|C,0.456,9.58,8.95,10.06,1,0.412,0.848,0.695,0.672,1
1e278add14dd4cd1,BAC_1,D,I|C|R,0.538,7.93,8.71,7.58,-1,0.534,0.904,0.266,0.679,1
89f3512b89d4475c,BAC_1,A,E|C|S,0.6,10.94,12.41,8.76,-1,0.464,0.605,0.322,0.513,0
e91e4bd1581e46bb,BAC_1,D,C|S|E,0.568,8.71,8.66,9.08,1,0.431,0.461,0.569,0.467,0
67050dc7f5e04b1e,BAC_1,A,S|I|A,0.54,11.48,11.54,10.3,-1,0.332,0.897,0.408,0.626,1
ecc8db05d61640c5,BAC_1,D,E|A|S,0.414,12.98,12.93,12.62,1,0.347,0.87,0.736,0.667,1
bc9026af1aab46fe,BAC_1,A,A|C|I,0.51,10.67,9.45,8.79,1,0.672,0.771,0.458,0.689,1
a18888e73e6a4bca,BAC_1,D,R|C|I,0.542,14.2,14.4,12.77,-1,0.654,0.704,0.419,0.644,1
421e4172f72446f1,BAC_1,A,E|S|C,0.574,13.77,14.89,14.79,-1,0.512,0.388,0.782,0.49,0
ccb3504a6ecd44e4,BAC_1,A,A|S|E,0.543,8.92,9.22,7.65,-1,0.466,0.906,0.481,0.688,1
d21699e18f8c4d06,BAC_1,A,A|S|I,0.385,12.51,11.94,11.52,1,0.39,0.668,0.66,0.57,1
df63169003004211,BAC_1,D,C|I|A,0.403,9.4,9.19,9.51,1,0.468,0.692,0.546,0.592,0
d5c9a7019fbf4d2e,BAC_1,A,E|C|A,0.504,7.81,7.73,7.97,1,0.671,0.815,0.786,0.76,0
2fa82cfe696f4ddb,BAC_1,A,A|S|E,0.453,10.92,10.84,10.25,1,0.432,0.99,0.506,0.722,0
1b245a281d1945b9,BAC_1,A,S|I|A,0.57,12.65,13.56,12.39,-1,0.536,0.499,0.416,0.499,1
c3ba3a27bda84061,BAC_1,A,E|A|C,0.573,6.82,5.66,6.7,1,0.616,0.768,0.419,0.663,1
59ed1e3d19ac484f,BAC_1,A,S|E|C,0.44,11.82,11.47,11.26,1,0.375,0.811,0.783,0.654,0
43a3b3116e1c4a4e,BAC_1,A,E|I|S,0.479,9.84,10.83,8.86,-1,0.523,0.465,0.531,0.495,0
9648524edfce4384,BAC_1,G3,E|S|A,0.593,9.46,9.52,8.68,-1,0.771,0.397,0.557,0.552,1
7affb202ea56470a,BAC_1,A,S|C|E,0.521,8.98,8.12,8.55,1,0.518,0.314,0.813,0.46,0
aa9cc419df29451d,BAC_1,D,I|C|S,0.558,12.61,12.1,13.17,1,0.62,0.507,0.196,0.5,0
79717c2d1ad5467c,BAC_1,A,S|I|A,0.539,9.34,8.48,8.31,1,0.573,0.765,0.682,0.685,1
284140615c3846d2,BAC_1,D,S|A|I,0.513,10.39,10.27,8.96,1,0.523,0.806,0.375,0.642,0
bf6c485d08ae412a,BAC_1,A,S|E|R,0.512,10.67,9.79,9.51,1,0.514,0.566,0.578,0.55,0
7a63085f48a443ca,BAC_1,D,C|S|I,0.459,13.18,11.97,12.57,1,0.256,0.584,0.516,0.459,0
a80429df83f24202,BAC_1,A,A|C|S,0.662,8.72,7.04,8.76,1,0.62,0.864,0.202,0.679,0
f9f403d1ad9a465b,BAC_1,A,A|S|I,0.535,12.51,12.64,11.95,-1,0.594,0.452,0.674,0.535,0
74d10f7384dc48db,BAC_1,D,I|R|S,0.526,7.42,6.94,7.85,1,0.587,0.226,0.431,0.383,0
6a6ea7f4df4f416d,BAC_1,A,S|I|C,0.526,10.82,11.23,10.21,-1,0.516,0.36,0.881,0.493,1
49d8b25942c348f3,BAC_1,G2,C|S|E,0.548,11.58,9.46,11.71,1,0.429,0.768,0.415,0.596,1
f358335472c247ab,BAC_1,D,E|C|S,0.512,9.01,9.32,8.57,-1,0.506,0.561,0.575,0.543,0
e0e0e7b2691e4850,BAC_1,D,E|I|C,0.494,11.97,11.31,10.14,1,0.364,0.282,0.406,0.329,1
07e14c83abc84889,BAC_1,D,S|R|C,0.546,12.13,11.73,11.62,1,0.722,0.99,0.29,0.791,0
e23e953126684b25,BAC_1,G2,E|C|I,0.478,11.53,11.31,13.03,1,0.726,0.426,0.533,0.547,0
a5b23bf37e2b4f13,BAC_1,A,C|A|S,0.467,8.28,7.74,6.86,1,0.458,0.523,0.55,0.504,0
95872c45cd254624,BAC_1,A,A|I|C,0.619,8.78,8.96,5.94,-1,0.573,0.488,0.384,0.502,0
db64a5fe81b44747,BAC_1,F1,E|R|I,0.396,8.53,8.29,6.85,1,0.397,0.99,0.325,0.683,0
053754272f664e95,BAC_1,G3,C|E|S,0.593,12.34,11.23,12.18,1,0.538,0.568,0.527,0.551,0
942c38c3e91245b4,BAC_1,A,I|A|E,0.647,7.92,7.91,6.91,1,0.586,0.406,0.283,0.451,1
e2c989dddd284e32,BAC_1,F4,R|E|S,0.527,12.44,12.21,11.56,1,0.74,0.859,0.465,0.759,0
76cd010797764015,BAC_1,D,S|I|C,0.562,12.94,14.1,13.86,-1,0.734,0.824,0.553,0.752,1
1b283450839e4f7f,BAC_1,D,C|R|I,0.546,10.7,11.49,10.74,-1,0.572,0.451,0.385,0.484,0
83656cc65bc84acc,BAC_1,D,R|I|C,0.499,14.14,14.52,13.57,-1,0.348,0.658,0.1,0.466,1
1759d238836946f8,BAC_1,D,I|R|E,0.594,9.83,9.54,10.25,1,0.57,0.426,0.737,0.523,1
b5d3f2911f074f75,BAC_1,A,A|I|C,0.508,13.06,13.32,13.36,-1,0.424,0.49,0.51,0.47,0
d5fba7f69a204b10,BAC_1,D,S|C|I,0.482,13.18,13.15,12.67,1,0.47,0.987,0.288,0.701,1
50100a4b52494be1,BAC_1,A,S|C|E,0.469,9.71,9.13,8.84,1,0.623,0.587,0.525,0.59,0
9b58cf81954f47ed,BAC_1,A,C|E|A,0.563,9.49,7.52,8.8,1,0.412,0.662,0.561,0.559,0
f3603045de644bf4,BAC_1,A,C|A|E,0.558,6.85,5.86,4.89,1,0.48,0.236,0.603,0.376,0
20e5b168e73e43eb,BAC_1,D,E|C|I,0.477,8.48,8.74,8.63,-1,0.563,0.736,0.573,0.651,0
42d953f36f2947c9,BAC_1,D,E|C|I,0.492,4.08,3.76,2.73,1,0.387,0.239,0.349,0.307,0
3a0bdb67e522429b,BAC_1,D,I|R|C,0.608,13.56,13.73,13.55,-1,0.739,0.381,0.647,0.546,1
5c3df0843968433e,BAC_1,A,C|E|A,0.523,11.41,10.71,11.64,1,0.451,0.864,0.603,0.68,1
e8dd37705a254c77,BAC_1,A,I|S|A,0.619,9.79,8.67,8.32,1,0.561,0.599,0.647,0.593,1
2fd645ee76ca4155,BAC_1,F1,E|R|I,0.51,12.02,10.79,10.16,1,0.487,0.946,0.536,0.724,0
c1bf6c8c0e814134,BAC_1,D,R|S|I,0.451,9.05,8.97,7.36,1,0.428,0.912,0.687,0.709,0
7609dc23064e4307,BAC_1,D,S|E|C,0.579,10.02,8.78,9.82,1,0.434,0.507,0.1,0.42,0
fc66efa84bc54c0f,BAC_1,D,R|I|C,0.431,12.41,11.89,12.19,1,0.292,0.262,0.726,0.342,0
5dc616d1656b4c39,BAC_1,A,I|S|A,0.452,9.22,9.14,8.93,1,0.431,0.338,0.43,0.384,0
a091bdb5846744a9,BAC_1,A,A|S|R,0.546,8.48,7.7,7.6,1,0.543,0.846,0.53,0.693,1
bd984d759a4745c9,BAC_1,D,C|S|E,0.588,7.89,6.48,6.51,1,0.44,0.83,0.527,0.648,1
0f751aac10784401,BAC_1,A,E|A|C,0.502,11.87,10.99,10.62,1,0.447,0.99,0.708,0.758,1
078eec3900d74d12,BAC_1,A,S|I|C,0.451,8.84,8.82,7.76,1,0.54,0.99,0.461,0.753,0
6b26b0656b8946e8,BAC_1,A,C|E|I,0.347,8.42,8.43,8.5,-1,0.444,0.619,0.346,0.517,1
e191dfcb84604b92,BAC_1,D,C|R|I,0.587,10.06,9.44,10.28,1,0.728,0.554,0.649,0.629,0
eeaff4217991483c,BAC_1,G2,C|I|E,0.55,8.25,8.59,7.09,-1,0.549,0.684,0.835,0.659,1
9e7a6e8f23bd4e03,BAC_1,D,A|I|E,0.532,10.61,10.27,11.2,1,0.6,0.589,0.325,0.553,0
f4634d8f906343cf,BAC_1,F3,R|I|E,0.567,10.87,11.42,10.09,-1,0.66,0.611,0.301,0.581,0
ebcb7c30352544eb,BAC_1,G1,E|C|I,0.543,8.54,8.66,7.21,-1,0.583,0.596,0.348,0.554,0
c06847b1d8e7421c,BAC_1,D,C|E|A,0.537,8.81,9.51,8.13,-1,0.582,0.713,0.163,0.585,0
09dae64b86ce44a0,BAC_1,A,S|I|A,0.611,8.79,9.2,7.76,-1,0.685,0.475,0.692,0.581,0
e541f52f6d6641a4,BAC_1,D,I|E|R,0.421,9.28,8.81,9.29,1,0.5,0.498,0.652,0.522,0
072b28b3a9574d65,BAC_1,A,S|I|A,0.588,10.67,10.81,10.23,-1,0.479,0.516,0.731,0.535,0
5f78024a4fef4343,BAC_1,B,E|I|C,0.515,10.08,9.64,9.2,1,0.434,0.733,0.308,0.565,0
7bb5c8f6559149c2,BAC_1,A,A|S|I,0.481,11.99,11.68,10.39,1,0.42,0.559,0.608,0.518,0
f94977eaf6b24fdb,BAC_1,A,S|I|E,0.435,9.56,10.05,7.12,-1,0.492,0.693,0.676,0.62,0
619ec28b312c43c7,BAC_1,A,S|E|A,0.406,11.69,11.99,11.5,-1,0.373,0.807,0.51,0.611,0
110dfb02d3dd4abe,BAC_1,C,I|R|C,0.569,11.85,11.03,11.03,1,0.508,0.746,0.491,0.624,1
55d37d4c932f4ef0,BAC_1,D,I|C|E,0.406,12.86,14.2,10.19,-1,0.301,0.235,0.476,0.294,1
7dde8d55c5d54035,BAC_1,A,A|I|S,0.481,13.44,11.6,13.02,1,0.326,0.322,0.333,0.325,0
dbc29918675d4bdd,BAC_1,D,C|E|I,0.52,10.69,10.1,9.85,1,0.595,0.731,0.695,0.678,1
1166d265e4484b18,BAC_1,A,S|I|C,0.561,8.52,7.41,7.6,1,0.504,0.641,0.552,0.58,0
3e0f841119d54383,BAC_1,A,A|S|I,0.524,13.08,13.47,11.69,-1,0.524,0.817,0.427,0.656,1
c62a5fa0184b4eb1,BAC_1,A,C|R|E,0.604,9.95,10.23,9.55,-1,0.558,0.54,0.736,0.575,0
db84ba8623d4434a,BAC_1,C,I|E|C,0.616,9.43,9.24,10.32,1,0.696,0.818,0.327,0.702,0
d5ec5a0a5b2240a6,BAC_1,A,S|A|E,0.462,12.53,12.91,12.8,-1,0.369,0.811,0.729,0.644,1
20fb08d1af6641d3,BAC_1,A,A|I|E,0.579,11.95,12.14,10.02,-1,0.583,0.778,0.318,0.641,1
80018cbbfc4a40f8,BAC_1,A,S|C|A,0.536,9.53,9.43,8.47,1,0.55,0.99,0.546,0.769,0
f37c4ccff5214fbb,BAC_1,A,S|C|E,0.551,9.82,10.54,8.83,-1,0.435,0.409,0.463,0.426,0
12672a3905f64f1c,BAC_1,D,R|I|C,0.4,8.96,8.67,7.36,1,0.444,0.697,0.357,0.557,0
95e775a079414732,BAC_1,A,E|S|C,0.528,8.45,8.42,7.04,1,0.576,0.731,0.506,0.643,1
7b53f81fbabc4957,BAC_1,A,E|C|S,0.585,11.78,10.78,12.3,1,0.681,0.859,0.192,0.697,0
6bd248c158b340ec,BAC_1,D,S|A|E,0.432,10.16,10.51,9.93,-1,0.482,0.459,0.174,0.424,0
c7fdfc46e6f24d54,BAC_1,D,E|I|S,0.687,8.6,6.78,6.73,1,0.65,0.27,0.299,0.407,0
e29b295243824d1b,BAC_1,A,C|A|E,0.476,10.18,10.59,10.6,-1,0.301,0.626,0.567,0.503,0
156a14d3f5a14a5c,BAC_1,D,R|E|I,0.652,15.15,14.69,14.19,1,0.558,0.787,0.305,0.635,0
3706a32f9ede4ff9,BAC_1,D,E|S|C,0.508,11.22,10.92,10.09,1,0.62,0.738,0.831,0.711,0
ae481255a7cd481b,BAC_1,B,E|C|A,0.541,7.73,7.94,7.37,-1,0.551,0.753,0.18,0.596,0
f3212139769a4f8f,BAC_1,A,A|S|C,0.571,9.38,8.47,8.9,1,0.548,0.16,0.455,0.34,0
4fa3da0af9794b83,BAC_1,A,A|C|E,0.659,10.11,11.24,10.27,-1,0.746,0.796,0.331,0.709,1
ddfd8aacc6c34a4d,BAC_1,D,I|E|C,0.569,10.21,10.58,9.31,-1,0.457,0.809,0.82,0.687,1
687f64561f8b4cb5,BAC_1,A,A|I|C,0.537,10.48,9.89,8.52,1,0.749,0.585,0.821,0.678,1
7d7d3144e13a4e7b,BAC_1,A,A|E|S,0.569,9.8,10.4,11.19,-1,0.467,0.417,0.684,0.475,0
372f9c8146564608,BAC_1,A,C|A|E,0.452,11.73,11.89,11.47,-1,0.629,0.759,0.414,0.662,1
b32017502f944162,BAC_1,A,C|I|E,0.588,9.36,9.05,8.13,1,0.579,0.942,0.1,0.688,1
26d5136111914af5,BAC_1,F3,E|I|R,0.539,10.32,9.33,9.59,1,0.593,0.712,0.194,0.593,0
c0676937c3084142,BAC_1,D,I|R|C,0.581,13.29,13.55,11.92,-1,0.658,0.309,0.501,0.46,0
8fd63dbf637843a2,BAC_1,A,E|S|I,0.509,8.97,8.17,10.16,1,0.471,0.657,0.283,0.536,1
9c1c109381ec4c27,BAC_1,A,S|I|C,0.495,7.83,6.66,7.24,1,0.494,0.98,0.53,0.743,1
ed3f4ddad61f4116,BAC_1,A,S|A|I,0.532,11.02,10.59,11.59,1,0.482,0.287,0.682,0.414,0
2a636e7e4de04b94,BAC_1,A,A|C|R,0.418,11.06,11.2,9.89,-1,0.261,0.332,0.555,0.341,0
afcf714317ab4454,BAC_1,A,E|A|S,0.558,8.78,8.35,8.41,1,0.48,0.866,0.68,0.703,1
287665c77c6f456b,BAC_1,D,R|I|C,0.547,9.43,8.81,8.47,1,0.522,0.251,0.673,0.409,1
781e594b736142cb,BAC_1,A,S|I|A,0.534,11.12,10.56,10.31,1,0.579,0.99,0.256,0.736,1
11b0b5fdb2e94019,BAC_1,D,A|S|E,0.453,15.78,14.5,16.56,1,0.43,0.283,0.203,0.323,0
03f6a9ac9aeb4851,BAC_1,A,S|C|I,0.53,11.35,10.41,11.21,1,0.489,0.537,0.416,0.502,0
1899c852e0794be5,BAC_1,D,R|I|C,0.607,10.84,9.85,10.18,1,0.575,0.443,0.524,0.501,0
c851900050054d34,BAC_1,D,I|S|R,0.628,7.72,8.0,6.34,-1,0.603,0.522,0.344,0.524,0
6333be70cf9f4098,BAC_1,A,S|I|A,0.477,11.06,10.79,10.34,1,0.362,0.561,0.569,0.493,0
c607f28bfc5a492b,BAC_1,B,I|E|A,0.584,11.25,11.04,10.97,1,0.598,0.815,0.712,0.724,0
21cebba96ddf4d3e,BAC_1,A,E|S|A,0.515,10.82,10.34,10.29,1,0.635,0.45,0.597,0.537,0
1518ba9c49d74e49,BAC_1,D,E|C|A,0.571,9.03,8.85,7.1,1,0.433,0.244,0.493,0.348,0
4d70556943d74215,BAC_1,A,C|E|I,0.534,9.45,9.47,8.61,-1,0.617,0.437,0.585,0.522,0
07480f4c6d594c33,BAC_1,A,C|S|I,0.549,9.37,9.16,8.77,1,0.588,0.972,0.363,0.746,1
ae63736adcf44596,BAC_1,A,I|S|E,0.454,10.59,12.39,9.46,-1,0.556,0.705,0.141,0.568,0
669c26159a1b4b51,BAC_1,A,S|C|A,0.632,12.58,12.06,12.25,1,0.456,0.442,0.294,0.425,0
c7ca34efb8db4755,BAC_1,D,A|S|I,0.446,9.9,9.41,8.98,1,0.456,0.387,0.738,0.464,0
2d498832610a47fa,BAC_1,A,S|C|A,0.479,14.27,13.77,13.6,1,0.404,0.953,0.403,0.679,1
aa5b9f5be2394efc,BAC_1,A,A|E|C,0.558,10.38,9.11,9.8,1,0.584,0.843,0.352,0.679,1
c541856059b24020,BAC_1,A,S|E|A,0.523,9.94,10.99,9.99,-1,0.701,0.947,0.696,0.823,0
0fb77cff1e2e4870,BAC_1,D,I|C|R,0.509,11.37,11.81,12.38,-1,0.489,0.302,0.547,0.404,1
9cc1d15383ad4f6f,BAC_1,D,I|A|C,0.446,11.7,11.79,11.79,-1,0.514,0.42,0.447,0.457,1
309a5046487c49fe,BAC_1,A,A|S|I,0.528,11.84,12.03,11.46,-1,0.588,0.562,0.645,0.584,1
e3fe8e355d184319,BAC_1,A,S|A|E,0.399,8.18,8.26,8.65,-1,0.465,0.557,0.276,0.482,0
2baf626840fe4246,BAC_1,D,R|E|C,0.586,11.8,12.34,11.16,-1,0.592,0.476,0.512,0.522,0
44f9013c5e924818,BAC_1,A,A|E|S,0.412,12.59,12.34,12.12,1,0.265,0.868,0.46,0.596,1
85381eb888e445f9,BAC_1,D,R|E|C,0.509,11.62,11.36,10.49,1,0.511,0.99,0.49,0.747,0
f1f41237b3cf4cf5,BAC_1,D,E|S|A,0.415,10.04,9.77,9.45,1,0.386,0.655,0.381,0.519,1
b6c6bb352cc14e5f,BAC_1,D,S|I|A,0.404,13.26,14.44,13.23,-1,0.548,0.296,0.445,0.407,0
84951457e56d4b6b,BAC_1,A,E|C|S,0.52,12.43,11.78,12.74,1,0.599,0.501,0.442,0.527,0
d9e44ab7baab4c24,BAC_1,D,S|E|I,0.559,9.34,9.79,8.44,-1,0.617,0.746,0.318,0.637,0
06734d110a924384,BAC_1,A,C|E|S,0.5,11.31,12.06,10.68,-1,0.56,0.928,0.204,0.691,1
cabbcdfd3c374e8f,BAC_1,A,A|S|C,0.567,13.09,13.24,12.61,-1,0.471,0.894,0.375,0.668,1
c193da491aed4a91,BAC_1,E,I|C|R,0.523,8.22,8.09,7.58,1,0.55,0.925,0.584,0.742,0
e5ef4d4436ef4a5f,BAC_1,A,E|A|S,0.497,7.19,6.39,8.32,1,0.492,0.654,0.342,0.551,0
7e0dd044e0a04d56,BAC_1,D,C|I|R,0.544,13.53,12.16,11.99,1,0.5,0.502,0.271,0.467,0
4cb21b45e3a74b87,BAC_1,D,I|C|E,0.611,8.73,6.65,8.31,1,0.674,0.294,0.665,0.483,0
8daab174946144c3,BAC_1,A,S|A|I,0.606,9.79,8.7,11.23,1,0.648,0.743,0.469,0.669,1
289814fc217e4286,BAC_1,A,S|A|C,0.527,12.44,12.03,12.4,1,0.482,0.817,0.521,0.655,1
ff255196ec5f4601,BAC_1,A,A|C|E,0.5,11.21,10.56,9.75,1,0.361,0.887,0.341,0.621,0
153d4bd55b9f4066,BAC_1,A,C|A|S,0.541,8.71,7.42,7.05,1,0.358,0.838,0.674,0.646,0
2b720ea6388045fc,BAC_1,A,E|I|S,0.473,9.45,8.32,8.08,1,0.51,0.895,0.517,0.704,0
b00383d9b3044366,BAC_1,G3,E|C|I,0.524,11.76,11.25,9.74,1,0.507,0.6,0.465,0.548,0
5ca3faa41a9b4f28,BAC_1,A,A|S|I,0.467,11.62,11.52,12.78,1,0.505,0.569,0.532,0.541,1
345f673cc6bb47df,BAC_1,A,C|A|R,0.585,9.64,10.33,8.7,-1,0.667,0.979,0.677,0.824,0
4194a4debeba4415,BAC_1,D,S|C|R,0.564,14.28,13.95,14.42,1,0.487,0.637,0.314,0.536,0
011830dd0b194737,BAC_1,D,A|S|I,0.486,10.17,9.75,10.05,1,0.585,0.377,0.509,0.47,0
58303a62222c4eb4,BAC_1,A,S|A|C,0.515,10.12,10.09,9.23,1,0.579,0.444,0.324,0.473,0
b02266cdb40c4af5,BAC_1,D,S|R|C,0.559,11.43,11.28,13.54,1,0.663,0.714,0.515,0.666,0
aff175829b8f4173,BAC_1,A,S|C|A,0.531,11.95,12.68,9.31,-1,0.455,0.346,0.52,0.41,0
8acdd8957f444d05,BAC_1,A,S|A|C,0.518,10.57,9.62,9.51,1,0.381,0.436,0.138,0.372,0
9398037a872a4503,BAC_1,D,A|I|S,0.442,11.14,11.05,10.45,1,0.587,0.99,0.489,0.774,1
f939f10f23ea42b9,BAC_1,D,E|S|A,0.61,9.1,8.79,9.58,1,0.684,0.99,0.428,0.799,1
bf084d3f55cc4c96,BAC_1,A,A|I|S,0.504,9.15,8.6,7.21,1,0.383,0.961,0.541,0.696,1
c9a0f23a873d4f2a,BAC_1,A,A|S|I,0.489,11.16,11.34,9.75,-1,0.406,0.798,0.135,0.561,0
857b53a11a1e4fd6,BAC_1,D,A|I|R,0.501,12.11,13.15,11.73,-1,0.55,0.328,0.702,0.462,0
a4156653c0634c38,BAC_1,F3,C|I|R,0.514,9.78,10.66,9.05,-1,0.543,0.509,0.623,0.538,0
6184d527070f4731,BAC_1,D,C|R|S,0.59,14.57,14.62,14.55,-1,0.6,0.304,0.62,0.455,0
aed1488df47b4f01,BAC_1,D,S|I|C,0.438,10.58,10.21,11.16,1,0.413,0.704,0.435,0.562,0
02fbbacc445740b4,BAC_1,D,S|I|C,0.514,13.55,12.67,12.08,1,0.523,0.439,0.532,0.482,0
237f1d091e284f5c,BAC_1,D,C|E|I,0.57,9.49,8.71,7.09,1,0.408,0.714,0.557,0.583,1
e9a032f003e54209,BAC_1,D,S|C|I,0.521,8.25,8.48,6.01,-1,0.616,0.908,0.275,0.711,1
aa9ba7df823644ff,BAC_1,A,E|A|S,0.54,9.34,9.37,8.34,-1,0.468,0.96,0.351,0.696,1
92a0ef446be84bc0,BAC_1,A,A|S|C,0.489,8.88,7.96,7.92,1,0.554,0.539,0.405,0.524,0
31aa2cec2d2d4e8f,BAC_1,D,C|S|R,0.645,9.71,9.34,10.43,1,0.566,0.801,0.458,0.668,0
6e3684f806334a88,BAC_1,D,S|I|C,0.579,13.52,13.37,12.7,1,0.624,0.801,0.255,0.657,0
ec15ab8357084cf9,BAC_1,D,I|C|E,0.553,13.76,14.36,13.98,-1,0.457,0.789,0.24,0.591,0
c613ae4d99be422d,BAC_1,D,R|I|E,0.614,10.28,11.26,10.65,-1,0.465,0.517,0.487,0.494,0
d7dd0552642f4736,BAC_1,A,A|S|I,0.49,12.18,11.87,12.32,1,0.59,0.745,0.255,0.617,0
fbe8e147215244a1,BAC_1,D,R|I|C,0.492,14.06,14.33,13.38,-1,0.561,0.381,0.208,0.418,1
698ffaaff1f04090,BAC_1,D,E|A|S,0.459,15.04,13.96,14.16,1,0.384,0.99,0.672,0.73,1
7c161f912ae34b23,BAC_1,A,S|C|A,0.506,9.94,10.34,9.36,-1,0.389,0.946,0.485,0.682,0
1fd15620b81449b7,BAC_1,A,E|A|C,0.491,10.93,11.41,11.31,-1,0.415,0.754,0.513,0.599,0
838724ee1f2f4f17,BAC_1,A,A|S|C,0.495,12.63,11.65,12.98,1,0.597,0.727,0.435,0.637,1
8b60ce1dabbf48af,BAC_1,A,S|A|C,0.475,10.81,9.99,10.9,1,0.513,0.894,0.238,0.662,0
d507b634d10d498b,BAC_1,A,I|E|A,0.461,12.3,12.08,11.82,1,0.494,0.551,0.789,0.567,0
4cde530666f440f3,BAC_1,A,A|E|I,0.444,11.62,10.55,11.02,1,0.48,0.49,0.744,0.524,1
3acc09645dc94e2f,BAC_1,A,S|A|I,0.527,8.56,8.77,7.15,-1,0.522,0.838,0.828,0.726,1
86cb7839280e472d,BAC_1,D,I|C|E,0.578,7.57,7.34,5.97,1,0.51,0.434,0.811,0.517,1
a342ad3d200d4322,BAC_1,D,R|I|E,0.441,7.92,8.43,7.91,-1,0.468,0.658,0.533,0.573,0
7d828453270c4024,BAC_1,A,S|A|E,0.542,9.32,8.62,8.94,1,0.59,0.818,0.243,0.652,0
5ea42d5b90b14b60,BAC_1,G2,E|C|I,0.603,11.22,11.57,10.5,-1,0.646,0.538,0.564,0.58,0
0b17748eb7134ad4,BAC_1,D,I|R|E,0.42,13.97,13.41,12.99,1,0.288,0.285,0.374,0.3,1
e1882287e85e4bae,BAC_1,D,I|R|C,0.539,10.06,9.13,11.02,1,0.575,0.615,0.712,0.615,0
faffeba235e04214,BAC_1,D,S|C|I,0.586,7.97,8.05,7.33,-1,0.489,0.428,0.563,0.47,1
0af0d01397de4914,BAC_1,A,S|A|I,0.442,10.93,10.6,10.48,1,0.457,0.723,0.4,0.581,1
239ee76e60c54c67,BAC_1,D,I|E|S,0.53,12.65,13.47,13.37,-1,0.307,0.649,0.644,0.528,0
9c76d4f98e574018,BAC_1,D,E|C|S,0.507,11.01,10.81,10.23,1,0.384,0.493,0.558,0.465,0
ee96e22bda174805,BAC_1,D,S|C|A,0.546,9.95,9.14,9.87,1,0.453,0.722,0.506,0.595,1
478126dc5b56456e,BAC_1,D,C|I|S,0.499,4.74,5.15,4.05,-1,0.48,0.231,0.401,0.344,0
3f720b72e33444b6,BAC_1,D,S|C|A,0.509,9.4,9.19,9.96,1,0.431,0.869,0.429,0.65,0
b158bbe9896b40dd,BAC_1,A,A|I|S,0.549,11.26,10.35,8.8,1,0.51,0.524,0.228,0.475,1
7244622d4c124ef2,BAC_1,D,R|I|C,0.521,13.01,12.89,13.06,1,0.447,0.674,0.589,0.582,1
79f93ce20a0f4be2,BAC_1,A,A|E|S,0.598,8.72,7.54,7.13,1,0.55,0.621,0.352,0.556,1
0fd4708134f24076,BAC_1,A,S|A|C,0.342,10.92,11.08,10.48,-1,0.381,0.99,0.558,0.712,1
89fc2a1712524335,BAC_1,A,R|A|I,0.559,15.29,15.09,15.9,1,0.679,0.573,0.396,0.583,1
13494a63394b4a2b,BAC_1,D,E|C|I,0.465,11.41,10.73,10.59,1,0.47,0.527,0.223,0.462,0
bfa6b33d30b74f33,BAC_1,A,S|I|A,0.456,9.27,8.71,8.95,1,0.374,0.593,0.352,0.48,0
8d3e1159033a4e45,BAC_1,A,C|E|I,0.626,10.09,10.46,8.58,-1,0.768,0.99,0.322,0.812,0
57c1144d320c4b3e,BAC_1,D,R|I|E,0.626,10.04,10.8,10.15,-1,0.63,0.673,0.808,0.678,0
c25a2a449294493f,BAC_1,D,R|S|C,0.527,8.21,7.84,8.22,1,0.659,0.296,0.185,0.406,1
1d178ed7a3a941de,BAC_1,D,I|R|C,0.659,11.32,10.48,12.4,1,0.473,0.802,0.462,0.636,0
1c89f646d7674da3,BAC_1,D,S|C|A,0.557,11.72,8.67,12.27,1,0.77,0.424,0.242,0.518,0
9b9befa53ede4b30,BAC_1,D,S|A|I,0.527,10.05,8.85,10.04,1,0.658,0.331,0.332,0.446,1
372c910ce50c4063,BAC_1,D,A|C|E,0.51,10.43,10.41,10.65,1,0.312,0.833,0.52,0.604,1
6d91969021124ea2,BAC_1,A,A|S|C,0.541,12.61,11.91,12.03,1,0.463,0.848,0.787,0.704,1
8dca21fc4bac4ad2,BAC_1,D,S|R|A,0.558,14.42,14.05,14.95,1,0.65,0.717,0.116,0.604,1
c2d25ce2388a415d,BAC_1,D,E|I|S,0.538,8.98,7.41,8.59,1,0.461,0.416,0.334,0.419,1
78561f2e38f14634,BAC_1,D,R|I|S,0.455,9.0,8.26,7.97,1,0.415,0.328,0.482,0.382,0
19e4c4b8c14f47e0,BAC_1,C,R|C|E,0.462,10.21,8.82,11.94,1,0.637,0.829,0.347,0.69,0
7697515101ac4223,BAC_1,B,C|I|E,0.497,10.21,9.76,10.12,1,0.451,0.709,0.594,0.601,1
6f429fc4c9244061,BAC_1,D,C|I|S,0.564,11.7,11.5,12.5,1,0.644,0.645,0.378,0.605,0
d3e3289df4eb490f,BAC_1,G3,C|E|I,0.572,10.42,9.02,10.91,1,0.613,0.278,0.508,0.43,1
e4a07ef53cc34085,BAC_1,C,R|E|C,0.477,14.43,13.47,14.33,1,0.491,0.607,0.303,0.521,0
a8e1f18a28ac49ac,BAC_1,A,A|R|I,0.618,9.14,8.13,8.96,1,0.641,0.54,0.835,0.62,1
19e6cc412aa9424d,BAC_1,D,S|C|I,0.421,10.57,9.03,9.79,1,0.314,0.517,0.567,0.453,0
fcc75f93732d465f,BAC_1,D,R|E|I,0.526,9.86,9.87,8.93,-1,0.624,0.118,0.443,0.344,0
408ae6d0ba044a4a,BAC_1,D,A|I|C,0.414,8.38,8.0,7.48,1,0.28,0.532,0.356,0.417,0
071e22e3ecf64fe9,BAC_1,A,E|A|C,0.51,12.03,11.55,11.17,1,0.331,0.984,0.313,0.655,0
579b08ba4881468c,BAC_1,A,I|C|A,0.412,9.77,8.61,8.06,1,0.493,0.355,0.798,0.47,0
b20e62af8a634a80,BAC_1,D,I|S|R,0.55,11.63,11.9,11.0,-1,0.67,0.364,0.519,0.494,0
008907b9be09478c,BAC_1,D,C|S|E,0.653,10.85,10.92,11.06,-1,0.711,0.797,0.609,0.738,0
45b3a12bad074c28,BAC_1,D,I|R|S,0.503,7.34,7.3,7.95,1,0.394,0.956,0.567,0.701,0
df28f4fcd4344638,BAC_1,A,S|A|I,0.51,8.51,9.39,7.64,-1,0.699,0.588,0.674,0.64,0
2625687004b949aa,BAC_1,D,A|E|S,0.446,9.95,9.56,11.01,1,0.571,0.597,0.168,0.523,1
04bb18700d3a4b8b,BAC_1,A,C|A|S,0.48,8.67,8.9,8.65,-1,0.435,0.787,0.136,0.566,0
d7dc08e6c3764364,BAC_1,D,I|C|S,0.47,17.41,17.23,16.9,1,0.568,0.485,0.439,0.507,0
cfabdae8f7a443c2,BAC_1,A,E|A|S,0.651,10.71,9.95,8.38,1,0.685,0.873,0.857,0.805,1
9d492085a0204390,BAC_1,D,A|S|R,0.591,10.47,10.29,9.52,1,0.39,0.687,0.476,0.551,1
b24a703d950d430c,BAC_1,D,I|C|S,0.348,7.91,8.67,7.35,-1,0.208,0.918,0.527,0.611,0
0c8b541fd2c94e57,BAC_1,D,C|E|S,0.533,8.41,8.4,8.6,1,0.406,0.624,0.704,0.56,0
a605bbf2117a4c85,BAC_1,A,A|S|I,0.457,13.17,12.93,12.01,1,0.493,0.921,0.508,0.709,1
6ebc179086c74bea,BAC_1,D,E|A|S,0.525,11.29,11.18,10.42,1,0.379,0.185,0.545,0.307,0
09b926c7cb37400b,BAC_1,A,S|E|C,0.438,9.75,9.74,8.06,1,0.466,0.332,0.22,0.362,1
bc6b72acf3034e74,BAC_1,D,C|S|I,0.503,11.72,11.21,11.04,1,0.496,0.951,0.359,0.703,1
249ff5736f7b442e,BAC_1,D,I|S|R,0.482,9.52,9.18,11.25,1,0.411,0.287,0.589,0.375,0
5fd85c4c181e41dd,BAC_1,D,E|S|A,0.43,10.28,10.07,11.63,1,0.491,0.417,0.559,0.464,0
f328169bb08f45d1,BAC_1,A,A|C|I,0.404,10.51,9.69,10.06,1,0.51,0.855,0.756,0.719,0
3ab020f3f37f4bf9,BAC_1,F3,R|C|E,0.563,11.73,11.44,10.85,1,0.503,0.647,0.731,0.609,1
f55d13b88b054e8f,BAC_1,C,E|C|A,0.509,12.46,11.67,12.04,1,0.505,0.738,0.343,0.597,1
e77be877eb4b419d,BAC_1,D,E|C|R,0.444,10.05,9.07,8.63,1,0.611,0.824,0.291,0.669,0
4c6e603efa43481c,BAC_1,A,A|S|E,0.551,11.08,9.87,8.93,1,0.526,0.744,0.444,0.623,1
5c83c2b8c5214bb9,BAC_1,D,R|I|S,0.424,13.72,12.29,13.44,1,0.475,0.805,0.484,0.642,0
e22047c4c9434f21,BAC_1,D,S|I|E,0.547,13.96,13.7,13.29,1,0.621,0.693,0.433,0.629,1
95b111525eb94df7,BAC_1,D,I|S|C,0.561,9.3,8.66,8.92,1,0.642,0.37,0.447,0.477,0
d9b52b90aca34143,BAC_1,D,A|C|S,0.423,11.81,11.99,12.25,-1,0.359,0.742,0.518,0.574,0
f703b27904364d29,BAC_1,A,A|I|C,0.305,11.58,10.24,12.15,1,0.51,0.573,0.526,0.544,1
6dc39f63e9354a15,BAC_1,D,S|I|R,0.557,9.42,9.25,7.07,1,0.564,0.736,0.613,0.658,1
33b3f04bbcf6441b,BAC_1,A,S|E|A,0.466,10.15,9.93,8.57,1,0.699,0.989,0.385,0.797,0
1a8fb027b4e3470f,BAC_1,A,I|E|A,0.538,7.3,6.27,5.43,1,0.571,0.301,0.339,0.401,0
732356b202204679,BAC_1,A,S|C|I,0.562,13.55,12.02,13.91,1,0.61,0.493,0.537,0.541,1
677bf153a4d54bbe,BAC_1,A,S|A|C,0.513,10.97,10.28,11.09,1,0.436,0.937,0.431,0.686,0
207d710781e9469b,BAC_1,C,S|A|I,0.351,9.47,8.34,9.4,1,0.461,0.946,0.412,0.696,1
de7b80df57e3471e,BAC_1,A,I|E|S,0.528,10.11,9.62,8.68,1,0.534,0.655,0.508,0.591,1
5e74742a3f6f4df1,BAC_1,D,I|E|R,0.438,12.04,11.9,12.12,1,0.372,0.396,0.54,0.41,0
f36c7a96231849b1,BAC_1,D,C|E|I,0.588,10.78,10.52,10.07,1,0.66,0.444,0.618,0.546,0
89bdca57e7584186,BAC_1,A,C|A|I,0.568,6.96,5.32,7.46,1,0.543,0.854,0.485,0.69,1
2ddf6909feae4da6,BAC_1,A,E|S|I,0.479,10.03,9.59,8.97,1,0.45,0.596,0.498,0.53,0
bf7a425609104087,BAC_1,D,C|S|R,0.486,8.57,8.38,7.7,1,0.515,0.716,0.139,0.559,0
738b56e29c2944b4,BAC_1,A,A|I|S,0.478,7.86,6.81,7.17,1,0.562,0.612,0.333,0.553,0
f59b05921d564843,BAC_1,D,R|C|S,0.635,9.59,9.13,7.91,1,0.554,0.258,0.61,0.414,1
82497de282df45e3,BAC_1,A,E|I|A,0.544,9.74,9.67,9.31,1,0.697,0.941,0.733,0.824,1
d367696fa01745c0,BAC_1,A,I|S|A,0.487,7.83,8.27,8.02,-1,0.521,0.834,0.515,0.677,1
c0317daf5eed4ff1,BAC_1,A,C|E|A,0.598,9.25,9.65,8.87,-1,0.67,0.221,0.402,0.406,0
d44b4413edc14b34,BAC_1,A,A|C|S,0.412,13.22,12.71,11.35,1,0.507,0.343,0.227,0.383,0
bbebe52279194eda,BAC_1,D,R|C|I,0.537,6.83,6.49,7.04,1,0.589,0.747,0.681,0.682,1
f81b197da10842f3,BAC_1,A,S|E|A,0.501,9.85,10.05,9.3,-1,0.558,0.551,0.562,0.555,0
bad0fe4731c54746,BAC_1,D,R|S|I,0.508,12.48,12.92,10.91,-1,0.457,0.37,0.646,0.442,0
bcbd4b7c6e0d493b,BAC_1,D,C|S|I,0.527,11.33,11.1,11.02,1,0.478,0.619,0.558,0.561,1
07110d173d6f40ec,BAC_1,A,S|I|C,0.532,10.03,8.99,8.29,1,0.385,0.717,0.593,0.582,1
c86b484f51c84cba,BAC_1,D,C|S|E,0.419,10.7,9.94,8.82,1,0.257,0.381,0.277,0.322,0
748f790de37740f6,BAC_1,A,I|S|E,0.553,10.71,10.84,10.44,-1,0.619,0.655,0.531,0.624,1
84db04339cb94d95,BAC_1,A,A|S|E,0.53,11.05,10.54,11.35,1,0.551,0.923,0.717,0.762,0
7966094b98f34b44,BAC_1,G3,C|S|I,0.507,9.71,8.95,7.14,1,0.51,0.486,0.472,0.492,0
ebc0ee99d4bb4aba,BAC_1,D,I|R|S,0.524,11.42,11.21,11.94,1,0.45,0.464,0.719,0.497,0
3ba26a25b1114601,BAC_1,D,I|R|S,0.553,10.77,9.97,11.07,1,0.569,0.977,0.484,0.76,0
7c4a704c863848b7,BAC_1,D,S|A|R,0.541,8.64,8.43,8.68,1,0.676,0.633,0.385,0.611,0
b9eb24f388514e6e,BAC_1,A,S|A|I,0.499,11.17,11.68,10.94,-1,0.682,0.801,0.612,0.731,1
f57ac12e7fbd41b1,BAC_1,A,A|C|S,0.49,14.83,14.38,13.15,1,0.525,0.371,0.613,0.461,1
99eef51ef7134c4e,BAC_1,B,I|A|S,0.508,10.67,10.74,8.77,-1,0.71,0.442,0.384,0.527,0
5bad3a97be094ade,BAC_1,D,I|R|S,0.46,7.15,6.56,6.09,1,0.369,0.325,0.579,0.378,0
83740699b18941a5,BAC_1,D,S|A|E,0.482,9.48,8.73,9.86,1,0.543,0.528,0.539,0.535,0
bef705d7ce1e4027,BAC_1,D,A|I|E,0.515,13.37,13.01,13.36,1,0.505,0.68,0.542,0.598,1
fde9ef2b5158499b,BAC_1,F3,R|C|S,0.53,5.3,5.82,5.02,-1,0.537,0.747,0.589,0.65,0
0923889769924a1c,BAC_1,A,C|A|E,0.597,7.52,7.39,8.08,1,0.515,0.723,0.674,0.643,0
27bc8676b97d41a2,BAC_1,A,S|A|E,0.608,11.37,10.14,11.29,1,0.594,0.817,0.465,0.686,1
9a7b2507ec494fb5,BAC_1,D,R|E|C,0.427,9.05,9.13,7.97,-1,0.536,0.712,0.555,0.627,1
d52d8e230821456c,BAC_1,A,S|E|A,0.378,8.52,7.54,8.64,1,0.322,0.537,0.168,0.406,0
c8def6a87c4e4dcd,BAC_1,A,R|E|S,0.561,8.44,9.75,8.42,-1,0.5,0.896,0.563,0.707,1
3d38c02287804a57,BAC_1,A,S|C|A,0.508,10.19,10.8,10.79,-1,0.584,0.99,0.504,0.775,0
79c3048ecd7443de,BAC_1,D,S|I|R,0.458,14.16,13.43,13.09,1,0.272,0.908,0.453,0.617,0
fa55a0f5752346b3,BAC_1,A,S|I|A,0.49,6.94,7.82,6.21,-1,0.521,0.876,0.217,0.653,0
3edf4ed6ccce4bb8,BAC_1,D,R|C|I,0.666,9.04,9.01,8.26,1,0.772,0.625,0.316,0.63,0
6d77177f734e4cad,BAC_1,A,A|E|I,0.409,12.25,12.23,12.4,1,0.578,0.559,0.382,0.539,0
3d3b510deb574993,BAC_1,D,R|E|C,0.619,8.93,8.92,9.71,1,0.543,0.681,0.424,0.594,0
2f979d7e1703451d,BAC_1,A,A|I|C,0.499,11.62,13.23,11.4,-1,0.616,0.186,0.516,0.386,0
2fb6f09d471d4edf,BAC_1,D,S|I|A,0.499,9.04,9.78,9.52,-1,0.425,0.529,0.34,0.464,0
4796891d9f4a482b,BAC_1,A,A|E|C,0.558,8.91,7.82,8.32,1,0.719,0.83,0.651,0.764,0
e94f5ccfcf1c45cd,BAC_1,D,R|C|I,0.492,8.42,7.81,9.11,1,0.502,0.446,0.533,0.478,0
486bd3e31bb142e4,BAC_1,A,E|S|A,0.505,11.76,11.69,11.05,1,0.378,0.441,0.615,0.445,1
37c934ac358342e4,BAC_1,D,C|A|I,0.512,9.73,7.95,9.89,1,0.511,0.847,0.44,0.669,0
2c9eac5ed2854a7e,BAC_1,A,S|A|C,0.583,7.97,7.89,5.89,1,0.587,0.99,0.509,0.777,1
3fdd3c2d25e749ee,BAC_1,D,R|C|I,0.524,9.48,9.27,9.27,1,0.462,0.777,0.159,0.574,0
e5839bdd1e2d498a,BAC_1,B,E|A|C,0.531,10.39,10.28,8.2,1,0.677,0.504,0.463,0.559,0
3892bf613a274168,BAC_1,D,A|R|I,0.418,7.78,6.3,7.95,1,0.3,0.609,0.664,0.509,0
36f359f81d0d49fc,BAC_1,D,C|I|R,0.634,10.25,9.63,11.18,1,0.616,0.979,0.452,0.773,1
9d8a4b06607145cc,BAC_1,D,S|E|C,0.499,11.04,11.23,11.16,-1,0.549,0.99,0.592,0.776,0
6c10b7c640324537,BAC_1,B,A|I|C,0.414,9.11,9.79,8.62,-1,0.684,0.701,0.451,0.657,0
c84b6436b5d74eea,BAC_1,G3,C|S|I,0.563,11.28,10.87,11.27,1,0.466,0.505,0.681,0.518,0
03d6f40ec33c4e87,BAC_1,F4,R|C|I,0.452,7.35,6.62,6.75,1,0.481,0.528,0.312,0.479,1
f38e6b70a37f4d30,BAC_1,D,I|C|S,0.637,11.66,12.07,8.49,-1,0.747,0.468,0.387,0.554,0
185f9c821de444ca,BAC_1,D,S|I|A,0.442,7.51,6.75,6.12,1,0.559,0.867,0.448,0.696,0
5cd70528f5eb4ffb,BAC_1,A,A|I|E,0.527,8.8,9.73,8.8,-1,0.505,0.364,0.382,0.416,0
3d383255b9d441c7,BAC_1,A,A|E|I,0.51,16.12,15.8,14.83,1,0.371,0.808,0.519,0.612,1
a16ef2b037064086,BAC_1,A,E|I|S,0.518,10.87,11.28,10.72,-1,0.57,0.355,0.565,0.462,1
b5e186888f0d4e31,BAC_1,A,S|I|C,0.544,10.13,10.62,10.64,-1,0.53,0.644,0.376,0.564,1
0ed8ce1435484bf7,BAC_1,D,E|C|S,0.482,12.6,13.55,11.83,-1,0.758,0.484,0.535,0.588,0
b39060782afa4b8e,BAC_1,D,S|C|R,0.391,11.76,11.24,10.81,1,0.373,0.387,0.611,0.416,1
ff748a6cebac4748,BAC_1,A,R|S|E,0.504,14.19,13.13,13.12,1,0.438,0.806,0.769,0.671,1
3e741266528145ff,BAC_1,A,S|C|A,0.485,10.9,10.39,10.89,1,0.576,0.785,0.451,0.662,0
01a092942f1649cc,BAC_1,A,C|A|S,0.495,13.37,13.23,12.75,1,0.483,0.476,0.527,0.486,1
af6466883df04c18,BAC_1,D,S|C|E,0.533,16.99,17.37,15.03,-1,0.487,0.99,0.575,0.751,0
1174c49ae2c44354,BAC_1,A,S|I|C,0.559,11.79,11.57,11.1,1,0.668,0.454,0.435,0.526,1
55b489b1fcf84664,BAC_1,D,S|C|A,0.531,12.97,11.91,12.75,1,0.602,0.506,0.431,0.529,1
600423d7fa264169,BAC_1,A,A|S|I,0.515,12.62,12.0,12.77,1,0.482,0.531,0.367,0.489,0
a03c36dafbb244b7,BAC_1,G1,C|E|I,0.52,9.31,7.11,10.2,1,0.468,0.809,0.35,0.621,1
1730352a5d534243,BAC_1,B,E|I|C,0.531,10.22,8.66,9.44,1,0.6,0.479,0.339,0.5,0
b7f40449c1144e73,BAC_1,A,S|A|C,0.407,8.96,9.38,8.96,-1,0.566,0.883,0.408,0.701,1
b2551c43e8414926,BAC_1,D,R|C|I,0.559,10.92,10.31,9.17,1,0.386,0.97,0.67,0.721,0
39bd87e229a64c67,BAC_1,D,S|I|C,0.506,13.17,11.65,12.43,1,0.785,0.783,0.21,0.698,0
045968ed9e6644f7,BAC_1,A,S|I|A,0.562,11.31,10.84,9.24,1,0.461,0.627,0.327,0.524,0
3d54400b94174fd2,BAC_1,A,S|R|A,0.422,10.71,10.94,11.85,-1,0.424,0.26,0.315,0.326,0
4eeb766d510041a8,BAC_1,D,I|C|R,0.586,11.81,11.16,13.14,1,0.54,0.885,0.201,0.662,1
09312b4a16794fa4,BAC_1,A,I|S|E,0.484,9.08,8.5,8.96,1,0.623,0.459,0.55,0.53,0
a6be488c4cfa4c5e,BAC_1,A,E|C|S,0.597,12.52,11.69,13.12,1,0.616,0.258,0.708,0.451,0
968f382a0afa418d,BAC_1,D,I|C|R,0.577,12.85,12.51,12.65,1,0.506,0.184,0.397,0.329,1
4f0ed65acefb498a,BAC_1,A,S|I|C,0.543,12.86,12.93,12.45,-1,0.611,0.747,0.514,0.664,1
73a26c3bf293499e,BAC_1,A,A|I|S,0.534,10.48,9.61,9.65,1,0.622,0.536,0.81,0.608,0
891d53c5d0c543a5,BAC_1,B,E|A|C,0.521,11.58,11.93,10.66,-1,0.544,0.577,0.827,0.603,1
7a1ee5a7208048d5,BAC_1,A,A|R|S,0.496,9.52,8.79,9.37,1,0.705,0.99,0.494,0.816,0
dec9d7ac02d14f2c,BAC_1,A,A|I|E,0.452,9.25,8.5,8.64,1,0.463,0.53,0.568,0.512,0
6504f7a0e3ed4087,BAC_1,A,E|S|R,0.488,7.97,8.0,7.07,-1,0.336,0.912,0.568,0.659,0
6beb6ae6c73b45e7,BAC_1,D,R|I|C,0.524,11.5,11.95,10.4,-1,0.377,0.804,0.751,0.646,1
7567071029f94b6f,BAC_1,D,S|C|A,0.503,9.78,10.61,8.83,-1,0.454,0.779,0.461,0.618,0
fad5f8bdd9794f9f,BAC_1,A,R|S|E,0.495,11.17,11.47,10.16,-1,0.482,0.302,0.462,0.389,0
46b737432735446c,BAC_1,D,S|C|I,0.37,13.0,14.11,12.79,-1,0.46,0.704,0.389,0.571,1
ad37733c2f424ff6,BAC_1,G2,S|E|I,0.506,13.19,12.51,11.62,1,0.617,0.77,0.192,0.63,1
a39f10bbc1e44e03,BAC_1,D,S|I|C,0.461,15.41,15.7,13.14,-1,0.372,0.695,0.475,0.549,1
a2852d66552d41b5,BAC_1,F4,R|I|E,0.541,14.4,14.98,13.81,-1,0.625,0.737,0.531,0.667,0
d4f08bb7d28d49ca,BAC_1,A,S|E|I,0.558,8.88,8.3,10.14,1,0.71,0.913,0.269,0.746,1
6e438363ff994e9c,BAC_1,D,I|S|E,0.596,15.52,14.52,14.67,1,0.53,0.355,0.424,0.426,1
c9c3249b076f4331,BAC_1,D,R|I|C,0.431,12.21,12.43,10.55,-1,0.553,0.582,0.424,0.549,0
a0a91d6d58234260,BAC_1,A,S|A|C,0.579,10.26,9.28,11.47,1,0.73,0.423,0.36,0.521,0
13fab173bed74500,BAC_1,D,R|C|E,0.553,10.08,9.95,9.26,1,0.656,0.432,0.437,0.511,0
6d528e4a5b794009,BAC_1,A,S|I|A,0.618,11.21,11.17,10.69,1,0.636,0.616,0.667,0.63,0
468530e0e70a4cff,BAC_1,A,A|S|C,0.564,8.49,8.33,8.11,1,0.487,0.481,0.163,0.435,1
9ed64bc6d48f450d,BAC_1,D,E|A|C,0.471,8.98,8.77,5.95,1,0.319,0.409,0.521,0.394,0
eb1189f4536a4ed0,BAC_1,D,S|A|I,0.481,10.38,10.19,8.72,1,0.588,0.538,0.442,0.541,1
d4eb759bbf5d47f5,BAC_1,D,A|E|R,0.4,8.98,9.45,8.3,-1,0.477,0.25,0.778,0.409,1
e9853d0d7a7a443b,BAC_1,D,R|A|E,0.515,10.67,10.44,9.83,1,0.505,0.466,0.319,0.458,0
fb697894ad0e41d3,BAC_1,A,I|C|A,0.517,12.39,11.44,11.42,1,0.403,0.967,0.792,0.743,1
fb17554e995746cd,BAC_1,A,S|E|I,0.519,12.23,11.85,9.58,1,0.604,0.913,0.408,0.729,0
09e1c0c77ebb4238,BAC_1,A,S|I|C,0.464,13.54,12.47,12.54,1,0.563,0.624,0.505,0.585,1
2253fdfcd8524304,BAC_1,D,A|S|I,0.439,10.74,9.95,10.24,1,0.357,0.511,0.1,0.396,0
45f3ba923fe64407,BAC_1,D,S|A|E,0.484,10.46,10.83,10.07,-1,0.483,0.645,0.531,0.571,1
7323946a866b435e,BAC_1,D,C|E|S,0.584,10.32,10.37,10.24,-1,0.795,0.1,0.378,0.385,0
472c1430d90d4dab,BAC_1,A,C|E|I,0.562,9.74,10.08,8.08,-1,0.506,0.414,0.621,0.477,0
ffb8c4c00fbd4b49,BAC_1,B,E|C|S,0.536,13.39,13.7,11.82,-1,0.625,0.832,0.652,0.733,0
2bba2753323e4ae8,BAC_1,A,S|C|A,0.47,10.72,10.51,9.74,1,0.318,0.535,0.292,0.423,0
47e1c6e40c804a85,BAC_1,D,C|E|I,0.512,10.8,9.83,8.39,1,0.542,0.714,0.609,0.638,0
bb2efd5ac24d46f3,BAC_1,A,I|A|S,0.57,11.15,10.93,10.02,1,0.621,0.956,0.286,0.738,1
96ca9d00fb2e4e7f,BAC_1,A,I|A|C,0.489,7.83,7.99,7.68,-1,0.496,0.287,0.328,0.366,0
4ca29db9b52c4cb7,BAC_1,A,E|S|A,0.579,11.22,10.77,9.54,1,0.683,0.373,0.779,0.543,1
1ac1775c867443c4,BAC_1,D,C|E|I,0.486,11.46,11.17,12.29,1,0.396,0.99,0.569,0.719,0
f11a6b319c17499e,BAC_1,C,C|I|S,0.573,12.24,11.16,10.59,1,0.692,0.99,0.581,0.825,1
3532a378a5c346b2,BAC_1,A,E|C|A,0.495,5.75,4.05,4.42,1,0.359,0.773,0.397,0.572,1
4443906721cb4d1f,BAC_1,D,S|R|C,0.653,11.67,12.26,11.93,-1,0.683,0.365,0.464,0.491,0
92e8caddfa1a4e7b,BAC_1,D,R|C|I,0.658,11.74,12.36,10.37,-1,0.524,0.734,0.297,0.595,1
7d48063aec7543c6,BAC_1,A,S|A|E,0.488,10.12,10.94,8.05,-1,0.512,0.628,0.363,0.548,0
7e15b0c0f535462f,BAC_1,A,S|E|A,0.546,7.41,7.41,7.01,1,0.52,0.945,0.651,0.752,0
d9b54eb026144be5,BAC_1,D,A|C|I,0.595,10.36,9.97,9.47,1,0.576,0.192,0.135,0.318,1
3488a4bc9cae4a26,BAC_1,A,A|C|E,0.54,5.76,5.6,6.2,1,0.499,0.467,0.563,0.492,0
c7b378ad797c493e,BAC_1,D,S|C|I,0.544,8.02,7.74,6.05,1,0.639,0.41,0.408,0.49,0
4085a118a81d4906,BAC_1,D,A|I|C,0.515,9.38,9.74,8.04,-1,0.636,0.471,0.348,0.51,1
c7a8b630d8fc49c0,BAC_1,A,I|E|C,0.548,11.53,12.09,11.46,-1,0.544,0.528,0.629,0.548,0
9f7b00ac48494141,BAC_1,A,I|C|A,0.454,4.77,4.13,2.96,1,0.357,0.933,0.262,0.631,1
58768c0fd5744f22,BAC_1,D,R|I|E,0.497,9.23,9.45,8.49,-1,0.4,0.726,0.61,0.594,0
e2f333d27efc44b5,BAC_1,A,E|C|I,0.56,11.26,10.31,10.46,1,0.695,0.303,0.51,0.471,0
c88bc21e348f4b97,BAC_1,A,A|C|E,0.49,11.72,11.21,12.08,1,0.456,0.357,0.415,0.401,0
7216cc3128574039,BAC_1,F1,R|C|E,0.538,9.18,8.12,6.68,1,0.417,0.99,0.722,0.749,0
f8a40ddac3f54bb4,BAC_1,D,I|E|C,0.673,7.64,7.13,7.04,1,0.751,0.573,0.52,0.628,1
95932d3515924ae2,BAC_1,A,C|E|A,0.52,8.45,7.2,7.42,1,0.483,0.851,0.376,0.651,0
fdf57250bb4a4a91,BAC_1,A,S|I|C,0.362,11.69,12.64,12.02,-1,0.392,0.89,0.629,0.677,0
d87277cee7ce4e28,BAC_1,D,I|E|A,0.541,7.13,6.6,7.85,1,0.308,0.77,0.1,0.508,0
c0cacfd681ce426b,BAC_1,A,A|E|I,0.453,10.82,11.62,11.07,-1,0.431,0.448,0.355,0.428,0
dfa54860f6664025,BAC_1,G2,E|C|I,0.571,9.6,7.78,7.42,1,0.448,0.729,0.27,0.562,0
3a20f9615fc64f2f,BAC_1,A,A|S|E,0.482,11.44,11.88,10.25,-1,0.313,0.952,0.559,0.669,0
cd82a77c6bd34346,BAC_1,A,E|S|I,0.544,7.97,7.84,8.67,1,0.357,0.924,0.1,0.602,0
c33b79b6c6e04165,BAC_1,A,A|S|I,0.418,9.97,9.7,9.5,1,0.26,0.822,0.593,0.591,1
6de14e1546e14160,BAC_1,D,C|R|E,0.545,9.1,7.56,8.8,1,0.512,0.779,0.627,0.663,0
1ca4cba177e34e9b,BAC_1,T1,I|R|C,0.559,8.29,8.21,7.54,1,0.599,0.99,0.668,0.805,0
7a354ae6b2e34f01,BAC_1,D,I|C|A,0.599,15.14,16.28,13.44,-1,0.503,0.1,0.368,0.281,0
196c09676b824800,BAC_1,D,E|C|I,0.546,11.04,10.35,10.05,1,0.451,0.226,0.493,0.345,0
dfe1857e0adc44df,BAC_1,D,R|C|I,0.588,6.68,7.14,7.05,-1,0.679,0.764,0.455,0.688,0
1dfa5a933e744416,BAC_1,D,C|S|E,0.489,7.47,6.63,8.07,1,0.551,0.607,0.364,0.551,0
7f903bdf4a424b5e,BAC_1,A,S|C|R,0.461,11.5,11.96,10.46,-1,0.512,0.734,0.503,0.622,1
46ee885a8f2e44ca,BAC_1,G2,C|E|I,0.549,11.31,11.92,12.65,-1,0.675,0.884,0.349,0.731,0
ab8a1b17cf574cb4,BAC_1,A,I|E|A,0.649,12.82,11.96,11.63,1,0.589,0.453,0.338,0.483,1
496e06b1f1344a2e,BAC_1,D,S|A|I,0.353,10.38,11.04,10.37,-1,0.317,0.231,0.409,0.288,0
7bb7d9ea4f4543ed,BAC_1,D,E|C|I,0.387,13.65,12.81,13.15,1,0.366,0.398,0.45,0.395,1
af365747fa794924,BAC_1,B,A|S|C,0.443,11.52,9.62,11.86,1,0.244,0.823,0.67,0.597,1
74d6764f5b514488,BAC_1,D,S|E|A,0.567,13.37,12.85,13.45,1,0.529,0.43,0.312,0.447,0
0d542aa5ed304b8a,BAC_1,D,E|A|C,0.558,10.77,10.83,9.53,-1,0.547,0.322,0.368,0.408,0
2df2cab1813f4797,BAC_1,D,R|C|I,0.587,9.59,10.03,9.91,-1,0.61,0.677,0.346,0.604,0
64acfc2a9e5e4d9c,BAC_1,A,A|I|S,0.571,14.02,14.35,12.39,-1,0.667,0.448,0.557,0.541,0
10593a8acdf746b0,BAC_1,D,E|I|C,0.503,10.08,9.99,10.21,1,0.605,0.689,0.475,0.628,0
5e1724467d4e4494,BAC_1,D,E|C|S,0.49,10.14,10.56,10.0,-1,0.3,0.656,0.568,0.518,1
38816a2b91f344da,BAC_1,A,A|C|E,0.39,8.54,8.11,6.77,1,0.292,0.99,0.418,0.66,0
2d921bdfc84e429d,BAC_1,A,A|S|E,0.571,14.96,16.16,15.33,-1,0.541,0.434,0.1,0.421,1
33dd4faad703486f,BAC_1,A,S|C|I,0.486,6.68,7.3,5.02,-1,0.392,0.51,0.295,0.436,1
df27408b22504fab,BAC_1,D,E|C|S,0.53,7.11,6.51,7.48,1,0.743,0.99,0.564,0.839,0
dfe9ab4e08374189,BAC_1,A,A|S|E,0.411,10.76,9.41,9.39,1,0.331,0.753,0.1,0.508,0
b93ba6d1e8fe4fcc,BAC_1,A,S|I|C,0.552,15.17,14.79,15.46,1,0.621,0.692,0.371,0.619,1
0833e70713284b81,BAC_1,D,I|R|E,0.475,12.32,11.88,11.91,1,0.47,0.758,0.76,0.658,0
bd87378252764515,BAC_1,D,R|I|C,0.584,10.9,10.59,10.65,1,0.606,0.425,0.229,0.459,0
835fd1f53b8a4774,BAC_1,D,E|I|C,0.485,8.45,7.55,8.84,1,0.512,0.417,0.378,0.444,0
5e285f5a5be44c18,BAC_1,G1,E|C|S,0.527,10.44,9.05,8.74,1,0.481,0.985,0.587,0.749,1
9e700f31c9ac4d5c,BAC_1,A,S|E|A,0.556,11.36,11.07,10.27,1,0.563,0.358,0.33,0.426,0
70e8fc55a2f349d1,BAC_1,D,R|I|E,0.601,8.95,9.28,8.57,-1,0.616,0.363,0.778,0.514,1
cffb049c47c042e9,BAC_1,D,E|I|C,0.547,8.6,7.96,8.51,1,0.569,0.99,0.215,0.726,0
1fceec0f043e4d7c,BAC_1,B,E|C|A,0.575,7.57,7.43,7.44,1,0.596,0.781,0.134,0.619,0
cd14897e14434238,BAC_1,D,I|C|E,0.625,10.6,10.2,8.37,1,0.646,0.668,0.447,0.627,0
b3938e8651bb423f,BAC_1,A,R|A|S,0.57,10.75,11.03,11.76,-1,0.539,0.713,0.389,0.604,0
7b5221c90c804197,BAC_1,A,E|S|I,0.451,8.12,7.96,8.41,1,0.41,0.599,0.248,0.48,0
36ef7cab84a0489e,BAC_1,D,I|C|S,0.604,11.71,10.8,11.55,1,0.657,0.935,0.461,0.767,0
4d8b29199f904efe,BAC_1,D,I|A|S,0.533,10.71,10.06,8.77,1,0.411,0.865,0.599,0.666,0
e20b626779914ce1,BAC_1,D,S|A|E,0.569,9.13,8.11,8.01,1,0.473,0.586,0.517,0.536,0
a6cd1277417f4ef9,BAC_1,D,S|E|I,0.465,9.2,8.41,7.54,1,0.521,0.195,0.622,0.373,0
26023c2544d642e8,BAC_1,D,E|C|S,0.528,13.79,14.3,12.48,-1,0.438,0.99,0.492,0.722,1
7c24e7f72b624442,BAC_1,A,S|C|I,0.531,11.02,10.97,10.72,1,0.537,0.5,0.431,0.503,0
cc2d771391494d4e,BAC_1,D,R|E|A,0.46,12.69,11.71,13.24,1,0.34,0.828,0.422,0.596,1
47aa99cd10b84f09,BAC_1,A,A|I|E,0.517,14.35,15.0,14.08,-1,0.529,0.842,0.593,0.696,1
3301385a78724d0b,BAC_1,D,S|E|I,0.591,11.9,11.0,10.86,1,0.66,0.532,0.61,0.588,0
42bd184884c2482a,BAC_1,A,I|E|C,0.514,12.14,11.88,11.76,1,0.555,0.54,0.419,0.527,1
65cad22bbc6c4bf7,BAC_1,D,C|E|I,0.551,10.86,10.59,8.54,1,0.399,0.456,0.734,0.478,0
b4991b755ba348b8,BAC_1,D,R|C|S,0.541,11.89,12.41,11.23,-1,0.497,0.682,0.608,0.606,0
b5879e57d80d4ea8,BAC_1,A,A|S|C,0.602,10.07,10.01,8.82,1,0.646,0.777,0.473,0.685,0
ce927959fb64493b,BAC_1,D,I|E|C,0.573,12.07,11.07,12.94,1,0.509,0.977,0.568,0.752,0
c3d10b19ddb3470c,BAC_1,A,S|C|E,0.481,12.48,11.94,12.25,1,0.433,0.693,0.311,0.545,1
cbb4e07ee6444dab,BAC_1,A,A|C|I,0.436,10.2,10.56,11.13,-1,0.399,0.704,0.1,0.507,0
66c119f875544041,BAC_1,D,E|I|C,0.549,10.74,8.89,10.76,1,0.683,0.256,0.524,0.445,0
6794e99d15f041af,BAC_1,D,R|C|S,0.526,12.88,12.49,13.16,1,0.613,0.574,0.703,0.607,1
7e1183e684b94a3c,BAC_1,A,C|I|S,0.483,10.29,8.99,10.32,1,0.504,0.112,0.521,0.311,0
a0866790df684a9d,BAC_1,A,I|S|A,0.506,10.41,9.81,9.68,1,0.546,0.725,0.852,0.681,1
d7827946270e41fc,BAC_1,D,E|I|A,0.339,12.94,12.95,14.36,-1,0.287,0.639,0.531,0.5,1
f4dce7ead7354b8a,BAC_1,A,S|A|C,0.456,12.68,12.51,12.5,1,0.54,0.533,0.506,0.532,1
a6ddaf107e3a43c3,BAC_1,A,A|I|S,0.576,8.27,9.29,8.06,-1,0.564,0.385,0.565,0.475,0
1ff37c1bc9754611,BAC_1,A,S|R|A,0.562,9.91,9.67,9.41,1,0.53,0.29,0.439,0.396,0
abd52bd45be741cb,BAC_1,D,I|C|S,0.545,11.66,10.23,11.75,1,0.649,0.759,0.837,0.732,0
d9a717a2428a4b82,BAC_1,F3,R|E|I,0.445,11.74,11.26,13.46,1,0.486,0.54,0.569,0.525,0
8fcb648b9532422a,BAC_1,D,A|S|E,0.583,11.45,10.67,10.79,1,0.587,0.489,0.408,0.511,1
fdae1c2d857f46f5,BAC_1,D,A|S|C,0.51,13.13,11.9,12.44,1,0.491,0.983,0.494,0.738,1
1dc0448876984c5d,BAC_1,D,S|A|C,0.524,12.13,11.16,10.64,1,0.69,0.324,0.446,0.471,0
2287304e97484355,BAC_1,G2,C|E|I,0.557,11.34,11.02,10.35,1,0.555,0.873,0.326,0.68,0
ab6a14425db048a4,BAC_1,A,E|I|A,0.605,11.23,11.58,11.15,-1,0.336,0.669,0.268,0.492,0
30817fac086e4622,BAC_1,A,R|A|I,0.517,11.73,11.17,10.82,1,0.402,0.627,0.684,0.557,0
9c4731a5f9cb448a,BAC_1,D,I|S|C,0.641,12.25,11.66,12.92,1,0.521,0.698,0.552,0.614,0
53ca57448f2c46a8,BAC_1,A,C|E|S,0.551,8.81,9.38,7.86,-1,0.603,0.866,0.672,0.745,0
6f0149a9f0834a47,BAC_1,A,S|A|C,0.494,9.46,10.94,10.32,-1,0.363,0.42,0.449,0.405,0
4a4de72c6f5c4bdd,BAC_1,A,A|S|C,0.578,7.84,7.4,7.34,1,0.468,0.583,0.588,0.544,0
131ba762cf7947d4,BAC_1,B,I|A|S,0.532,8.1,7.0,7.15,1,0.523,0.789,0.456,0.646,1
e685e02e6e1e4529,BAC_1,A,I|C|E,0.542,7.73,7.01,6.54,1,0.537,0.487,0.488,0.505,0
bb9f589efcaf4fd5,BAC_1,A,S|I|C,0.618,10.36,10.51,8.62,-1,0.573,0.769,0.257,0.624,1
4c30491c1742404b,BAC_1,D,A|I|S,0.472,11.55,12.23,10.71,-1,0.569,0.906,0.395,0.711,1
e57390610d514e04,BAC_1,A,S|R|A,0.522,8.47,8.29,7.62,1,0.376,0.647,0.448,0.522,1
4c73d55f5b2a462a,BAC_1,D,I|C|E,0.479,16.24,15.11,15.96,1,0.479,0.44,0.657,0.486,0
208c5f17a8824ead,BAC_1,D,S|E|C,0.533,11.33,11.7,9.62,-1,0.704,0.155,0.98,0.471,0
2948f3b464f34e50,BAC_1,D,R|I|E,0.526,4.23,4.05,3.19,1,0.687,0.442,0.946,0.603,0
09ba76364ee54b9e,BAC_1,D,I|S|E,0.619,9.81,9.91,9.67,-1,0.641,0.734,0.492,0.665,0
f845254c0231447a,BAC_1,T1,I|R|C,0.472,8.34,8.54,6.91,-1,0.342,0.99,0.659,0.714,0
bee7abe77dc847a1,BAC_1,D,R|I|C,0.475,11.37,10.64,10.95,1,0.479,0.552,0.57,0.529,0
fae71016f1d249cc,BAC_1,A,A|I|S,0.516,10.92,10.61,10.81,1,0.378,0.878,0.473,0.642,1
14564ba4e7b749de,BAC_1,F1,I|C|R,0.508,8.59,8.56,8.1,1,0.557,0.933,0.556,0.745,0
991c9c8d749f41cb,BAC_1,D,S|R|A,0.477,7.15,6.67,7.9,1,0.445,0.559,0.381,0.493,0
630fa1ba9da04c73,BAC_1,A,A|E|I,0.482,12.11,13.18,13.46,-1,0.632,0.843,0.453,0.711,1
13823323605c48a4,BAC_1,D,S|C|I,0.491,13.59,12.83,12.75,1,0.402,0.448,0.573,0.451,1
4f96b5503f3248fc,BAC_1,A,A|E|S,0.474,12.03,12.05,12.8,-1,0.493,0.668,0.774,0.623,1
0e047ecc6c844917,BAC_1,D,I|C|S,0.644,12.79,11.96,12.38,1,0.678,0.528,0.357,0.555,0
ff15e0c0da0f4f7d,BAC_1,D,S|A|C,0.588,13.61,12.82,13.77,1,0.551,0.382,0.683,0.486,1
bdd8cc37708540fb,BAC_1,A,S|E|R,0.414,10.52,10.98,10.42,-1,0.555,0.496,0.398,0.502,1
b6e849bcbbf04e3e,BAC_1,D,S|C|A,0.532,12.04,11.63,11.99,1,0.558,0.896,0.682,0.746,0
64173c6251324802,BAC_1,D,I|R|E,0.526,10.02,9.41,9.59,1,0.503,0.31,0.387,0.389,0
c6f80d5d587041e1,BAC_1,D,I|C|R,0.559,12.55,12.53,11.27,1,0.618,0.869,0.516,0.728,1
3f896c68843c4720,BAC_1,B,A|S|I,0.414,9.14,9.16,9.51,-1,0.498,0.586,0.343,0.519,0
056d4838f9694a5d,BAC_1,D,I|R|E,0.547,9.04,8.61,7.15,1,0.599,0.647,0.532,0.613,1
f1ce9ce0fc644765,BAC_1,A,S|C|A,0.526,11.99,11.93,10.13,1,0.615,0.598,0.426,0.578,0
e9d8496942594b4a,BAC_1,A,S|A|E,0.45,12.02,11.84,10.22,1,0.537,0.99,0.371,0.739,1
7f63c9e0b3e04d5f,BAC_1,A,S|E|C,0.373,11.18,11.42,11.54,-1,0.379,0.99,0.805,0.748,1
c59924161b9547ae,BAC_1,D,S|I|C,0.522,9.4,9.54,8.46,-1,0.575,0.241,0.781,0.439,1
aca76ac7262e4ae5,BAC_1,A,A|C|E,0.484,8.92,9.0,8.84,-1,0.626,0.45,0.444,0.511,0
31e7bfc5d4b74606,BAC_1,A,E|S|A,0.513,9.94,9.59,9.83,1,0.355,0.52,0.322,0.433,0
6226d4493d0f4952,BAC_1,A,S|I|A,0.534,8.78,8.92,7.96,-1,0.613,0.334,0.513,0.459,0
b986f5c986784270,BAC_1,F4,C|R|I,0.618,10.04,9.37,8.61,1,0.725,0.521,0.237,0.55,0
f188262f210b4c91,BAC_1,A,A|C|E,0.495,10.71,10.34,9.46,1,0.328,0.78,0.345,0.556,1
6986a25079904408,BAC_1,A,A|S|E,0.476,9.73,9.38,8.05,1,0.337,0.278,0.622,0.35,0
a44f8f248df84c50,BAC_1,A,A|C|E,0.524,13.38,13.52,11.35,-1,0.528,0.587,0.25,0.516,0
75013ccee92d49fb,BAC_1,B,E|R|S,0.365,8.54,9.32,7.89,-1,0.294,0.701,0.332,0.503,0
44a495a87fb44d6d,BAC_1,D,I|C|E,0.531,10.03,9.97,9.38,1,0.275,0.768,0.395,0.539,0
19d6e76a15d24734,BAC_1,A,S|E|I,0.516,9.8,9.8,9.04,1,0.478,0.298,0.42,0.379,0
c6484f9291504e05,BAC_1,D,I|R|C,0.492,8.6,9.99,7.44,-1,0.604,0.851,0.841,0.763,0
128495b8c4404dab,BAC_1,A,I|S|A,0.478,10.57,11.72,9.65,-1,0.33,0.898,0.242,0.601,1
d3f9ed569a2c4cde,BAC_1,A,A|I|S,0.439,7.92,8.94,8.98,-1,0.494,0.99,0.99,0.816,1
cd4e2e3846cb4e9d,BAC_1,D,C|I|R,0.548,10.08,9.52,8.44,1,0.6,0.635,0.365,0.582,1
0cdd49e03deb4532,BAC_1,D,E|I|C,0.432,14.12,13.92,12.44,1,0.425,0.678,0.468,0.558,0
1ee438a617064017,BAC_1,D,I|C|S,0.533,12.34,11.04,12.36,1,0.658,0.404,0.578,0.519,0
362fd38121a142b5,BAC_1,D,R|S|I,0.629,10.88,10.46,8.74,1,0.517,0.845,0.458,0.672,1
f8c87528ac764b76,BAC_1,A,A|I|E,0.451,10.26,11.45,9.5,-1,0.482,0.292,0.526,0.393,1
bd4dfe6505ea42a1,BAC_1,D,S|A|E,0.54,12.11,12.12,11.75,-1,0.562,0.905,0.518,0.727,1
9a56e4a672f54261,BAC_1,A,E|C|I,0.694,10.27,9.82,9.7,1,0.632,0.94,0.482,0.764,0
6557c8e3013a4549,BAC_1,A,A|S|R,0.512,9.43,10.35,8.18,-1,0.521,0.456,0.681,0.512,0
ee279b0e688b4905,BAC_1,A,S|C|A,0.55,12.55,12.17,12.22,1,0.589,0.806,0.619,0.702,0
8f034eb3d9d64e11,BAC_1,A,C|E|I,0.431,9.26,8.29,9.28,1,0.333,0.776,0.294,0.549,1
bd49d61d6c1a441a,BAC_1,D,C|E|A,0.471,11.75,11.51,11.04,1,0.658,0.353,0.451,0.474,0
fa9bd7c9b6bb4429,BAC_1,D,S|I|C,0.532,8.07,7.61,7.94,1,0.516,0.849,0.831,0.729,1
afd3f5c7efaa4e89,BAC_1,A,A|C|I,0.553,12.44,11.91,11.33,1,0.463,0.74,0.47,0.602,1
1cbd49755c5a4f5e,BAC_1,C,S|E|C,0.542,13.86,13.99,12.94,-1,0.688,0.759,0.326,0.669,1
1b52465f7dc04e66,BAC_1,D,C|E|S,0.613,9.51,7.8,9.39,1,0.653,0.511,0.1,0.499,0
29ddc04c537f4295,BAC_1,A,S|C|I,0.538,12.33,12.59,13.61,-1,0.422,0.843,0.861,0.698,1
11af58f7022c4d63,BAC_1,A,C|A|E,0.497,10.81,8.88,9.14,1,0.43,0.593,0.403,0.508,0
d8c8a5362d7a434f,BAC_1,A,A|S|C,0.421,9.55,9.94,8.09,-1,0.257,0.819,0.75,0.612,1
531d2bd790d9478a,BAC_1,A,S|A|C,0.516,11.86,11.67,10.97,1,0.531,0.752,0.251,0.6,0
44808a5e1ed648c1,BAC_1,D,R|E|I,0.555,8.94,10.08,9.17,-1,0.505,0.182,0.406,0.328,0
7d24b8425b3b48f8,BAC_1,A,C|A|S,0.462,10.47,9.87,9.6,1,0.595,0.48,0.408,0.509,1
9ab0693b810c4755,BAC_1,A,A|C|R,0.436,10.4,10.85,12.59,-1,0.499,0.933,0.419,0.704,1
41824fd93591467f,BAC_1,A,S|I|A,0.614,10.3,10.14,8.82,1,0.587,0.514,0.248,0.5,1
9a4e49d518494ace,BAC_1,A,A|I|C,0.546,8.75,8.23,7.64,1,0.428,0.459,0.112,0.396,1
721354cf7e04424e,BAC_1,A,A|I|S,0.481,12.03,12.19,11.89,-1,0.335,0.419,0.687,0.43,0
4a68f17fd89441d6,BAC_1,A,E|C|A,0.512,11.85,11.96,10.55,-1,0.549,0.818,0.318,0.649,1
dfa1b37dfcb944d5,BAC_1,D,S|C|I,0.555,10.16,9.68,10.41,1,0.417,0.221,0.435,0.322,0
70ccc47679c84afa,BAC_1,F3,R|I|E,0.524,10.5,9.34,9.78,1,0.585,0.764,0.587,0.675,0
4173e093186249b0,BAC_1,D,I|R|C,0.591,9.42,8.43,9.04,1,0.51,0.561,0.482,0.531,0
50db14984b784e02,BAC_1,D,C|E|S,0.508,8.34,8.33,8.36,1,0.485,0.834,0.704,0.692,0
8aece63387644b95,BAC_1,A,C|A|I,0.618,11.65,9.99,9.63,1,0.54,0.539,0.448,0.526,0
0abfb5f5154c4d1b,BAC_1,D,E|S|C,0.549,13.58,12.38,10.78,1,0.676,0.748,0.482,0.683,1
c27baceafa0a4a1a,BAC_1,D,E|S|I,0.607,10.18,9.87,9.58,1,0.64,0.303,0.244,0.412,0
292164ee90e8484e,BAC_1,A,E|S|I,0.464,12.77,12.38,12.93,1,0.524,0.804,0.593,0.674,1
dac00baa96964c27,BAC_1,D,A|S|R,0.408,10.53,10.25,10.27,1,0.48,0.439,0.69,0.491,0
00b74c4efa644e07,BAC_1,A,I|C|E,0.447,11.34,10.72,9.08,1,0.469,0.872,0.204,0.631,0
81ce3e0ee7ce4b57,BAC_1,A,R|S|E,0.545,12.54,11.61,11.84,1,0.643,0.821,0.389,0.694,1
44eeae69eaba4e14,BAC_1,A,I|E|S,0.502,9.91,8.68,9.44,1,0.518,0.897,0.544,0.712,0
0daf6de20e134e6f,BAC_1,D,S|I|C,0.582,11.09,10.65,12.49,1,0.572,0.205,0.638,0.398,0
17798c055f014b40,BAC_1,D,I|C|E,0.51,8.5,8.12,7.73,1,0.49,0.754,0.51,0.625,1
69777bf3b5ea4c6c,BAC_1,A,S|I|C,0.629,8.96,7.85,6.96,1,0.696,0.464,0.235,0.511,1
9d13854c66e74140,BAC_1,A,A|C|I,0.557,11.35,10.61,11.23,1,0.522,0.99,0.332,0.727,1
e1d7040d63514664,BAC_1,B,E|A|I,0.522,13.6,12.83,11.98,1,0.638,0.944,0.424,0.759,0
00be93ecb4354f0f,BAC_1,A,E|A|C,0.583,10.54,10.01,9.58,1,0.587,0.745,0.446,0.645,1
e6023cbc60b64954,BAC_1,A,R|A|S,0.464,11.89,11.05,11.63,1,0.31,0.979,0.591,0.687,1
b478872126b942b4,BAC_1,A,A|E|C,0.377,11.68,10.92,10.93,1,0.307,0.412,0.522,0.392,0
50029735a4e74eaa,BAC_1,A,A|R|C,0.449,9.62,9.77,8.75,-1,0.563,0.99,0.689,0.795,1
2cddb8ff62344c50,BAC_1,A,A|I|S,0.474,12.9,12.84,12.08,1,0.422,0.471,0.362,0.437,0
24a4403ffa3847cd,BAC_1,A,A|S|E,0.391,11.39,10.92,11.97,1,0.28,0.555,0.694,0.48,0
5cd8ae8426f24d7b,BAC_1,A,S|A|E,0.423,5.52,4.69,5.65,1,0.491,0.624,0.499,0.559,0
ce4f489f046b4dfc,BAC_1,D,S|E|C,0.494,9.99,10.42,9.06,-1,0.615,0.294,0.622,0.455,0
ed9ccd50803a40bc,BAC_1,A,A|S|E,0.576,10.11,9.69,8.94,1,0.699,0.504,0.493,0.57,0
83fc626dd5ff4907,BAC_1,F4,R|I|E,0.511,8.08,8.11,6.2,-1,0.604,0.672,0.638,0.643,0
edeaaa9ad9ff4c2d,BAC_1,A,A|S|I,0.595,10.93,8.54,9.66,1,0.371,0.731,0.5,0.57,1
5052cb679bcd4feb,BAC_1,A,A|C|S,0.453,13.05,13.49,11.57,-1,0.572,0.405,0.546,0.485,0
7e665fd1da4a4110,BAC_1,A,S|C|A,0.426,7.67,8.23,6.98,-1,0.41,0.662,0.321,0.522,1
5ba36fa0d6824a28,BAC_1,D,E|C|S,0.634,10.89,10.52,10.54,1,0.713,0.771,0.353,0.688,1
c8a3fffbc2c449b5,BAC_1,D,S|R|I,0.394,10.85,9.97,9.67,1,0.407,0.945,0.542,0.697,1
cb4b88d26733465a,BAC_1,F4,R|E|I,0.547,12.26,12.16,12.06,1,0.503,0.786,0.411,0.631,1
96b9061559724993,BAC_1,D,S|A|E,0.527,13.19,12.76,12.75,1,0.559,0.669,0.725,0.639,1
c4b4ef6ba83c4d60,BAC_1,A,E|I|S,0.509,12.52,11.43,9.65,1,0.506,0.254,0.494,0.378,1
e05e04ca614549ff,BAC_1,A,E|I|A,0.456,13.16,13.62,13.48,-1,0.357,0.447,0.633,0.443,1
075ae4dae4604ee5,BAC_1,D,R|C|S,0.516,11.0,11.19,11.31,-1,0.511,0.192,0.365,0.33,0
795fc9c343a4453d,BAC_1,A,S|A|E,0.593,10.76,10.64,10.75,1,0.574,0.739,0.783,0.688,0
617478e178884683,BAC_1,D,I|C|S,0.53,10.32,9.61,9.67,1,0.43,0.83,0.363,0.62,0
2afd56ec4fcd4f8d,BAC_1,A,C|S|I,0.523,9.55,9.27,9.69,1,0.491,0.68,0.789,0.63,1
64b11993a1ff4466,BAC_1,A,E|A|S,0.438,5.58,4.86,6.14,1,0.306,0.501,0.553,0.441,1
ee7db3a0e68845ab,BAC_1,A,C|E|A,0.527,14.35,13.56,13.61,1,0.456,0.358,0.422,0.402,1
bcff302acb1d4413,BAC_1,D,S|A|E,0.534,11.06,11.3,10.96,-1,0.36,0.482,0.456,0.435,1
9447b3c0ca324145,BAC_1,D,R|I|C,0.533,7.19,8.81,5.81,-1,0.599,0.774,0.582,0.684,0
cfbdab8d26d0426f,BAC_1,A,R|S|E,0.572,10.38,10.75,9.59,-1,0.532,0.751,0.887,0.695,1
6ec2657ff25c4938,BAC_1,A,A|I|S,0.422,10.97,11.28,10.98,-1,0.613,0.705,0.688,0.67,0
3cbd03b3d54f4f10,BAC_1,A,S|C|I,0.48,9.23,9.61,8.34,-1,0.594,0.99,0.518,0.781,0
b434b70ef04b4719,BAC_1,D,R|I|E,0.469,11.27,10.35,9.7,1,0.399,0.355,0.616,0.41,0
8fd681fff4c744b8,BAC_1,D,R|S|I,0.496,10.46,10.15,10.64,1,0.495,0.687,0.436,0.582,0
7c7ba7a8f9674edd,BAC_1,A,S|R|C,0.575,12.14,12.64,9.73,-1,0.567,0.298,0.546,0.429,0
a5f69ae3aba14e5c,BAC_1,A,A|S|C,0.498,9.83,9.94,9.18,-1,0.488,0.964,0.56,0.737,0
c6947110c8b14116,BAC_1,D,S|E|I,0.504,10.75,10.78,9.52,-1,0.468,0.806,0.1,0.582,1
c7fc5384b9e64a83,BAC_1,A,S|A|C,0.49,10.07,10.52,8.54,-1,0.502,0.973,0.701,0.767,0
62a29cefe5f04c96,BAC_1,A,S|C|I,0.454,11.63,11.7,11.42,-1,0.407,0.872,0.724,0.687,1
362e05965ffe4f39,BAC_1,A,A|I|E,0.631,10.52,9.98,10.21,1,0.881,0.98,0.546,0.88,1
d6746c510934469c,BAC_1,A,I|E|C,0.532,13.97,14.01,13.12,-1,0.491,0.554,0.663,0.548,1
bcbf15e06f2e4377,BAC_1,D,I|R|E,0.567,10.27,10.47,10.42,-1,0.527,0.804,0.609,0.678,1
55c686a96e6440cc,BAC_1,A,A|C|E,0.544,10.1,9.38,9.23,1,0.558,0.588,0.494,0.563,0
d60e0abf2a8f483f,BAC_1,G2,E|S|I,0.56,11.2,12.23,11.18,-1,0.491,0.45,0.761,0.511,0
867ab5a837ba430c,BAC_1,A,C|E|S,0.679,8.2,7.24,8.67,1,0.523,0.667,0.357,0.57,0
79d757e0c16e4b39,BAC_1,G2,I|S|R,0.445,8.02,7.12,8.7,1,0.37,0.658,0.33,0.508,0
5e317bc8d3ff4c63,BAC_1,D,I|C|E,0.523,12.58,11.73,12.2,1,0.369,0.5,0.442,0.446,0
b11c00d5e69b4846,BAC_1,D,C|I|E,0.429,11.1,10.87,10.62,1,0.308,0.539,0.503,0.453,0
a2d25bcf69f3442b,BAC_1,A,E|C|S,0.586,10.03,9.38,10.46,1,0.696,0.458,0.492,0.546,0
e6b8d28949d34f8f,BAC_1,A,I|C|S,0.376,11.29,10.38,10.88,1,0.432,0.8,0.348,0.603,1
034da38ecd544c6c,BAC_1,G2,I|C|E,0.346,11.9,11.67,10.72,1,0.199,0.786,0.663,0.562,1
60a2c805bd57409b,BAC_1,A,S|A|I,0.48,9.35,8.54,7.67,1,0.664,0.56,0.578,0.599,1
c281dd801f47426b,BAC_1,D,C|E|I,0.484,10.63,10.53,9.65,1,0.341,0.649,0.348,0.496,0
70baf4852a7f4d2d,BAC_1,D,C|S|E,0.438,10.36,10.84,8.52,-1,0.507,0.943,0.407,0.71,1
2a1103072a7c47ba,BAC_1,A,A|S|I,0.514,10.84,10.28,9.16,1,0.69,0.873,0.494,0.752,0
6b1bfacc00d64b5c,BAC_1,A,A|S|E,0.496,11.6,10.86,9.78,1,0.561,0.262,0.527,0.406,0
c1b51dd10e5c4f74,BAC_1,A,S|I|E,0.479,9.18,9.43,10.27,-1,0.45,0.99,0.737,0.763,0
1b4274033da04d36,BAC_1,D,E|S|C,0.591,13.82,13.88,14.25,-1,0.605,0.817,0.891,0.754,1
d62f9d88f5d947fc,BAC_1,A,S|A|E,0.537,9.73,8.6,9.26,1,0.503,0.549,0.809,0.572,0
9f0c64d85f004f33,BAC_1,D,S|I|C,0.541,11.81,11.22,11.7,1,0.697,0.472,0.568,0.565,0
06e2f25b98a84916,BAC_1,D,S|C|I,0.449,11.94,10.73,12.5,1,0.462,0.99,0.615,0.749,0
d0c3310c2e944910,BAC_1,A,A|S|I,0.502,8.06,7.53,6.12,1,0.399,0.329,0.68,0.406,0
75e2c01336724f4c,BAC_1,D,S|C|I,0.474,12.93,13.76,11.55,-1,0.445,0.947,0.736,0.74,1
d4403189e1b14524,BAC_1,D,I|R|E,0.597,6.64,7.35,6.34,-1,0.691,0.386,0.423,0.498,0
5d46f58e69d144b1,BAC_1,A,S|I|E,0.447,8.78,7.91,8.6,1,0.382,0.909,0.117,0.606,1
3729ba2c7ad843b0,BAC_1,D,R|I|C,0.511,8.69,8.07,6.16,1,0.477,0.211,0.713,0.38,0
09f4cd51f1964254,BAC_1,A,A|S|R,0.566,11.38,11.9,12.19,-1,0.646,0.845,0.539,0.73,1
cd1e050859734fe0,BAC_1,D,R|I|E,0.582,9.74,8.47,9.49,1,0.581,0.339,0.644,0.469,0
8bc62ca0a1ca457c,BAC_1,D,I|C|S,0.52,8.54,7.29,7.81,1,0.428,0.798,0.712,0.656,1
835f4c0e5ae4441c,BAC_1,A,A|R|C,0.404,13.69,13.4,13.64,1,0.447,0.858,0.404,0.646,1
8bfbb6210be34a80,BAC_1,A,E|A|C,0.539,8.19,8.92,8.31,-1,0.446,0.819,0.1,0.581,0
0bb28f81ede040cd,BAC_1,D,I|C|E,0.518,7.51,7.03,6.29,1,0.517,0.49,0.576,0.512,0
f6762d5693554c82,BAC_1,A,A|I|C,0.438,11.5,11.8,10.3,-1,0.483,0.47,0.285,0.447,1
abfb54a7e67542e6,BAC_1,D,R|I|C,0.568,12.39,11.79,12.39,1,0.643,0.482,0.208,0.497,1
9bc4db8ab4c344db,BAC_1,G3,E|C|S,0.538,9.63,9.66,8.56,-1,0.415,0.553,0.392,0.481,0
66008a30f01c41c2,BAC_1,D,R|I|S,0.522,11.51,11.05,12.04,1,0.566,0.452,0.752,0.537,0
28202ded4ab740a0,BAC_1,A,A|S|C,0.438,7.57,6.45,8.62,1,0.453,0.862,0.284,0.632,0
b649d1ecea9a416e,BAC_1,D,S|I|R,0.483,7.88,7.05,5.88,1,0.506,0.445,0.169,0.425,0
e5ebff07515242b3,BAC_1,A,S|C|E,0.495,6.92,5.41,6.14,1,0.391,0.802,0.575,0.624,1
06ea1ffafcd445e3,BAC_1,A,S|A|C,0.504,8.71,8.26,6.68,1,0.493,0.853,0.382,0.657,0
092e1c5d9e1143ef,BAC_1,A,I|A|S,0.471,11.46,10.57,9.52,1,0.405,0.504,0.35,0.446,0
875e169b45874f9d,BAC_1,A,S|E|A,0.433,5.4,5.52,4.48,-1,0.349,0.65,0.622,0.54,0
a99d29de92934e50,BAC_1,D,S|I|R,0.693,8.64,8.52,9.1,1,0.711,0.224,0.691,0.465,0
290a5aeaa52349df,BAC_1,A,S|I|C,0.593,10.59,8.48,9.54,1,0.646,0.479,0.1,0.481,0
1cc315249d034fa7,BAC_1,D,S|I|C,0.484,11.78,11.07,11.6,1,0.531,0.479,0.635,0.521,0
aba1d6b908014dda,BAC_1,D,S|I|A,0.534,10.17,8.74,10.23,1,0.499,0.891,0.732,0.73,0
717cce02a9a74348,BAC_1,D,R|C|I,0.57,9.77,8.7,8.46,1,0.536,0.172,0.667,0.374,0
ca876d3c5e1e4fc4,BAC_1,D,E|C|A,0.545,12.08,10.01,10.6,1,0.654,0.542,0.678,0.602,1
b4a1ede6fb1446d8,BAC_1,D,A|I|S,0.499,7.93,7.23,6.31,1,0.658,0.819,0.681,0.742,0
d3531887592f49ba,BAC_1,A,S|A|C,0.508,9.31,9.63,8.13,-1,0.627,0.63,0.525,0.613,1
fe58595243724dd9,BAC_1,D,R|I|S,0.478,11.3,9.32,10.32,1,0.597,0.569,0.469,0.564,0
8661911cdee641fb,BAC_1,A,S|E|A,0.645,9.19,7.9,9.33,1,0.739,0.808,0.501,0.737,1
dc0fceea3edb4e1b,BAC_1,A,S|R|A,0.441,10.23,10.55,8.74,-1,0.648,0.528,0.479,0.563,0
18b1a736b5b34052,BAC_1,D,I|R|S,0.544,9.37,8.59,8.62,1,0.523,0.537,0.482,0.524,1
ab29e8b6f2874750,BAC_1,A,E|I|S,0.598,13.18,12.08,12.89,1,0.69,0.538,0.371,0.566,1
69b479b47d6a4527,BAC_1,A,I|C|S,0.511,10.82,10.96,8.56,-1,0.639,0.917,0.484,0.754,1
b7ffcdb5c7dd4a77,BAC_1,D,R|S|I,0.604,9.6,8.96,7.88,1,0.534,0.867,0.349,0.673,0
6da27325002147aa,BAC_1,A,C|E|I,0.447,9.43,8.76,8.1,1,0.606,0.625,0.923,0.663,0
8e962f0555e7499f,BAC_1,D,I|A|S,0.517,9.96,11.96,8.97,-1,0.561,0.265,0.171,0.355,0
ca1341a579104bc6,BAC_1,D,S|A|C,0.586,9.21,8.78,9.58,1,0.554,0.181,0.658,0.383,0
42cca9c1dd734db2,BAC_1,A,C|E|S,0.471,12.33,13.8,11.59,-1,0.461,0.99,0.431,0.721,1
dd34e7fb320246af,BAC_1,A,E|A|C,0.586,10.28,9.64,11.05,1,0.547,0.896,0.64,0.735,1
c863c13354474fea,BAC_1,D,I|C|S,0.455,13.73,13.69,14.35,1,0.343,0.695,0.328,0.516,0
1ab41f87b33c4a4c,BAC_1,A,S|A|C,0.468,11.06,10.96,11.1,1,0.386,0.611,0.204,0.471,1
1869b3fc3a094069,BAC_1,A,E|S|I,0.612,6.18,5.73,5.76,1,0.404,0.99,0.845,0.763,1
d7a048757a32439e,BAC_1,D,E|C|I,0.632,7.1,5.19,6.88,1,0.62,0.427,0.744,0.542,0
cbb2b8e3af1042d0,BAC_1,A,A|C|I,0.52,13.62,13.38,15.11,1,0.653,0.99,0.643,0.82,1
d417e247ad55481c,BAC_1,A,C|A|S,0.428,9.86,9.77,10.07,1,0.301,0.467,0.423,0.402,1
152b58944239419a,BAC_1,A,A|S|I,0.547,11.82,12.13,11.75,-1,0.654,0.43,0.342,0.495,1
5a643285d8f2442c,BAC_1,A,A|S|I,0.422,10.36,10.24,8.54,1,0.409,0.663,0.373,0.531,0
d5c9c004f5714fd0,BAC_1,A,A|E|I,0.466,11.33,11.06,11.59,1,0.56,0.916,0.462,0.723,0
275f6c2218f5419c,BAC_1,D,C|A|E,0.546,9.33,8.41,8.66,1,0.457,0.919,0.716,0.727,0
2a366ad8d7744905,BAC_1,D,I|C|S,0.543,14.17,13.02,13.85,1,0.591,0.425,0.522,0.498,1
223c4e13be2f4890,BAC_1,D,S|A|I,0.583,10.92,9.65,10.6,1,0.676,0.662,0.453,0.636,1
6017a485e44146e5,BAC_1,A,I|E|R,0.547,10.89,10.12,11.75,1,0.634,0.737,0.402,0.651,0
46b9ccbd78c940b4,BAC_1,A,S|A|C,0.518,10.06,9.14,9.85,1,0.377,0.428,0.163,0.37,1
e0c47da1f2254dd2,BAC_1,A,E|S|I,0.489,12.0,12.9,10.83,-1,0.418,0.619,0.332,0.505,1
897ffed5f6604949,BAC_1,D,E|S|C,0.539,14.05,14.34,13.9,-1,0.537,0.614,0.645,0.592,1
a6de746f5afb42c6,BAC_1,A,S|I|C,0.445,11.95,11.84,11.41,1,0.379,0.86,0.546,0.645,1
e478ba73c36b440d,BAC_1,A,I|S|C,0.521,9.64,10.39,8.4,-1,0.444,0.271,0.581,0.378,1
70740bf2605540c0,BAC_1,A,S|I|C,0.418,9.23,8.45,7.71,1,0.366,0.37,0.74,0.424,1
2f562fc8bcde48ea,BAC_1,G3,E|C|A,0.493,10.64,9.8,10.36,1,0.488,0.471,0.672,0.507,0
625bf501599143f2,BAC_1,D,S|A|C,0.571,8.83,8.54,7.29,1,0.664,0.235,0.745,0.462,0
b6724f5418584f71,BAC_1,A,S|C|A,0.619,9.75,10.32,9.66,-1,0.718,0.946,0.554,0.808,1
e64f4124257f41bb,BAC_1,A,A|I|S,0.446,10.9,10.9,9.5,1,0.342,0.761,0.641,0.596,1
c76d38284a1b46d5,BAC_1,D,C|E|S,0.611,10.15,10.5,9.69,-1,0.517,0.843,0.459,0.671,1
a5973273aefe454e,BAC_1,D,S|I|C,0.563,12.44,12.59,12.07,-1,0.683,0.629,0.538,0.634,0
823af2f304aa4e2e,BAC_1,A,A|I|S,0.394,11.36,10.8,10.48,1,0.388,0.594,0.916,0.57,0
a23e48a77ad743af,BAC_1,F1,R|I|C,0.482,9.77,10.31,8.87,-1,0.278,0.862,0.494,0.603,1
de9e86757cae425b,BAC_1,A,A|S|E,0.513,9.43,8.28,9.87,1,0.545,0.968,0.328,0.724,0
7e34ac459dcc4f1b,BAC_1,D,E|C|I,0.582,8.54,8.02,7.86,1,0.526,0.955,0.439,0.727,1
fe1c6bf569f44c28,BAC_1,A,E|S|I,0.529,7.71,8.28,7.15,-1,0.473,0.664,0.612,0.589,0
1ee6861c699045fb,BAC_1,D,C|A|E,0.537,11.79,12.38,9.41,-1,0.617,0.896,0.482,0.736,0
0f394a1e95794e3a,BAC_1,D,C|I|S,0.561,11.83,11.13,12.25,1,0.428,0.426,0.313,0.41,0
64dacab643b747c2,BAC_1,D,I|S|C,0.75,11.71,10.38,12.13,1,0.677,0.851,0.685,0.765,1
80fe68a442434c7e,BAC_1,D,C|A|S,0.617,10.56,10.31,9.43,1,0.601,0.644,0.512,0.61,0
2fb80ae4afe94165,BAC_1,A,A|S|I,0.396,10.89,10.16,9.39,1,0.272,0.961,0.475,0.647,1
5b51fcef5e4b4ce7,BAC_1,D,R|C|I,0.499,13.71,13.8,12.25,-1,0.706,0.609,0.585,0.64,1
c0291f4c6c7e48bb,BAC_1,D,R|I|E,0.61,8.36,8.19,8.51,1,0.54,0.379,0.44,0.445,0
424fa84a6ac343d5,BAC_1,D,E|C|A,0.47,10.71,8.75,9.89,1,0.658,0.604,0.483,0.605,1
e744ac1fdb734f4a,BAC_1,D,S|E|A,0.468,13.76,13.66,13.26,1,0.642,0.99,0.491,0.793,1
96a9ae6d89f34558,BAC_1,D,R|I|C,0.548,9.34,9.36,9.67,-1,0.59,0.607,0.525,0.589,1
79b30fd267e94501,BAC_1,D,C|I|E,0.454,9.86,8.89,10.33,1,0.506,0.637,0.411,0.557,0
5e81262b78774ed2,BAC_1,A,A|R|S,0.5,11.19,10.34,11.29,1,0.616,0.379,0.34,0.456,1
bc57630aeda74ebd,BAC_1,A,E|C|I,0.477,10.24,10.65,11.24,-1,0.567,0.5,0.568,0.534,0
924ad4782af94e38,BAC_1,D,S|C|I,0.481,6.44,5.33,3.22,1,0.436,0.504,0.191,0.433,0
ee997721c17d4878,BAC_1,D,A|S|C,0.475,10.3,9.54,8.67,1,0.454,0.597,0.361,0.512,0
82586e95b99c4d8e,BAC_1,A,A|C|I,0.487,8.29,6.98,8.16,1,0.443,0.86,0.529,0.664,1
bd6ad6d9adaf4e20,BAC_1,A,A|S|I,0.552,10.61,11.2,11.47,-1,0.509,0.479,0.673,0.519,0
cbc7bbacd3d849d8,BAC_1,D,S|I|C,0.516,14.91,15.1,14.09,-1,0.654,0.775,0.24,0.653,0
f63649a000c34f42,BAC_1,A,E|A|I,0.508,11.15,10.01,11.89,1,0.529,0.663,0.228,0.551,1
dd0e93004d6f4b4f,BAC_1,G1,C|E|S,0.534,8.08,7.46,7.32,1,0.609,0.916,0.881,0.803,0
cb943fafee084ed0,BAC_1,A,S|C|A,0.415,8.39,8.01,8.0,1,0.396,0.258,0.511,0.344,0
f7a427df251e463d,BAC_1,A,A|S|E,0.55,12.99,12.71,13.14,1,0.499,0.682,0.348,0.568,1
e6a82055ebe547d4,BAC_1,A,E|I|S,0.592,11.18,10.97,9.45,1,0.533,0.607,0.754,0.603,0
257ca560152e48ce,BAC_1,D,E|S|I,0.509,13.01,13.58,11.88,-1,0.489,0.733,0.626,0.632,1
c8c7090e359f46fb,BAC_1,A,A|I|S,0.556,9.5,9.75,7.85,-1,0.605,0.539,0.756,0.595,1
20f91af6780746cc,BAC_1,A,S|E|I,0.609,10.77,10.79,10.48,-1,0.57,0.99,0.343,0.746,0
04a21a8bc3a948ff,BAC_1,D,E|I|A,0.52,8.51,8.16,8.28,1,0.573,0.616,0.689,0.612,0
574505d058e2414d,BAC_1,A,S|A|R,0.41,8.73,7.71,6.9,1,0.334,0.719,0.295,0.521,0
7d6645afd6644ceb,BAC_1,A,A|I|S,0.529,9.74,8.63,8.57,1,0.483,0.439,0.464,0.458,0
b51b91d389fd4426,BAC_1,E,R|I|C,0.573,12.16,11.21,10.69,1,0.46,0.99,0.717,0.763,0
287eecbb010a4416,BAC_1,D,I|S|R,0.52,8.59,8.46,8.64,1,0.519,0.23,0.495,0.371,0
c02587bae87a44b3,BAC_1,A,S|R|E,0.544,13.42,13.91,13.36,-1,0.537,0.99,0.289,0.726,1
0e5228f95f5e41c3,BAC_1,D,S|E|C,0.518,12.91,13.18,12.25,-1,0.553,0.916,0.408,0.713,1
aec8792350a54417,BAC_1,D,R|I|C,0.486,7.48,7.15,8.1,1,0.519,0.899,0.383,0.689,1
f6ec7e6942cb45a2,BAC_1,D,S|C|A,0.432,9.04,9.5,9.81,-1,0.29,0.99,0.673,0.697,0
8c70d4a5d1fe4459,BAC_1,D,R|C|I,0.631,8.31,8.87,7.84,-1,0.602,0.338,0.244,0.416,1
b304338d97fb4f79,BAC_1,G3,C|I|E,0.577,13.4,14.66,12.02,-1,0.482,0.577,0.469,0.527,1
7fab2e1dc3134df2,BAC_1,D,R|C|I,0.57,14.42,14.71,13.92,-1,0.525,0.836,0.352,0.655,1
dd55165ed7ba4be6,BAC_1,A,E|S|I,0.503,12.53,11.69,11.58,1,0.497,0.266,0.531,0.387,0
cce1af260d8f457b,BAC_1,A,A|C|E,0.572,10.73,11.22,9.93,-1,0.709,0.99,0.792,0.862,0
2c9c199e78e24838,BAC_1,D,S|A|C,0.449,9.07,8.83,8.97,1,0.403,0.965,0.279,0.666,0
2cebac360b724a4f,BAC_1,D,C|I|E,0.632,7.49,6.85,6.87,1,0.595,0.144,0.362,0.335,0
e38627ae082b4137,BAC_1,D,C|E|S,0.457,10.16,10.52,10.06,-1,0.324,0.455,0.568,0.426,0
4b82ccf19f2a47c0,BAC_1,A,A|C|I,0.503,12.56,11.93,11.78,1,0.506,0.99,0.44,0.738,1
489367c95dad4226,BAC_1,E,I|R|C,0.6,11.24,10.4,9.16,1,0.562,0.854,0.397,0.683,0
69a23570322342e4,BAC_1,D,S|E|C,0.623,10.24,10.27,9.29,-1,0.588,0.94,0.592,0.765,0
7bb8a1bd900e4a4a,BAC_1,G3,I|C|S,0.498,12.86,12.29,11.99,1,0.526,0.556,0.687,0.565,0
7bbb9b02c2084f43,BAC_1,D,I|C|S,0.457,11.81,12.31,9.31,-1,0.401,0.92,0.708,0.707,0
1c2367d10b244f95,BAC_1,G2,E|C|A,0.57,6.64,5.57,6.26,1,0.773,0.598,0.506,0.646,0
7f90aa1e8b3a41d0,BAC_1,A,S|E|A,0.492,10.32,9.81,9.95,1,0.467,0.49,0.499,0.483,0
ee3d56b0182c4cce,BAC_1,A,S|A|C,0.441,9.62,9.02,8.69,1,0.427,0.471,0.361,0.439,0
2f5c8754d39346a0,BAC_1,D,S|C|I,0.651,11.63,9.9,10.76,1,0.527,0.532,0.738,0.561,0
b6cfe6b372dd42d6,BAC_1,D,C|S|A,0.369,11.53,10.76,11.42,1,0.271,0.871,0.749,0.643,1
6b344ccb54624436,BAC_1,A,A|I|S,0.512,10.55,10.32,9.84,1,0.454,0.514,0.417,0.478,1
65e3a2c85d9c49ab,BAC_1,D,C|I|R,0.627,9.65,8.85,9.84,1,0.681,0.488,0.36,0.537,1
372e3423122143a8,BAC_1,A,A|C|I,0.45,9.75,10.36,9.09,-1,0.28,0.133,0.185,0.192,1
b644a92a14064ebd,BAC_1,A,C|I|E,0.551,8.98,9.65,8.08,-1,0.746,0.217,0.461,0.438,0
23cb2274ecea4d5b,BAC_1,D,S|A|I,0.451,9.61,9.13,9.11,1,0.48,0.524,0.266,0.47,0
3e501302c86f4625,BAC_1,D,R|I|S,0.483,8.18,8.4,7.91,-1,0.464,0.152,0.515,0.316,0
1dcd4c3c11d84015,BAC_1,D,S|I|R,0.548,9.94,9.86,10.66,1,0.395,0.833,0.554,0.638,0
33379f69789445cc,BAC_1,D,S|E|I,0.485,11.06,11.52,9.48,-1,0.518,0.404,0.436,0.449,0
daf6d1ad520b46b3,BAC_1,D,I|E|R,0.504,11.15,9.93,12.06,1,0.627,0.547,0.289,0.536,0
9dd0f84e2cec41b6,BAC_1,D,S|C|I,0.469,6.94,6.75,5.28,1,0.531,0.725,0.394,0.607,1
c2eb634fd38c4dbc,BAC_1,D,I|C|E,0.478,7.12,6.89,6.59,1,0.69,0.475,0.1,0.494,1
93b05e57314a4601,BAC_1,A,S|E|I,0.525,10.27,10.28,10.11,-1,0.494,0.792,0.39,0.627,0
49b45b61d140441d,BAC_1,A,S|C|A,0.478,9.25,9.03,8.31,1,0.613,0.99,0.574,0.795,0
a5c9fcd54ffe4fab,BAC_1,D,C|E|A,0.524,12.33,12.03,12.51,1,0.715,0.548,0.521,0.602,1
638ecc8383ed485d,BAC_1,A,A|I|S,0.49,11.83,12.28,12.27,-1,0.343,0.591,0.429,0.48,0
b33426d41343408e,BAC_1,A,S|E|C,0.481,7.88,7.53,6.58,1,0.389,0.683,0.243,0.514,0
2b7f68737a63431c,BAC_1,D,S|I|A,0.542,8.7,8.61,8.18,1,0.578,0.746,0.303,0.621,0
42035612fae34d86,BAC_1,D,S|I|A,0.546,12.83,11.76,10.65,1,0.746,0.821,0.704,0.777,1
18d287714a8c460f,BAC_1,A,E|A|I,0.383,6.82,5.44,5.63,1,0.459,0.182,0.499,0.326,0
da3aa35c009847e3,BAC_1,A,R|A|S,0.688,10.5,10.2,10.22,1,0.714,0.99,0.472,0.816,0
d24159e343c44fb4,BAC_1,F1,R|A|I,0.487,13.11,13.13,12.92,-1,0.502,0.912,0.672,0.733,1
dea969e8ca4c4d88,BAC_1,A,I|S|A,0.507,7.69,8.66,8.33,-1,0.476,0.85,0.56,0.675,0
4313092f7d714dda,BAC_1,D,R|C|E,0.446,11.18,9.98,10.43,1,0.514,0.672,0.883,0.649,1
698df437c6dd4cb6,BAC_1,A,A|S|C,0.395,9.08,7.78,8.59,1,0.384,0.5,0.617,0.477,1
68ceda9224c04853,BAC_1,D,E|A|I,0.409,9.51,9.29,9.08,1,0.335,0.833,0.517,0.611,1
c5f057c0ab9546f1,BAC_1,F3,I|C|R,0.629,8.64,9.07,6.88,-1,0.568,0.893,0.329,0.695,0
a75893b5fb85407f,BAC_1,A,E|S|I,0.569,8.53,8.84,8.26,-1,0.649,0.789,0.614,0.714,0
ad10aee2bd684c9f,BAC_1,G1,E|I|C,0.633,13.53,13.03,12.05,1,0.653,0.775,0.496,0.69,1
4a63a6aac0fc4f82,BAC_1,D,R|C|E,0.477,6.62,5.49,4.75,1,0.507,0.166,0.337,0.311,0
b0a98d9f80ec4e87,BAC_1,D,I|C|R,0.654,9.76,9.31,9.66,1,0.852,0.99,0.571,0.879,0
dfc824ea6f9e425c,BAC_1,A,E|S|I,0.607,13.63,13.61,12.5,1,0.636,0.837,0.345,0.693,1
f706998d14334994,BAC_1,D,S|I|C,0.581,7.6,8.39,7.29,-1,0.303,0.322,0.694,0.371,0
265d7311af6c413f,BAC_1,A,E|C|S,0.545,7.92,8.21,6.52,-1,0.499,0.365,0.791,0.476,0
fc1da81cbf334f5d,BAC_1,A,S|R|A,0.536,8.67,9.08,7.22,-1,0.495,0.815,0.791,0.699,0
a2ddf45820e246e3,BAC_1,F1,R|E|S,0.568,8.28,9.08,7.86,-1,0.597,0.736,0.372,0.633,1
cdcca23dd7c74e65,BAC_1,A,A|E|S,0.418,7.83,6.74,6.96,1,0.175,0.773,0.493,0.522,1
ccd5fed350c241c3,BAC_1,A,S|A|I,0.393,10.6,9.54,8.6,1,0.403,0.758,0.348,0.572,1
fa235e8b2fc44968,BAC_1,D,C|E|I,0.501,8.49,7.77,7.51,1,0.538,0.319,0.643,0.444,0
791be088edd54181,BAC_1,D,E|S|C,0.534,8.72,8.84,7.18,-1,0.578,0.629,0.623,0.61,0
8f3b2be40353413f,BAC_1,A,S|C|I,0.429,9.57,9.39,10.0,1,0.448,0.395,0.153,0.377,1
b00cb597f54848c3,BAC_1,A,C|E|I,0.646,10.04,9.07,9.66,1,0.402,0.925,0.312,0.65,1
27696a02b35e4ae6,BAC_1,A,S|C|I,0.363,12.2,11.7,11.72,1,0.421,0.501,0.555,0.481,1
474aa71b45284f83,BAC_1,D,E|S|A,0.49,8.47,8.04,7.58,1,0.52,0.582,0.312,0.52,0
bebe3c3b8f864c89,BAC_1,D,I|R|C,0.515,8.3,8.56,7.13,-1,0.477,0.789,0.332,0.611,0
624a708de50a408e,BAC_1,D,R|S|I,0.519,11.19,9.64,11.61,1,0.454,0.873,0.454,0.664,0
fd4baa73b90247ad,BAC_1,A,R|E|S,0.592,14.13,14.55,13.21,-1,0.432,0.89,0.242,0.632,1
c1a791513d8a4048,BAC_1,A,A|I|S,0.398,13.39,13.71,12.95,-1,0.53,0.707,0.455,0.607,1
52ba598134e44e3e,BAC_1,D,I|E|R,0.512,13.97,14.22,14.93,-1,0.45,0.368,0.107,0.358,0
e7bc1be19a9b4fcf,BAC_1,B,A|E|C,0.581,10.21,10.76,9.11,-1,0.593,0.808,0.314,0.659,1
7268ec50f5934e22,BAC_1,G3,C|E|S,0.544,9.44,9.89,8.37,-1,0.594,0.554,0.596,0.574,0
48575408ef0c4095,BAC_1,A,S|I|E,0.55,11.53,11.95,10.8,-1,0.463,0.621,0.416,0.535,1
2d6da9cc2b5740be,BAC_1,D,I|C|S,0.505,9.3,7.74,8.26,1,0.218,0.353,0.524,0.331,0
502c623ccb9f4207,BAC_1,D,E|R|I,0.473,13.06,12.57,13.31,1,0.523,0.746,0.577,0.643,0
783f6f4463cd4682,BAC_1,C,R|I|S,0.484,12.18,11.46,12.05,1,0.455,0.99,0.705,0.76,1
c6a1aa2cbfa9476a,BAC_1,D,S|I|A,0.469,9.56,9.73,10.73,-1,0.569,0.574,0.355,0.539,0
7909271bf4704ba0,BAC_1,B,C|E|I,0.574,12.01,11.64,12.8,1,0.564,0.9,0.314,0.695,0
8d842754a6f240bb,BAC_1,D,R|E|I,0.47,10.52,10.27,10.06,1,0.306,0.171,0.251,0.23,1
dd0e949ef0814d1e,BAC_1,D,E|R|S,0.444,10.98,10.87,10.37,1,0.374,0.491,0.656,0.475,1
42ee928d6bd04f94,BAC_1,A,S|C|E,0.509,7.83,7.85,9.09,-1,0.627,0.502,0.414,0.532,1
1379420330c44635,BAC_1,A,E|A|C,0.562,11.81,12.13,11.31,-1,0.521,0.926,0.418,0.708,1
aadf78055774488e,BAC_1,G2,E|C|I,0.597,10.8,11.49,10.78,-1,0.639,0.564,0.541,0.587,0
7f2da5d10fa84ed5,BAC_1,A,A|E|S,0.526,11.17,9.87,11.03,1,0.634,0.621,0.582,0.619,0
2a252c456c0b4866,BAC_1,D,R|I|S,0.48,9.44,9.59,8.17,-1,0.525,0.822,0.631,0.689,0
fadc1bfb72d5445f,BAC_1,F1,R|I|E,0.537,8.84,9.45,9.53,-1,0.592,0.894,0.321,0.702,1
7b77df61d4de4aee,BAC_1,D,S|C|A,0.448,12.12,11.94,11.19,1,0.52,0.299,0.11,0.348,0
10f84e070a354190,BAC_1,A,S|E|A,0.484,12.79,12.15,12.56,1,0.508,0.806,0.404,0.641,1
21fb55e0812b4667,BAC_1,D,I|R|S,0.544,13.51,13.21,13.63,1,0.509,0.582,0.432,0.534,0
49a7086044d84d49,BAC_1,A,A|I|S,0.465,12.03,11.2,11.1,1,0.655,0.709,0.293,0.628,1
ed0d18b065984a17,BAC_1,D,I|C|S,0.527,11.5,10.94,10.25,1,0.622,0.565,0.424,0.564,0
bcb8aa3f3fd84f6e,BAC_1,D,C|I|R,0.428,10.88,11.59,10.35,-1,0.371,0.254,0.264,0.296,0
80a1d87b090341bc,BAC_1,G3,C|E|I,0.646,10.28,10.26,9.42,1,0.706,0.322,0.476,0.479,0
9d59c115a41e4933,BAC_1,A,A|S|E,0.581,11.82,11.56,11.9,1,0.624,0.972,0.335,0.755,1
21908fdc4c6046e8,BAC_1,D,R|C|E,0.516,6.96,5.46,7.54,1,0.492,0.674,0.657,0.608,0
9c3ee622ad3e41d6,BAC_1,D,I|C|E,0.507,13.24,12.17,12.62,1,0.554,0.1,0.132,0.264,1
982df2c6c6874884,BAC_1,A,I|S|A,0.544,8.54,8.22,8.64,1,0.665,0.46,0.408,0.524,0
5c19ea4144354612,BAC_1,A,S|I|E,0.523,12.28,11.75,11.04,1,0.513,0.486,0.437,0.488,1
a0087a9d6d404fa9,BAC_1,A,S|A|I,0.525,9.63,10.65,8.37,-1,0.637,0.433,0.657,0.538,0
045420a4c48044a7,BAC_1,D,C|I|E,0.613,7.91,7.58,7.63,1,0.574,0.89,0.489,0.72,1
886390682d7b4b92,BAC_1,A,E|A|I,0.574,7.42,6.98,6.5,1,0.597,0.667,0.575,0.629,0
3869d980635841d1,BAC_1,D,E|I|S,0.546,11.1,10.94,9.28,1,0.716,0.16,0.401,0.391,0
546a6fac8bad4319,BAC_1,A,I|E|A,0.5,12.32,12.48,12.39,-1,0.509,0.372,0.364,0.418,0
c025520c8c1a4a5f,BAC_1,A,R|A|S,0.502,10.73,10.76,10.17,-1,0.401,0.852,0.571,0.652,0
3b7c219516064190,BAC_1,A,C|E|S,0.52,13.16,13.76,13.2,-1,0.754,0.286,0.331,0.457,0
7648823be4684613,BAC_1,D,A|I|E,0.444,9.7,9.8,9.18,-1,0.466,0.321,0.705,0.429,0
df429ed526e44019,BAC_1,A,A|S|C,0.36,11.99,12.69,10.7,-1,0.154,0.367,0.598,0.327,0
c6d7be4e8dcc48ed,BAC_1,A,I|E|A,0.519,10.27,9.77,8.74,1,0.512,0.602,0.848,0.607,0
5a08a9860c124a61,BAC_1,D,E|C|S,0.524,12.75,13.29,12.59,-1,0.514,0.806,0.285,0.626,1
c169f3629eaf43e8,BAC_1,D,I|E|S,0.509,13.58,14.61,13.32,-1,0.496,0.478,0.713,0.52,0
1c15dabfb36a4b2a,BAC_1,D,E|C|S,0.438,9.15,10.14,7.53,-1,0.191,0.464,0.62,0.392,0
2a0ffde5bd034a95,BAC_1,A,A|C|I,0.489,11.39,10.85,11.01,1,0.649,0.57,0.403,0.573,0
e416b415035544a8,BAC_1,A,A|S|I,0.542,8.58,7.75,8.09,1,0.571,0.429,0.561,0.498,0
b2a5296ecd43406c,BAC_1,D,C|I|R,0.514,15.25,15.66,14.77,-1,0.539,0.49,0.448,0.501,0
ce8ae94c33f14aee,BAC_1,D,E|C|R,0.59,13.49,13.59,13.5,-1,0.816,0.988,0.368,0.835,1
5e3dc2a75dd24e7f,BAC_1,A,C|A|E,0.588,10.14,10.33,10.03,-1,0.47,0.74,0.39,0.593,0
b9fd543d237947b1,BAC_1,A,R|A|S,0.66,12.59,12.55,10.99,1,0.597,0.63,0.577,0.61,1
7165e1ff122942f1,BAC_1,D,R|C|E,0.492,10.84,10.18,11.97,1,0.286,0.617,0.546,0.49,1
73fe40e9fe824e98,BAC_1,D,S|I|A,0.623,8.18,7.9,7.41,1,0.581,0.539,0.328,0.522,0
d1cccfc5652e46c5,BAC_1,A,E|S|R,0.445,10.11,10.5,11.2,-1,0.146,0.972,0.553,0.62,1
4198299bd7fe41c8,BAC_1,F4,R|E|S,0.567,12.61,10.95,12.25,1,0.508,0.837,0.449,0.664,0
1e785aadf7ac466e,BAC_1,D,S|A|C,0.437,13.08,12.66,13.04,1,0.577,0.866,0.141,0.656,1
d8e47c6eaf5e4ceb,BAC_1,D,E|A|S,0.478,10.05,9.59,11.79,1,0.354,0.705,0.633,0.571,0
f7aa69ffe6054b4d,BAC_1,D,C|I|E,0.636,10.81,10.93,10.51,-1,0.429,0.329,0.886,0.448,0
d9bdca40a2a44de0,BAC_1,D,A|S|I,0.584,13.56,12.38,13.23,1,0.521,0.354,0.665,0.459,1
95b6e97d051c4918,BAC_1,A,A|E|I,0.483,10.64,11.59,10.04,-1,0.35,0.817,0.387,0.589,1
7c9e6d0c39c74185,BAC_1,A,I|S|A,0.54,11.13,11.68,11.33,-1,0.493,0.764,0.329,0.604,0
e9f2d430b0134cca,BAC_1,D,S|C|I,0.429,8.44,7.52,7.01,1,0.329,0.873,0.563,0.636,1
7976f7bd4f8446aa,BAC_1,D,I|C|S,0.43,11.74,12.12,11.74,-1,0.372,0.693,0.682,0.579,1
a5f3b11ff2d7435c,BAC_1,D,S|A|C,0.416,12.08,12.46,10.61,-1,0.258,0.758,0.308,0.515,1
52f927b2490f4280,BAC_1,A,A|E|I,0.514,8.15,8.39,7.7,-1,0.367,0.251,0.599,0.344,0
9a7b9688dcfe424b,BAC_1,A,E|C|I,0.511,9.22,8.31,9.51,1,0.27,0.684,0.723,0.545,1
33f5341006874f05,BAC_1,A,A|C|S,0.445,8.38,7.81,8.1,1,0.499,0.706,0.618,0.62,1
bec406f0f1e1436e,BAC_1,A,S|I|R,0.483,11.89,10.82,10.4,1,0.462,0.545,0.623,0.528,0
5a72e574cef24e68,BAC_1,D,C|E|I,0.518,8.47,7.73,6.62,1,0.551,0.1,0.472,0.314,0
54a53134007646c2,BAC_1,D,I|C|S,0.584,10.96,10.24,10.47,1,0.361,0.633,0.501,0.518,1
0637d6620fa5497d,BAC_1,A,S|A|I,0.454,11.67,10.87,10.38,1,0.444,0.586,0.146,0.47,0
121a2233e18e4b68,BAC_1,D,S|A|E,0.527,9.91,9.12,9.06,1,0.334,0.362,0.651,0.395,1
e220d26e8cc74983,BAC_1,A,E|S|C,0.375,12.22,12.16,12.85,1,0.421,0.918,0.435,0.671,0
b4ba2dc7191846ea,BAC_1,D,S|R|E,0.491,12.89,13.0,13.52,-1,0.369,0.686,0.172,0.498,0
555291f1574b4751,BAC_1,D,R|I|A,0.434,12.18,12.24,10.66,-1,0.266,0.341,0.639,0.36,1
8862f19b7ae14a7b,BAC_1,B,A|S|I,0.517,9.85,9.57,9.71,1,0.566,0.674,0.614,0.627,0
4b0cd49882e44722,BAC_1,D,C|E|I,0.509,10.62,10.28,9.3,1,0.504,0.82,0.266,0.627,0
0257f3d866084262,BAC_1,D,C|E|S,0.619,10.32,9.16,9.1,1,0.717,0.818,0.43,0.724,0
d27213d91c8b49b2,BAC_1,A,A|E|S,0.564,13.11,12.43,11.76,1,0.656,0.969,0.551,0.797,0
457f66b25ecb4fe9,BAC_1,D,I|C|S,0.53,12.61,12.38,13.43,1,0.395,0.646,0.74,0.572,0
4f1c1aa9505b473a,BAC_1,A,S|C|I,0.531,8.59,7.44,7.05,1,0.503,0.638,0.632,0.59,0
f830a1e294af4e9b,BAC_1,A,S|I|C,0.497,12.08,12.66,11.61,-1,0.492,0.466,0.569,0.49,0
c678c001a05a4fe9,BAC_1,A,E|C|I,0.531,11.37,10.22,11.66,1,0.699,0.473,0.399,0.541,0
cabcf13566c94560,BAC_1,D,I|C|R,0.601,11.83,11.46,9.72,1,0.655,0.598,0.641,0.624,1
173e5fa41c3b4f3e,BAC_1,A,I|C|S,0.522,10.34,8.27,9.96,1,0.606,0.423,0.635,0.519,1
03c0d3c2024f4360,BAC_1,D,I|A|R,0.318,8.15,5.95,7.5,1,0.284,0.662,0.907,0.566,0
d5c4fc6df94744d1,BAC_1,D,A|I|C,0.435,8.18,6.96,8.15,1,0.504,0.926,0.364,0.694,1
e9eaf6f91b034737,BAC_1,A,I|E|R,0.482,7.98,8.73,7.06,-1,0.415,0.317,0.385,0.361,0
80a23b20c99641c4,BAC_1,A,S|A|I,0.538,13.1,13.9,10.92,-1,0.471,0.99,0.598,0.749,1
2d29b51d2b9d45c5,BAC_1,D,S|I|C,0.613,15.0,14.32,14.4,1,0.814,0.8,0.373,0.741,0
18d88e1d21e4415e,BAC_1,D,I|R|A,0.598,12.87,12.44,12.47,1,0.698,0.693,0.468,0.661,0
222bda6691e24940,BAC_1,D,C|E|S,0.419,13.7,12.98,12.86,1,0.389,0.967,0.856,0.748,1
53fad5525d3a4030,BAC_1,D,S|C|E,0.546,8.69,8.81,6.71,-1,0.63,0.787,0.537,0.695,1
e3a86b9b403747f4,BAC_1,A,I|A|S,0.54,13.69,14.67,13.18,-1,0.44,0.661,0.668,0.585,1
2e5a076915c8420c,BAC_1,A,A|S|I,0.45,13.94,13.31,15.0,1,0.383,0.99,0.665,0.729,0
054a753f99c54d1c,BAC_1,D,C|E|I,0.468,10.62,10.58,9.68,1,0.574,0.974,0.642,0.784,0
a3e04cc13a5a474b,BAC_1,A,C|E|S,0.528,6.78,6.12,6.0,1,0.534,0.71,0.718,0.65,0
35757aaf42cf4192,BAC_1,A,S|A|C,0.492,9.2,7.0,8.49,1,0.513,0.671,0.501,0.59,1
30f8833cc8d54b98,BAC_1,A,S|A|E,0.534,9.2,8.04,6.88,1,0.573,0.751,0.314,0.623,0
7b50dd9b4e6f4ca1,BAC_1,A,A|R|I,0.502,9.74,9.92,9.67,-1,0.588,0.99,0.76,0.815,0
b4862c867e674144,BAC_1,A,S|A|I,0.51,9.68,9.77,10.05,-1,0.48,0.422,0.68,0.481,0
9a34e1f105ca48ac,BAC_1,D,E|C|I,0.59,8.34,8.24,8.77,1,0.558,0.553,0.449,0.539,1
e6a8e9e6d5844893,BAC_1,A,R|S|E,0.563,11.5,11.14,10.42,1,0.592,0.688,0.63,0.646,1
5c747cecb0bc49f9,BAC_1,D,C|I|E,0.494,11.83,11.25,12.05,1,0.406,0.306,0.557,0.379,0
d95d0573824b49f7,BAC_1,A,A|S|I,0.512,11.24,11.69,9.26,-1,0.749,0.66,0.308,0.639,0
a7c9852f742f4b41,BAC_1,A,A|S|I,0.383,10.29,9.51,9.89,1,0.275,0.343,0.599,0.358,0
465e0c9f71844eed,BAC_1,D,S|A|C,0.594,10.98,11.63,10.67,-1,0.62,0.638,0.318,0.584,0
c0aabeb383784821,BAC_1,G2,C|I|E,0.573,11.83,11.93,11.41,-1,0.695,0.539,0.318,0.561,1
157acebf0a83462b,BAC_1,D,S|C|E,0.581,11.39,10.22,10.88,1,0.692,0.745,0.72,0.723,1
5b4a579c1cdf4503,BAC_1,A,A|S|C,0.544,10.13,10.0,8.79,1,0.482,0.655,0.268,0.536,0
42c65cf6f4634c81,BAC_1,A,E|S|A,0.599,9.88,8.91,8.45,1,0.8,0.747,0.581,0.741,1
15f77e2c7dc24e13,BAC_1,A,I|A|S,0.51,8.7,8.21,7.84,1,0.539,0.408,0.614,0.485,1
c80b02bc3c554ea4,BAC_1,A,C|A|I,0.499,8.89,8.09,8.0,1,0.445,0.445,0.422,0.441,0
0fc3d125b44e4194,BAC_1,D,C|E|I,0.52,9.14,10.63,9.38,-1,0.596,0.941,0.588,0.767,1
e92b9ba074b84dd6,BAC_1,D,R|I|S,0.448,11.55,11.02,11.1,1,0.534,0.741,0.108,0.573,0
41df55fbd20149ac,BAC_1,D,I|S|C,0.541,10.77,10.69,9.85,1,0.69,0.434,0.383,0.516,0
537bd4b0012445ef,BAC_1,D,S|E|I,0.498,12.93,12.71,12.41,1,0.508,0.459,0.274,0.449,0
29ee072ef50c4920,BAC_1,D,R|C|I,0.623,10.36,10.47,10.7,-1,0.495,0.451,0.618,0.492,0
b8171f446d2647ee,BAC_1,D,S|I|E,0.485,12.77,12.74,13.16,1,0.515,0.66,0.276,0.552,1
ce7310fbca0645a8,BAC_1,D,E|C|S,0.59,10.24,10.35,8.91,-1,0.536,0.733,0.243,0.59,1
88f8e114119140ec,BAC_1,A,A|I|S,0.375,10.35,10.92,10.38,-1,0.258,0.633,0.653,0.505,0
fbe7aea6685549e0,BAC_1,A,A|E|C,0.576,8.22,7.56,7.11,1,0.751,0.859,0.579,0.779,0
41b8e4a5a1624a9a,BAC_1,A,E|S|C,0.563,9.09,8.99,8.76,1,0.691,0.815,0.761,0.764,1
23380cf24de44847,BAC_1,A,S|A|C,0.495,9.42,10.06,7.81,-1,0.462,0.864,0.619,0.687,0
348b12bfb0cc47c9,BAC_1,A,S|I|A,0.507,12.08,11.4,10.84,1,0.519,0.917,0.648,0.737,1
9c68acb276a3426a,BAC_1,A,I|A|S,0.459,10.67,10.28,10.98,1,0.392,0.537,0.612,0.498,1
324d1f6254724dbc,BAC_1,A,S|A|I,0.522,11.45,10.89,12.63,1,0.469,0.481,0.747,0.516,1
9c357d822d874ebb,BAC_1,D,C|E|S,0.58,9.8,8.58,7.18,1,0.678,0.951,0.477,0.784,0
5d46003c22eb4402,BAC_1,G3,E|A|C,0.556,13.33,12.64,13.38,1,0.608,0.422,0.574,0.51,1
f351c0517d3e44a1,BAC_1,D,E|C|I,0.614,10.34,11.44,9.53,-1,0.606,0.49,0.385,0.515,0
0fcae13f95b6442c,BAC_1,G2,E|C|I,0.59,8.14,7.91,8.51,1,0.535,0.689,0.564,0.617,0
980c87a8544b40bc,BAC_1,D,I|E|S,0.459,7.23,6.46,6.2,1,0.424,0.948,0.472,0.693,1
17c98faafd8e4278,BAC_1,D,I|S|E,0.421,7.55,8.61,8.4,-1,0.358,0.392,0.489,0.395,0
4fec7bb225aa4cb0,BAC_1,G3,I|C|S,0.566,10.97,9.52,9.56,1,0.437,0.691,0.573,0.584,0
d9179334d97a4131,BAC_1,D,R|I|C,0.566,11.93,10.3,11.58,1,0.544,0.365,0.508,0.449,1
e4e3d52ad28245df,BAC_1,B,S|E|C,0.429,9.36,7.82,8.59,1,0.424,0.8,0.398,0.608,1
8e4374a9664247f9,BAC_1,D,S|I|A,0.442,12.97,12.41,13.56,1,0.541,0.542,0.49,0.534,1
c428166097324f45,BAC_1,G2,S|I|R,0.519,8.9,8.41,9.35,1,0.439,0.772,0.64,0.636,0
b0d905b4696a4b92,BAC_1,A,A|S|I,0.45,13.02,13.14,13.55,-1,0.415,0.832,0.461,0.63,1
6b7313d30fd34c68,BAC_1,A,S|E|A,0.498,3.84,2.11,4.19,1,0.588,0.835,0.522,0.701,0
941333d3209749b2,BAC_1,A,A|I|S,0.591,11.45,10.73,11.16,1,0.544,0.777,0.935,0.719,0
f68b55c745c34592,BAC_1,D,C|I|R,0.556,13.06,13.8,11.99,-1,0.508,0.196,0.542,0.357,0
a849242960394e2a,BAC_1,A,A|S|E,0.475,11.66,11.6,10.61,1,0.356,0.931,0.453,0.658,0
dc319269825d482a,BAC_1,D,E|C|R,0.547,10.99,10.01,10.56,1,0.748,0.728,0.64,0.722,0
8a91e90a21314c41,BAC_1,D,E|C|I,0.448,12.77,11.4,13.06,1,0.51,0.944,0.533,0.73,1
ee6f41dc4e854202,BAC_1,A,S|I|C,0.524,13.72,13.53,14.2,1,0.628,0.505,0.56,0.556,1
6ecae81facb1483b,BAC_1,D,S|A|E,0.538,6.79,6.0,4.83,1,0.486,0.177,0.329,0.308,0
c50fe478cf774f41,BAC_1,A,C|A|S,0.432,9.95,8.87,12.07,1,0.464,0.99,0.406,0.718,0
d188b75f88ad4651,BAC_1,D,A|C|I,0.529,9.51,10.05,7.73,-1,0.65,0.558,0.397,0.566,0
1a26a26063014b74,BAC_1,D,S|I|C,0.652,13.23,13.05,11.75,1,0.638,0.268,0.418,0.42,1
b55788f570d64554,BAC_1,D,C|S|A,0.458,9.93,9.3,9.19,1,0.331,0.176,0.449,0.271,0
f78f7e989f0544b8,BAC_1,A,E|C|S,0.592,9.68,9.66,10.02,1,0.856,0.8,0.577,0.786,1
e643f76dd5ff4499,BAC_1,A,E|S|I,0.536,12.47,11.93,11.32,1,0.602,0.767,0.437,0.659,0
ac9445864a064cae,BAC_1,A,R|S|I,0.513,11.65,10.65,11.05,1,0.694,0.454,0.702,0.575,0
d414b290a3b64c1d,BAC_1,D,C|E|I,0.595,13.68,13.07,12.75,1,0.745,0.835,0.827,0.802,0
cc8fdf3ae3cf4b2f,BAC_1,A,S|C|A,0.413,10.54,9.79,9.31,1,0.354,0.99,0.656,0.717,1
3940f0ce6b2a4c92,BAC_1,A,S|I|C,0.415,8.31,7.4,7.03,1,0.42,0.21,0.524,0.331,0
d78f5eb228fa410b,BAC_1,A,S|I|A,0.527,9.27,8.27,8.34,1,0.553,0.665,0.727,0.635,0
cd78cf62cf32425f,BAC_1,A,S|C|E,0.456,9.48,9.68,8.71,-1,0.512,0.635,0.634,0.592,0
ad460bb1edde4250,BAC_1,A,A|I|S,0.419,13.04,13.96,12.33,-1,0.435,0.367,0.194,0.365,1
b1f571ff230d4587,BAC_1,D,I|C|S,0.581,14.06,13.37,12.95,1,0.39,0.453,0.716,0.47,1
d282137e693f433c,BAC_1,G1,E|C|S,0.612,9.45,9.59,7.65,-1,0.668,0.697,0.667,0.682,1
971c68b8dfe248ea,BAC_1,A,A|I|S,0.563,9.9,9.98,8.83,-1,0.656,0.353,0.401,0.466,0
89b74dec5d704d22,BAC_1,D,I|R|S,0.526,8.35,7.65,9.62,1,0.575,0.897,0.155,0.673,0
26061ec1829547fa,BAC_1,D,A|I|S,0.454,14.01,14.39,14.3,-1,0.486,0.907,0.759,0.737,1
6d9feedd66bf4ae5,BAC_1,F2,R|C|E,0.585,10.48,10.8,9.62,-1,0.799,0.1,0.604,0.42,0
ed0a9aad7f3144bd,BAC_1,A,C|E|A,0.556,7.47,7.44,7.46,1,0.699,0.398,0.454,0.512,0
cd0940d5dfb94129,BAC_1,A,A|S|E,0.523,9.82,9.74,10.6,1,0.503,0.536,0.261,0.483,0
d207601979e0486f,BAC_1,D,S|C|E,0.55,12.12,11.71,13.13,1,0.761,0.808,0.601,0.76,1
b248e2fd3ab142ad,BAC_1,B,S|A|E,0.515,11.41,10.86,11.32,1,0.568,0.5,0.587,0.536,0
71d68c9b912c45fe,BAC_1,D,A|S|E,0.65,11.53,12.19,11.33,-1,0.74,0.65,0.406,0.645,0
35e73fb89cdb46a9,BAC_1,D,E|C|R,0.484,10.74,10.88,11.28,-1,0.39,0.405,0.514,0.416,1
dbc3fa822356474a,BAC_1,A,S|A|E,0.449,7.96,8.6,6.32,-1,0.354,0.47,0.345,0.411,0
1c21c4c9fbfd462e,BAC_1,A,S|E|A,0.535,11.68,11.31,11.97,1,0.45,0.661,0.514,0.565,0
460b5b5946de429b,BAC_1,D,I|R|S,0.534,10.76,10.43,11.18,1,0.631,0.518,0.562,0.564,0
31980d0d870f4c96,BAC_1,A,E|A|C,0.586,13.29,13.05,14.33,1,0.549,0.337,0.544,0.442,1
32e0928665e24498,BAC_1,D,I|R|C,0.39,14.09,14.37,13.2,-1,0.282,0.263,0.591,0.319,0
f6a577158af14e32,BAC_1,D,C|S|I,0.501,15.57,15.67,13.35,-1,0.364,0.665,0.764,0.574,0
7a1cd3ced7474b60,BAC_1,A,C|A|S,0.333,11.79,11.12,10.4,1,0.279,0.839,0.591,0.606,1
99418bb0766f4b4f,BAC_1,G2,I|E|C,0.581,11.34,11.38,10.99,-1,0.667,0.429,0.474,0.519,1
d6251dc33e5c474f,BAC_1,A,A|I|S,0.61,10.91,11.49,10.47,-1,0.469,0.335,0.36,0.386,0
d1a3e1cc508a4fed,BAC_1,D,S|A|I,0.438,8.53,8.13,6.43,1,0.226,0.287,0.562,0.307,0
2b8332d05a6c480d,BAC_1,C,R|I|C,0.607,11.76,10.76,10.51,1,0.618,0.806,0.557,0.703,1
1610ff18a0a142d3,BAC_1,A,C|A|E,0.495,8.42,9.42,8.88,-1,0.474,0.262,0.229,0.332,1
db57f3a986ba4f76,BAC_1,D,E|C|I,0.592,9.0,7.49,8.06,1,0.555,0.74,0.346,0.616,1
021e727074374ff8,BAC_1,A,S|I|A,0.55,9.78,8.47,9.52,1,0.61,0.837,0.532,0.712,1
fc1b087d85ef448c,BAC_1,A,S|I|E,0.575,10.37,9.55,7.77,1,0.593,0.561,0.622,0.582,0
42e9f53bf9524a8c,BAC_1,D,R|E|C,0.587,9.36,7.34,8.46,1,0.688,0.892,0.453,0.755,1
fc89b32c227e4d0f,BAC_1,A,E|A|S,0.511,11.18,10.61,11.41,1,0.505,0.957,0.594,0.744,1
adb1a80c76544788,BAC_1,C,C|I|S,0.481,7.76,7.47,6.06,1,0.532,0.593,0.32,0.531,1
5410a1f918754822,BAC_1,A,S|E|A,0.527,13.81,13.47,13.52,1,0.556,0.761,0.931,0.715,1
7a81c76350874db2,BAC_1,D,S|A|C,0.539,10.5,10.09,10.61,1,0.6,0.567,0.322,0.542,0
24df567d800d46be,BAC_1,D,I|R|E,0.423,11.52,12.0,10.42,-1,0.446,0.879,0.247,0.632,0
4578976e32424ed5,BAC_1,A,E|S|A,0.479,10.01,8.65,10.65,1,0.325,0.392,0.345,0.361,1
b611875a3d684f3e,BAC_1,A,S|R|E,0.572,7.55,7.44,7.2,1,0.586,0.948,0.785,0.797,1
6a4f80cb98c34ff5,BAC_1,D,C|A|E,0.626,12.95,12.37,13.4,1,0.667,0.291,0.554,0.462,0
f0f3985addf94a65,BAC_1,A,E|C|S,0.55,8.48,8.68,7.76,-1,0.583,0.51,0.495,0.533,0
d882978566204a57,BAC_1,B,E|I|C,0.499,11.38,12.17,11.26,-1,0.334,0.651,0.645,0.539,0
34661cea17334eb5,BAC_1,A,A|S|E,0.469,8.25,8.55,6.89,-1,0.482,0.436,0.483,0.459,1
491ad117fb174512,BAC_1,A,S|C|A,0.516,9.99,10.82,10.41,-1,0.49,0.554,0.381,0.505,0
c62a95a3f69f4a63,BAC_1,D,I|R|A,0.468,13.43,13.11,12.8,1,0.604,0.274,0.632,0.443,0
7325ff1306f34f4f,BAC_1,A,S|C|A,0.453,13.31,14.05,13.47,-1,0.482,0.984,0.531,0.74,1
f4eb20d10d074d2b,BAC_1,G3,E|S|C,0.502,11.83,11.85,10.83,-1,0.567,0.661,0.459,0.598,1
88d1df7d9ae245f7,BAC_1,D,E|S|I,0.587,9.2,8.15,8.47,1,0.737,0.768,0.48,0.714,1
e1079fe0fd4e40d1,BAC_1,D,S|R|C,0.502,9.14,9.16,8.42,-1,0.598,0.99,0.577,0.791,0
fbf3e5838c234831,BAC_1,A,S|A|E,0.49,9.19,8.93,8.27,1,0.61,0.99,0.389,0.767,0
05b4bfbf522d4e5a,BAC_1,A,S|I|A,0.468,10.52,10.13,10.79,1,0.388,0.975,0.1,0.638,0
015fa4f504004d48,BAC_1,D,S|E|C,0.603,12.59,12.41,12.09,1,0.648,0.318,0.494,0.46,0
531938cb8ded44a1,BAC_1,A,I|C|S,0.517,11.22,12.39,9.75,-1,0.618,0.486,0.351,0.512,0
0dc37b19aa6b48a9,BAC_1,A,A|I|C,0.344,11.57,10.52,10.24,1,0.361,0.889,0.46,0.64,1
7621d819bdf842e4,BAC_1,D,I|R|C,0.567,12.46,10.86,9.36,1,0.639,0.572,0.283,0.552,1
1e08672600a248fb,BAC_1,A,C|E|I,0.593,9.98,9.42,10.35,1,0.672,0.949,0.563,0.794,1
5d3914ec02aa4816,BAC_1,D,C|I|E,0.546,7.69,7.38,8.68,1,0.531,0.469,0.358,0.474,0
97852e3f2f5448a7,BAC_1,A,S|A|C,0.46,10.46,11.39,9.52,-1,0.509,0.68,0.619,0.611,0
d63a59074e194e2e,BAC_1,D,I|R|C,0.54,10.04,8.59,10.27,1,0.671,0.278,0.414,0.436,0
d50b364a9a1d436b,BAC_1,A,A|C|I,0.525,9.07,8.46,5.6,1,0.473,0.391,0.487,0.434,1
cc45e8f89d784a00,BAC_1,A,S|A|E,0.539,8.32,7.59,8.51,1,0.517,0.429,0.305,0.441,1
84dca094f6a848b2,BAC_1,D,R|A|E,0.507,8.43,8.55,7.51,-1,0.444,0.743,0.551,0.609,0
ca7e1e05778f4465,BAC_1,A,A|S|C,0.517,9.17,8.8,8.39,1,0.497,0.559,0.312,0.5,0
70734a91a87547d1,BAC_1,D,S|E|C,0.619,6.08,5.32,5.41,1,0.619,0.358,0.514,0.473,1
4179d0c9e13f460a,BAC_1,D,C|I|E,0.551,14.52,12.92,15.47,1,0.552,0.233,0.439,0.376,1
a69ed9a7bfe14b4f,BAC_1,D,I|A|S,0.404,9.85,8.24,8.51,1,0.393,0.722,0.57,0.584,0
771058da7a794131,BAC_1,A,S|E|I,0.459,12.22,11.37,11.26,1,0.455,0.27,0.688,0.398,1
5e35c6cd38364c89,BAC_1,G3,S|I|C,0.564,9.43,8.11,8.05,1,0.593,0.512,0.565,0.548,0
ca348f9115a64da6,BAC_1,A,A|C|S,0.511,9.45,9.12,9.39,1,0.375,0.422,0.476,0.414,1
f14aca9ece354fd4,BAC_1,A,A|R|S,0.44,10.11,9.66,11.48,1,0.38,0.99,0.118,0.646,1
ec7f3330ebff4c86,BAC_1,A,S|A|I,0.594,10.82,10.1,10.23,1,0.538,0.237,0.347,0.359,1
3482e49f403c4f19,BAC_1,D,S|E|C,0.607,11.72,12.08,12.09,-1,0.689,0.824,0.59,0.741,0
04bbf37219604e24,BAC_1,A,S|A|C,0.397,11.88,10.77,10.84,1,0.36,0.326,0.917,0.426,0
8ab9d86798544f24,BAC_1,D,R|E|I,0.505,7.85,7.1,7.53,1,0.471,0.357,0.251,0.381,1
dfd17434a6dd45e2,BAC_1,A,S|A|I,0.597,11.93,11.81,11.09,1,0.604,0.574,0.216,0.531,0
f781830962a345cb,BAC_1,D,E|R|I,0.576,11.94,12.03,11.62,-1,0.66,0.707,0.67,0.685,0
997a387a54e049eb,BAC_1,D,S|I|A,0.543,11.38,10.85,10.47,1,0.552,0.304,0.721,0.453,1
ffbe6abe7e2b4f98,BAC_1,F1,R|C|E,0.482,9.58,9.29,8.54,1,0.531,0.99,0.402,0.741,0
3e2e093b8d514495,BAC_1,D,I|R|C,0.455,9.16,9.33,9.31,-1,0.388,0.358,0.1,0.33,0
b059d42250f34487,BAC_1,D,S|A|I,0.431,13.43,13.84,11.78,-1,0.485,0.99,0.568,0.75,1
d7f24b4dbe8941ef,BAC_1,D,S|E|C,0.555,9.57,10.64,10.81,-1,0.552,0.903,0.854,0.773,0
ae6397e56d5e450f,BAC_1,A,S|R|I,0.61,11.19,11.33,9.67,-1,0.459,0.891,0.56,0.69,1
0ff4b82891eb4112,BAC_1,A,E|A|C,0.574,8.85,8.7,8.15,1,0.487,0.429,0.242,0.421,0
70b0bd717acd44d5,BAC_1,D,I|R|C,0.497,7.61,6.97,6.26,1,0.441,0.179,0.549,0.326,1
5ccf5c3742344220,BAC_1,A,A|I|C,0.456,9.28,8.34,9.38,1,0.323,0.99,0.834,0.733,1
854e569e11b14362,BAC_1,A,S|A|I,0.451,11.95,10.96,11.89,1,0.405,0.838,0.454,0.629,0
5ffe4d0768bb4bdd,BAC_1,D,R|C|I,0.51,9.57,9.72,8.4,-1,0.525,0.849,0.517,0.686,1
5407ad0e859f43be,BAC_1,A,A|S|C,0.462,7.38,6.54,7.7,1,0.523,0.99,0.524,0.757,1
b676f54063454a2d,BAC_1,A,S|A|E,0.492,10.21,9.82,8.51,1,0.127,0.99,0.458,0.608,1
646cb61e89f54520,BAC_1,D,S|R|I,0.58,8.32,8.97,8.86,-1,0.56,0.204,0.642,0.394,0
f0d0076da5634f1a,BAC_1,A,A|C|S,0.392,12.19,12.16,12.12,1,0.474,0.593,0.694,0.567,0
2619637d9136415d,BAC_1,D,C|I|R,0.551,12.02,12.39,11.03,-1,0.611,0.313,0.228,0.404,0
0fba508b435d4c03,BAC_1,D,I|A|C,0.5,8.62,7.95,8.74,1,0.453,0.294,0.594,0.395,1
c8613eedc1b547ec,BAC_1,B,S|A|I,0.518,11.04,11.24,11.89,-1,0.776,0.498,0.279,0.563,1
3ee22da89a8f4734,BAC_1,D,I|C|R,0.456,9.81,9.84,9.58,-1,0.499,0.584,0.567,0.551,0
0b6f1a3790ce41d4,BAC_1,A,A|C|I,0.537,8.92,9.05,8.16,-1,0.506,0.436,0.475,0.466,0
1d544a7f5f09453f,BAC_1,D,R|A|I,0.584,10.18,10.43,10.03,-1,0.68,0.687,0.663,0.681,0
1863499eac8f48e0,BAC_1,D,I|E|S,0.594,13.74,12.93,11.65,1,0.675,0.656,0.477,0.636,1
9433c55e6818433e,BAC_1,A,S|C|E,0.591,8.75,8.09,6.97,1,0.679,0.468,0.781,0.589,0
f5f263fc81cf4358,BAC_1,A,S|I|A,0.477,12.85,12.56,12.06,1,0.409,0.372,0.379,0.386,1
8a6e717c43b84558,BAC_1,D,S|E|C,0.496,12.24,12.05,11.87,1,0.555,0.613,0.339,0.551,1
4987fc32116f4633,BAC_1,A,S|C|A,0.471,7.03,6.66,6.54,1,0.627,0.255,0.488,0.42,0
a4c5b3770a3641a1,BAC_1,A,S|C|A,0.502,13.04,12.88,11.45,1,0.491,0.812,0.159,0.601,1
baca853945934321,BAC_1,A,S|A|E,0.5,11.82,10.81,10.21,1,0.664,0.484,0.186,0.502,1
e89997c5a70845b9,BAC_1,D,I|R|S,0.568,9.55,9.76,8.51,-1,0.584,0.332,0.48,0.443,0
98c1cd61ad934378,BAC_1,D,I|R|C,0.44,12.05,11.58,12.14,1,0.263,0.653,0.393,0.477,1
cf302d14c1504d4b,BAC_1,D,S|I|C,0.418,11.17,9.86,9.69,1,0.429,0.394,0.843,0.474,0
df6f2f63aa5e4c30,BAC_1,D,R|I|E,0.454,9.01,9.44,8.79,-1,0.338,0.342,0.294,0.333,0
5d9cdb2652d74ada,BAC_1,D,C|E|S,0.641,10.57,9.55,10.82,1,0.689,0.99,0.666,0.836,0
2dfd18a108a64b6c,BAC_1,D,C|S|E,0.512,11.8,11.87,11.78,-1,0.545,0.494,0.753,0.55,0
bd5e278e3ab84e5b,BAC_1,D,R|C|I,0.709,13.57,13.03,12.48,1,0.729,0.759,0.378,0.691,0
50403db54d7f4ba8,BAC_1,D,E|S|C,0.477,9.52,9.87,10.95,-1,0.485,0.82,0.675,0.681,0
af2a7d6f9b0f476f,BAC_1,A,A|S|R,0.473,9.73,9.48,8.16,1,0.361,0.982,0.483,0.69,0
6999438378894be2,BAC_1,D,S|E|I,0.564,11.64,10.91,8.68,1,0.641,0.99,0.85,0.847,1
0381b8dba0bc449c,BAC_1,A,S|C|A,0.48,9.05,8.42,9.86,1,0.423,0.798,0.654,0.645,1
8307c22e96f345fc,BAC_1,A,A|E|I,0.499,7.01,8.09,6.24,-1,0.531,0.652,0.498,0.586,1
7aa4c8ca30854ea2,BAC_1,A,R|A|S,0.529,8.57,8.49,7.48,1,0.45,0.604,0.363,0.514,0
06d99fbb681a4bc3,BAC_1,F3,I|R|E,0.449,8.85,8.05,9.21,1,0.548,0.724,0.681,0.656,0
d73aba334e144e0e,BAC_1,D,C|S|A,0.524,11.33,10.63,10.98,1,0.601,0.841,0.428,0.695,1
6d82fe11e5314681,BAC_1,D,S|I|A,0.596,12.18,12.0,10.42,1,0.732,0.215,0.336,0.414,0
4705bf2882914d76,BAC_1,A,A|S|C,0.415,6.73,6.05,7.66,1,0.185,0.875,0.299,0.547,1
e0b9f36df2b3497a,BAC_1,D,A|C|I,0.488,11.8,12.38,10.81,-1,0.477,0.463,0.36,0.452,1
f0ec44662e0d41d3,BAC_1,D,I|S|C,0.426,11.08,11.86,9.93,-1,0.337,0.397,0.231,0.351,0
d04215a684dc4b2d,BAC_1,A,E|A|C,0.563,8.94,8.07,7.47,1,0.607,0.671,0.446,0.615,1
4d05f956efe54936,BAC_1,D,I|A|S,0.531,11.02,11.64,10.04,-1,0.651,0.332,0.91,0.53,1
495d6fd8e0584249,BAC_1,D,C|E|I,0.518,9.31,8.21,8.78,1,0.53,0.193,0.587,0.37,0
2485f4160dec4f00,BAC_1,D,I|A|R,0.595,12.65,11.99,13.54,1,0.588,0.536,0.524,0.552,0
72a43aae4b0d4b3f,BAC_1,A,E|S|I,0.646,8.59,8.68,7.08,-1,0.492,0.715,0.567,0.615,1
e4b4b77bd8a24aa3,BAC_1,A,A|C|S,0.36,11.75,10.93,11.53,1,0.308,0.54,0.582,0.465,1
2d41a7d785cc4d36,BAC_1,A,C|E|I,0.468,9.82,9.2,11.25,1,0.382,0.709,0.692,0.592,1
25aff57a62604674,BAC_1,D,S|C|I,0.425,12.88,13.87,12.43,-1,0.597,0.799,0.591,0.697,0
0199eda5e66d4492,BAC_1,D,I|R|C,0.522,11.08,11.09,10.41,-1,0.442,0.507,0.592,0.497,0
c62ae6fb25354010,BAC_1,D,R|A|I,0.6,9.79,9.88,9.79,-1,0.512,0.555,0.525,0.535,1
dbb299b5a4de4d4c,BAC_1,A,C|I|S,0.446,10.83,10.85,9.72,-1,0.505,0.537,0.487,0.518,0
5a6f9834050149fa,BAC_1,D,I|S|C,0.54,14.28,13.98,14.34,1,0.464,0.61,0.446,0.534,1
3b42f9311c8e4c7f,BAC_1,G3,E|C|S,0.5,8.78,7.81,7.96,1,0.547,0.579,0.426,0.545,0
e04686fcceeb4e0a,BAC_1,A,S|C|I,0.539,11.91,13.86,11.86,-1,0.655,0.65,0.838,0.68,0
23a1589191b74dff,BAC_1,B,S|A|I,0.406,9.49,10.38,9.63,-1,0.398,0.513,0.672,0.497,1
c5253df70a1c4a6c,BAC_1,G2,C|E|I,0.573,12.09,12.94,10.57,-1,0.712,0.731,0.197,0.644,0
e468219f01984b16,BAC_1,D,E|R|S,0.485,9.78,8.81,8.73,1,0.337,0.364,0.46,0.369,0
5eca2d6c6d824bd3,BAC_1,D,E|R|I,0.498,10.96,9.6,11.06,1,0.611,0.119,0.44,0.34,0
f23623ea93af47a6,BAC_1,C,S|I|C,0.517,10.04,10.48,9.49,-1,0.584,0.96,0.59,0.773,0
e888f584819e4fa0,BAC_1,A,S|A|E,0.585,7.89,7.48,6.01,1,0.534,0.599,0.39,0.545,0
15a3979809e04765,BAC_1,A,C|E|I,0.426,12.58,13.65,12.99,-1,0.551,0.894,0.737,0.751,1
5e00672bdc3241a2,BAC_1,D,I|C|R,0.647,9.56,10.0,6.31,-1,0.579,0.425,0.749,0.528,0
93417de09f394096,BAC_1,A,S|E|I,0.47,12.6,12.43,11.14,1,0.403,0.824,0.257,0.591,1
48850368242743b9,BAC_1,G2,C|E|I,0.519,9.39,8.49,7.63,1,0.523,0.616,0.589,0.58,0
2c65f4991e094c7a,BAC_1,T1,C|R|E,0.448,11.16,10.33,10.47,1,0.484,0.99,0.706,0.77,1
4b5bffaaf974471e,BAC_1,A,E|R|A,0.502,9.61,10.92,9.63,-1,0.66,0.511,0.732,0.596,0
720e667967a945c9,BAC_1,D,C|E|S,0.566,11.61,11.56,9.78,1,0.566,0.261,0.717,0.436,0
c86fde2a1ccd4b7a,BAC_1,G3,C|S|E,0.452,10.15,9.87,8.61,1,0.5,0.667,0.473,0.58,1
6df0308724cd4784,BAC_1,A,A|I|S,0.477,9.11,8.69,9.05,1,0.62,0.99,0.262,0.751,0
181c55683344425a,BAC_1,D,E|S|C,0.486,9.5,8.75,9.4,1,0.549,0.677,0.359,0.585,0
3eca8ddbe567460f,BAC_1,A,E|A|S,0.519,12.95,13.9,13.35,-1,0.421,0.696,0.214,0.527,1
82b7c2c430084c4d,BAC_1,A,C|E|S,0.536,10.2,10.74,8.55,-1,0.579,0.48,0.407,0.504,0
5af7759b8f7a4161,BAC_1,D,S|C|E,0.526,10.82,9.79,10.15,1,0.52,0.836,0.496,0.674,0
dcee387114d84ac0,BAC_1,D,I|R|S,0.493,12.71,10.67,11.44,1,0.458,0.865,0.611,0.684,1
e62e5ca119984dc0,BAC_1,D,C|E|S,0.489,13.26,12.46,13.3,1,0.404,0.539,0.37,0.466,1
2541a9cf80354ebe,BAC_1,A,A|S|I,0.421,11.74,12.16,12.3,-1,0.428,0.843,0.985,0.719,1
414c92989a824e10,BAC_1,A,S|A|E,0.567,9.29,8.51,7.92,1,0.504,0.916,0.203,0.665,1
0aee730fb7fa4a08,BAC_1,D,S|A|E,0.611,6.36,6.14,5.68,1,0.577,0.577,0.1,0.506,0
838b82df52084d21,BAC_1,D,E|C|S,0.55,10.73,10.09,9.8,1,0.559,0.907,0.48,0.721,0
f97482ab591c432e,BAC_1,A,S|C|A,0.539,12.14,12.74,10.6,-1,0.451,0.554,0.359,0.489,1
9aa95ae50d8e4e17,BAC_1,D,I|S|A,0.394,9.76,9.17,9.71,1,0.426,0.264,0.729,0.39,0
e6ba6c30d61742f4,BAC_1,A,C|S|A,0.346,6.53,5.65,7.22,1,0.25,0.829,0.535,0.583,1
5169fee7182d46b1,BAC_1,D,I|R|A,0.538,12.59,12.64,12.37,-1,0.633,0.528,0.628,0.58,1
576915a23b0a423a,BAC_1,D,I|R|E,0.504,10.56,10.63,9.31,-1,0.615,0.723,0.439,0.642,0
0c2efe7c695e4847,BAC_1,A,A|I|S,0.442,12.11,12.09,12.14,1,0.374,0.936,0.324,0.647,1
9314bbce94254a3e,BAC_1,A,I|A|C,0.406,7.98,8.38,6.75,-1,0.277,0.768,0.598,0.57,0
58fdd9484df04f11,BAC_1,A,S|I|E,0.498,10.94,10.94,11.22,-1,0.463,0.642,0.482,0.556,0
2dc284e13aee422d,BAC_1,A,S|E|R,0.513,13.08,13.68,12.74,-1,0.548,0.905,0.644,0.741,1
159a9de937b142e9,BAC_1,D,A|S|C,0.53,10.32,10.6,8.82,-1,0.482,0.787,0.169,0.587,0
7b6c5fe0ed194f6f,BAC_1,A,E|C|S,0.55,9.66,10.03,8.37,-1,0.307,0.395,0.709,0.411,1
d633ab7f6428488a,BAC_1,A,I|E|C,0.452,12.96,12.52,14.14,1,0.513,0.917,0.488,0.711,1
8fa420b8af88456d,BAC_1,G2,C|I|E,0.561,13.66,13.08,13.79,1,0.51,0.405,0.426,0.445,0
a946b9ea639a45d1,BAC_1,A,S|I|A,0.546,11.37,11.86,11.55,-1,0.596,0.312,0.713,0.471,0
3fb66bfbfd2f415e,BAC_1,D,E|C|S,0.587,8.34,7.35,6.28,1,0.429,0.99,0.267,0.685,1
ca21d45924834118,BAC_1,A,S|E|A,0.35,7.06,6.49,5.71,1,0.328,0.277,0.655,0.351,1
f6512657cbf6402e,BAC_1,A,A|S|R,0.563,8.42,9.12,6.82,-1,0.651,0.825,0.273,0.681,0
88c2611442bb425a,BAC_1,G2,C|E|S,0.526,11.35,11.74,11.23,-1,0.569,0.578,0.581,0.575,1
51ef308772a44c77,BAC_1,B,C|S|E,0.546,11.26,11.69,9.37,-1,0.524,0.614,0.588,0.578,0
1337d45aeefa493f,BAC_1,D,E|C|A,0.48,8.36,8.35,7.8,1,0.42,0.401,0.395,0.407,0
0f80367bd3d54ce1,BAC_1,A,A|I|C,0.548,11.85,11.99,10.63,-1,0.665,0.916,0.371,0.747,1
0fd7996cc8fa4601,BAC_1,A,A|I|E,0.524,8.72,10.29,8.05,-1,0.738,0.663,0.441,0.656,0
4e39e5849eee44eb,BAC_1,D,E|S|R,0.504,9.58,8.94,7.5,1,0.496,0.858,0.663,0.702,0
1fecab152afb4cc7,BAC_1,D,I|S|E,0.535,11.03,10.62,11.53,1,0.581,0.703,0.486,0.628,0
5386447935aa441a,BAC_1,A,A|S|E,0.456,10.89,10.17,9.09,1,0.423,0.705,0.541,0.582,1
e01d0467036344be,BAC_1,A,E|C|A,0.526,8.34,8.16,6.95,1,0.571,0.452,0.217,0.458,0
59bd54704a0d4051,BAC_1,A,A|S|I,0.52,11.7,11.22,11.6,1,0.56,0.99,0.524,0.77,1
8f05b0939787434b,BAC_1,D,S|C|A,0.551,12.5,11.3,12.17,1,0.593,0.406,0.328,0.46,0
9c51a62bd71643cc,BAC_1,G1,A|S|E,0.438,9.07,9.12,8.79,-1,0.444,0.652,0.577,0.568,0
8e9eaa478867406b,BAC_1,D,I|S|R,0.415,9.52,8.46,10.09,1,0.563,0.913,0.345,0.705,0
4ea8a5a6253c4468,BAC_1,D,A|S|E,0.465,10.78,10.48,11.36,1,0.415,0.76,0.735,0.635,0
b7ae8855ac484a71,BAC_1,A,S|E|I,0.513,10.71,9.77,10.98,1,0.7,0.99,0.801,0.86,0
bdc90b03d275497a,BAC_1,A,C|A|E,0.459,7.22,6.16,6.57,1,0.619,0.685,0.59,0.648,0
ab59f750f69a4edf,BAC_1,A,C|S|I,0.645,11.45,13.25,11.45,-1,0.714,0.782,0.469,0.711,0
ef0e1cac3d6f426b,BAC_1,D,I|C|R,0.521,14.16,14.35,13.76,-1,0.438,0.36,0.597,0.423,0
782f94ec0fd546cd,BAC_1,F3,R|C|I,0.457,11.36,10.96,10.54,1,0.585,0.652,0.376,0.587,0
991e5b7af6a443b0,BAC_1,A,A|S|E,0.55,10.02,9.08,8.6,1,0.459,0.836,0.512,0.655,0
0f9905833a094883,BAC_1,G3,S|C|R,0.53,10.56,10.24,11.44,1,0.667,0.709,0.148,0.61,0
f8f8656c7cac4e74,BAC_1,A,I|A|E,0.569,9.86,10.41,8.61,-1,0.517,0.99,0.667,0.776,0
d8c4ea9cf47b42ab,BAC_1,D,S|A|I,0.54,8.26,6.97,7.58,1,0.637,0.48,0.308,0.509,1
400b36d9ba0a4c8d,BAC_1,C,I|C|R,0.444,7.39,7.15,6.24,1,0.475,0.823,0.451,0.645,0
49ed880d890f46ed,BAC_1,D,R|I|E,0.557,9.97,10.1,11.56,-1,0.548,0.631,0.375,0.564,0
2b440fc8bbca459d,BAC_1,A,C|S|E,0.546,10.86,10.73,10.69,1,0.738,0.99,0.666,0.853,0
e70584c92a12456c,BAC_1,A,A|C|I,0.455,10.4,10.34,9.16,1,0.663,0.709,0.605,0.677,1
cf56cd9be8a9469b,BAC_1,A,S|I|E,0.474,12.68,12.61,12.57,1,0.655,0.803,0.329,0.68,1
8801ff844ece4a37,BAC_1,D,E|C|A,0.606,10.03,10.12,9.83,-1,0.645,0.147,0.587,0.387,0
09d6048610b04f52,BAC_1,A,C|I|S,0.602,9.47,7.91,8.6,1,0.667,0.694,0.797,0.7,1
f6c968afcf8e4a80,BAC_1,D,R|C|I,0.615,14.59,14.5,14.12,1,0.598,0.35,0.379,0.441,0
126bc04624b84f04,BAC_1,D,I|C|S,0.59,11.61,11.7,9.76,-1,0.683,0.843,0.475,0.732,0
a863eb4b18f5487b,BAC_1,A,A|I|S,0.354,11.66,10.2,12.28,1,0.357,0.855,0.709,0.659,1
69c2e3dec4954b08,BAC_1,D,S|A|E,0.431,11.57,10.85,12.39,1,0.414,0.392,0.566,0.426,0
0cac34aa8789456f,BAC_1,G2,C|S|R,0.457,13.52,12.69,12.6,1,0.571,0.821,0.536,0.691,0
e281c65bfef64c13,BAC_1,D,S|A|C,0.496,9.89,8.15,8.0,1,0.668,0.669,0.456,0.637,0
2c2fcd3996684921,BAC_1,D,R|I|C,0.578,10.23,10.56,10.16,-1,0.574,0.207,0.496,0.379,0
17cfa99505fb44ec,BAC_1,D,R|E|S,0.643,11.26,10.24,10.68,1,0.72,0.861,0.335,0.733,0
b3b36293ba99407c,BAC_1,A,E|A|C,0.553,11.17,10.82,11.98,1,0.456,0.99,0.472,0.725,0
a67068118ca84407,BAC_1,D,E|C|I,0.601,11.61,11.13,11.79,1,0.608,0.572,0.491,0.572,0
279abba7fef14b2b,BAC_1,A,A|I|S,0.462,11.8,9.96,11.18,1,0.553,0.401,0.674,0.495,1
fab9cc48c5d94712,BAC_1,A,A|C|S,0.543,8.18,9.3,7.71,-1,0.638,0.862,0.265,0.694,0
a82d39d12fd04f0a,BAC_1,D,I|C|E,0.451,10.9,10.97,9.83,-1,0.51,0.132,0.716,0.352,1
23a4de2b624e4e4d,BAC_1,A,S|A|E,0.658,10.58,10.09,9.28,1,0.647,0.579,0.619,0.609,1
a911c8a03c9f4607,BAC_1,A,S|A|E,0.548,10.15,9.21,9.35,1,0.428,0.525,0.471,0.483,1
92d0c2bdc10143f8,BAC_1,A,S|C|I,0.514,10.48,10.34,10.43,1,0.69,0.99,0.764,0.851,1
6e1ec384a4974730,BAC_1,A,E|S|C,0.567,10.26,9.58,9.81,1,0.654,0.99,0.715,0.831,1
c3a92bf2ac7d428a,BAC_1,A,S|A|C,0.487,7.79,7.21,6.37,1,0.491,0.594,0.619,0.562,0
293b94693f3548da,BAC_1,A,S|A|C,0.475,8.52,8.91,7.81,-1,0.409,0.455,0.801,0.491,0
8ac46c3926aa4df9,BAC_1,A,A|C|I,0.504,11.92,10.88,11.68,1,0.508,0.633,0.652,0.592,0
950ae705d1fa4a4a,BAC_1,D,I|C|E,0.507,8.81,8.47,8.48,1,0.686,0.906,0.212,0.725,0
9fd1e00e800246e8,BAC_1,A,E|C|S,0.512,13.12,15.0,11.24,-1,0.434,0.514,0.488,0.482,1
202ef3bc8ccf45ce,BAC_1,A,A|S|I,0.531,8.73,9.63,9.2,-1,0.657,0.387,0.553,0.506,0
9bd0a2f16b254318,BAC_1,A,S|I|E,0.511,11.61,12.1,10.41,-1,0.506,0.292,0.379,0.38,0
4e2c06f927bc4a4d,BAC_1,A,S|C|E,0.619,10.75,11.24,10.34,-1,0.574,0.99,0.3,0.741,0
ed1d77e0864e420e,BAC_1,D,E|C|S,0.549,13.99,13.58,13.91,1,0.496,0.594,0.47,0.541,1
00f598dffff54b75,BAC_1,G2,C|E|R,0.531,9.23,7.91,7.84,1,0.589,0.552,0.214,0.514,1
2699e63144af4b48,BAC_1,D,I|A|C,0.614,11.97,12.22,11.55,-1,0.53,0.449,0.182,0.437,1
c695f10e2ea94a36,BAC_1,D,E|R|C,0.554,8.94,8.8,9.3,1,0.564,0.64,0.123,0.536,1
19a91199ba454ef8,BAC_1,D,C|E|I,0.524,9.69,7.66,8.55,1,0.567,0.673,0.38,0.592,0
0d10a9f09596421f,BAC_1,D,E|S|A,0.582,9.16,9.8,8.99,-1,0.466,0.621,0.496,0.548,0
95bc0314f5a94855,BAC_1,D,A|I|C,0.521,6.02,5.53,5.92,1,0.506,0.591,0.403,0.533,0
b3a254fbaf1b4764,BAC_1,A,A|R|E,0.403,10.61,10.6,10.06,1,0.465,0.894,0.317,0.657,1
d0309684ac0b4dc7,BAC_1,D,E|A|S,0.577,10.35,9.82,8.91,1,0.481,0.222,0.731,0.389,0
0fbb254e5b4648a0,BAC_1,A,S|C|E,0.475,7.2,7.25,5.8,-1,0.444,0.868,0.545,0.671,1
ae7d83e327b646c8,BAC_1,A,C|S|I,0.456,13.21,12.41,13.88,1,0.493,0.99,0.667,0.768,0
48e606c5f6ca46b1,BAC_1,A,S|I|A,0.586,8.05,7.93,6.64,1,0.555,0.863,0.666,0.725,1
99c250feb6714f29,BAC_1,A,A|C|I,0.474,11.41,12.14,10.59,-1,0.537,0.938,0.477,0.728,0
71ecb6eb869b4e07,BAC_1,A,S|E|A,0.407,8.02,7.51,7.29,1,0.469,0.99,0.225,0.693,0
4a09e9f174954be0,BAC_1,D,I|E|R,0.585,8.35,7.5,7.55,1,0.583,0.194,0.521,0.38,0
9a710e90988a4dde,BAC_1,A,S|A|I,0.478,14.81,15.38,15.42,-1,0.542,0.268,0.653,0.422,1
8ab505f3ef804471,BAC_1,A,A|S|C,0.478,10.69,10.91,10.3,-1,0.554,0.844,0.448,0.683,1
8c55503b3c52421a,BAC_1,A,S|I|A,0.417,12.92,12.0,11.28,1,0.52,0.846,0.354,0.658,0
c050d887976746d6,BAC_1,G1,C|S|E,0.652,11.88,11.24,10.06,1,0.613,0.854,0.492,0.715,0
34b9740b5cfd4d28,BAC_1,D,I|S|E,0.494,13.32,12.18,13.63,1,0.736,0.686,0.516,0.678,1
1c839a1514a24fd3,BAC_1,A,I|A|S,0.415,9.37,9.1,8.15,1,0.273,0.788,0.489,0.563,0
42cc9662ca8744a5,BAC_1,A,C|S|A,0.471,10.58,10.21,9.05,1,0.374,0.933,0.185,0.625,1
8f3b08f58c3d48b6,BAC_1,A,S|E|A,0.482,13.73,14.39,13.2,-1,0.424,0.369,0.301,0.378,1
6c2626cfce2648a7,BAC_1,A,A|I|E,0.495,12.24,13.56,12.92,-1,0.416,0.432,0.149,0.384,0
a10bd2af3b9440bb,BAC_1,A,A|S|I,0.456,10.66,10.55,9.81,1,0.433,0.852,0.499,0.652,0
a0ca4d4571cd4f07,BAC_1,A,S|C|A,0.528,10.03,10.62,9.24,-1,0.518,0.99,0.826,0.8,1
14cd40815ee94273,BAC_1,D,S|A|C,0.476,7.11,6.34,6.28,1,0.412,0.753,0.736,0.631,0
5dd2883afcd34941,BAC_1,D,A|I|S,0.495,11.45,11.18,11.21,1,0.56,0.787,0.208,0.621,1
43f902f4e8354d68,BAC_1,B,A|C|S,0.525,11.3,10.56,10.13,1,0.468,0.498,0.498,0.487,0
eb51188e94f84ea7,BAC_1,D,R|I|E,0.671,9.0,8.98,8.7,1,0.632,0.157,0.478,0.372,0
eb84a10d23514464,BAC_1,A,C|R|S,0.549,11.09,10.53,11.76,1,0.595,0.873,0.39,0.703,0
e0d5b0a05b194d9b,BAC_1,A,E|I|C,0.514,13.02,12.65,12.73,1,0.525,0.99,0.484,0.751,0
d81beaf3f0b74699,BAC_1,A,A|E|S,0.511,9.26,8.14,8.33,1,0.428,0.99,0.162,0.669,1
8965ed2a868449fd,BAC_1,A,A|S|C,0.475,12.42,12.32,13.53,1,0.495,0.69,0.527,0.597,1
8f650bcb36634f0c,BAC_1,D,R|E|I,0.542,8.48,7.62,8.0,1,0.453,0.99,0.506,0.729,1
187d04aec39b4754,BAC_1,A,E|A|I,0.607,12.66,11.74,12.83,1,0.658,0.336,0.712,0.505,0
8e9a5842cc7b44f2,BAC_1,A,A|I|E,0.482,12.68,12.29,12.04,1,0.542,0.444,0.732,0.521,1
783dec6650144a09,BAC_1,D,E|I|S,0.319,13.18,12.47,13.32,1,0.367,0.531,0.755,0.507,0
a4f8c9ea725b4ee8,BAC_1,A,S|C|I,0.482,10.28,9.2,10.09,1,0.398,0.99,0.678,0.736,1
59634c855b2c4abf,BAC_1,D,R|C|I,0.562,8.48,6.83,8.54,1,0.582,0.813,0.378,0.667,0
432f3615fc52495f,BAC_1,A,I|S|E,0.488,12.51,12.08,12.05,1,0.446,0.787,0.632,0.645,0
0f8fae09fe17433b,BAC_1,G1,E|C|S,0.519,12.67,12.48,12.97,1,0.633,0.942,0.319,0.74,1
7bc7a1639612491e,BAC_1,D,R|I|E,0.467,9.11,9.25,8.21,-1,0.437,0.786,0.52,0.624,0
d2442604ab074d05,BAC_1,A,S|I|E,0.514,9.84,10.04,9.59,-1,0.484,0.929,0.479,0.706,1
8524d621e8bf4b70,BAC_1,D,I|R|A,0.518,9.46,9.61,8.67,-1,0.346,0.622,0.523,0.51,0
cd1d11871e334c47,BAC_1,B,E|C|I,0.565,13.61,14.07,14.33,-1,0.639,0.632,0.564,0.624,1
0bb945a9773a4a34,BAC_1,A,A|S|C,0.565,10.05,8.97,10.2,1,0.72,0.722,0.744,0.724,0
bbf1848a1ddf47f1,BAC_1,A,E|S|C,0.526,9.02,8.89,9.42,1,0.484,0.703,0.254,0.559,0
42ceb8a8ec564a95,BAC_1,D,C|I|R,0.463,11.55,11.95,10.36,-1,0.491,0.99,0.836,0.792,1
62c8b9b18f884c86,BAC_1,A,S|A|E,0.517,9.2,8.91,8.43,1,0.545,0.814,0.129,0.617,1
810efc033bec4ffa,BAC_1,A,S|E|I,0.429,8.68,6.83,7.05,1,0.345,0.644,0.481,0.515,0
8f827de0ef63497c,BAC_1,F1,I|R|S,0.472,8.01,6.91,7.17,1,0.38,0.99,0.689,0.731,0
fcc78e8da67b46ff,BAC_1,D,I|C|R,0.526,9.85,8.85,9.73,1,0.616,0.62,0.602,0.616,0
d2a8c5d744d04a86,BAC_1,A,I|S|E,0.487,9.59,8.33,7.81,1,0.473,0.872,0.626,0.695,1
005f786a94454797,BAC_1,T1,R|S|C,0.522,8.01,7.08,8.0,1,0.655,0.99,0.481,0.796,1
a180cb4424754fd9,BAC_1,A,S|A|I,0.527,11.15,11.8,10.97,-1,0.403,0.633,0.221,0.49,1
bcc75fd221e344ed,BAC_1,A,A|C|I,0.491,9.03,7.55,7.99,1,0.442,0.737,0.322,0.572,1
3bfd1ed0a14d4df4,BAC_1,D,S|I|R,0.428,9.3,8.44,8.26,1,0.227,0.869,0.408,0.575,1
19fdd065df154a96,BAC_1,D,E|C|A,0.567,11.05,10.3,9.98,1,0.694,0.533,0.513,0.587,1
20d249a70a0440a1,BAC_1,D,E|S|I,0.477,12.12,12.27,12.9,-1,0.394,0.779,0.316,0.575,1
a4b1bc2a13d844c2,BAC_1,A,I|A|S,0.538,9.13,9.11,9.4,1,0.596,0.402,0.339,0.46,0
b8ad4b069b02455b,BAC_1,A,I|A|S,0.55,14.09,13.73,12.85,1,0.709,0.723,0.444,0.676,1
ca8be7b3f23e4ebd,BAC_1,A,S|A|C,0.465,8.7,7.95,8.22,1,0.463,0.556,0.561,0.524,0
14817d8ae2704217,BAC_1,A,E|C|R,0.488,10.42,9.74,9.61,1,0.593,0.133,0.657,0.372,0
b1d2a6ff72714847,BAC_1,D,R|E|C,0.51,13.84,14.64,13.59,-1,0.465,0.816,0.39,0.629,1
b5dd3311d0574948,BAC_1,A,E|C|A,0.611,9.73,9.8,9.9,-1,0.627,0.514,0.474,0.547,1
1ce3acb5eb674814,BAC_1,A,E|S|A,0.661,12.24,11.33,11.07,1,0.49,0.693,0.665,0.618,0
2f06b501aa6e45ac,BAC_1,A,I|S|C,0.521,8.77,7.94,7.71,1,0.451,0.467,0.585,0.479,0
f38b69b8841242d5,BAC_1,D,I|C|E,0.482,10.27,10.16,8.77,1,0.447,0.81,0.511,0.638,0
d7be302c3702497f,BAC_1,D,I|R|S,0.538,8.64,8.68,8.33,-1,0.654,0.772,0.653,0.713,1
6d332d42f6214cc0,BAC_1,D,C|E|S,0.609,8.24,7.73,8.87,1,0.588,0.334,0.454,0.441,0
1301d4f0013a465c,BAC_1,D,I|R|C,0.425,10.87,10.58,10.85,1,0.358,0.116,0.4,0.244,0
47cfd13ed8284586,BAC_1,A,A|I|C,0.518,12.12,10.33,13.85,1,0.539,0.734,0.728,0.665,1
ae12202b7c894bf1,BAC_1,D,I|R|C,0.555,9.81,10.49,8.58,-1,0.763,0.937,0.676,0.837,0
a50cf0471e9f4419,BAC_1,A,S|E|I,0.347,9.41,8.94,10.44,1,0.435,0.99,0.539,0.728,0
9ff8445da3e549e4,BAC_1,D,I|E|S,0.492,10.56,10.49,8.17,1,0.582,0.663,0.288,0.578,1
cdc41bc462e147b8,BAC_1,D,R|I|C,0.5,7.82,7.2,6.8,1,0.412,0.99,0.224,0.673,1
856d69b11c854b7f,BAC_1,A,S|A|I,0.612,9.49,8.87,7.99,1,0.736,0.833,0.494,0.748,0
9b4ca23013c24b06,BAC_1,A,A|C|S,0.465,7.59,8.27,6.67,-1,0.401,0.293,0.637,0.382,0
2f52f591b92449e4,BAC_1,A,S|E|A,0.568,7.24,6.02,8.07,1,0.643,0.897,0.613,0.766,1
07c66c33a3114c3f,BAC_1,C,C|E|I,0.455,10.58,10.54,11.67,1,0.394,0.454,0.384,0.423,1
b07f0c33d82c4bc7,BAC_1,A,A|C|S,0.547,9.96,10.29,9.63,-1,0.537,0.58,0.449,0.545,0
dac35c60d4324b31,BAC_1,A,C|I|S,0.498,8.44,7.57,6.61,1,0.616,0.937,0.402,0.744,0
6591b80e117346ed,BAC_1,D,I|S|R,0.468,12.7,12.27,11.67,1,0.459,0.304,0.532,0.392,0
da85b03a6642464a,BAC_1,A,S|A|I,0.529,11.37,11.22,10.29,1,0.542,0.869,0.403,0.685,1
72d5eb8d9a0845ea,BAC_1,F3,C|I|E,0.533,11.04,9.56,10.7,1,0.695,0.708,0.682,0.7,0
71afdac92a384b00,BAC_1,A,S|I|A,0.63,9.77,9.79,8.89,-1,0.719,0.453,0.368,0.533,1
c2bdbf97573e40ad,BAC_1,A,S|A|C,0.587,8.17,6.95,8.16,1,0.58,0.648,0.535,0.607,1
60099c16af964f19,BAC_1,A,A|R|E,0.56,14.34,13.98,14.11,1,0.575,0.99,0.896,0.831,1
4b069a2197714890,BAC_1,D,C|I|E,0.628,11.31,12.44,12.33,-1,0.727,0.539,0.62,0.617,0
7e1d10e185db4be3,BAC_1,A,S|I|A,0.504,10.89,10.58,10.33,1,0.545,0.454,0.44,0.483,0
50ad36a1b88a4475,BAC_1,A,R|E|S,0.547,10.72,9.86,10.01,1,0.419,0.275,0.605,0.375,0
5042c3bcb8eb493d,BAC_1,T1,R|C|E,0.44,11.77,11.3,12.16,1,0.474,0.99,0.469,0.731,0
c4661a459bad4911,BAC_1,D,A|S|C,0.501,8.85,7.74,8.83,1,0.675,0.413,0.292,0.487,0
21c3b7156bd44d8d,BAC_1,A,S|A|I,0.666,10.41,9.71,8.71,1,0.641,0.982,0.645,0.812,1
68804674587f4305,BAC_1,A,C|I|E,0.64,12.12,12.12,11.49,-1,0.862,0.35,0.526,0.555,0
c9ce14078ddd4af9,BAC_1,A,A|I|E,0.431,10.01,10.37,9.74,-1,0.49,0.99,0.688,0.77,0
2993c4f3cb9248c4,BAC_1,A,S|E|A,0.474,11.28,10.92,10.71,1,0.369,0.592,0.345,0.477,1
9c9ea15edb364b04,BAC_1,D,A|S|C,0.559,13.3,13.25,13.95,1,0.593,0.415,0.647,0.512,0
7712439cf75d4e37,BAC_1,D,S|A|C,0.494,10.28,10.25,10.45,1,0.552,0.193,0.548,0.372,0
98a55c258fc84538,BAC_1,A,A|C|I,0.498,6.48,6.17,5.42,1,0.504,0.464,0.676,0.51,1
8ed4ba5f9a6a4439,BAC_1,A,E|C|A,0.605,11.31,10.2,10.27,1,0.699,0.473,0.52,0.559,0
f60c19c882c84890,BAC_1,A,C|I|S,0.595,12.67,13.35,13.74,-1,0.596,0.535,0.471,0.547,0
a61c87bd093642f6,BAC_1,D,R|E|I,0.554,8.63,7.55,10.53,1,0.458,0.799,0.452,0.628,1
d622ee04a2ae4691,BAC_1,A,S|A|C,0.476,10.3,10.83,9.04,-1,0.683,0.642,0.339,0.611,0
9db79508b94049eb,BAC_1,D,I|S|C,0.482,10.36,9.79,9.79,1,0.476,0.532,0.558,0.516,0
d0de380bcd6646f1,BAC_1,D,A|I|S,0.536,11.7,10.24,8.94,1,0.455,0.304,0.399,0.371,0
b8b33c4656144b65,BAC_1,A,A|I|S,0.622,10.64,9.21,11.9,1,0.704,0.824,0.516,0.736,1
0647b8449b144885,BAC_1,A,A|S|C,0.387,14.26,13.44,13.79,1,0.403,0.99,0.42,0.699,1
e01e2ee8b1694310,BAC_1,D,C|S|E,0.505,9.57,8.46,9.36,1,0.571,0.374,0.595,0.476,0
4df541aac21e41a6,BAC_1,B,A|C|E,0.562,9.8,8.28,9.79,1,0.503,0.739,0.657,0.644,0
d060d12dc7414a34,BAC_1,D,S|E|C,0.492,11.74,10.93,10.82,1,0.405,0.99,0.625,0.73,1
d26cb6be4e3149af,BAC_1,A,S|C|A,0.598,13.0,13.48,14.24,-1,0.467,0.433,0.592,0.469,0
f4a9cb680b97478f,BAC_1,A,A|S|R,0.556,11.08,10.26,10.31,1,0.48,0.501,0.371,0.474,0
8fa1facd3b7d425a,BAC_1,A,S|A|I,0.601,13.08,11.09,12.85,1,0.647,0.417,0.723,0.543,1
75dfe18014e348ab,BAC_1,D,E|S|C,0.572,9.62,8.61,8.61,1,0.675,0.617,0.782,0.662,1
7c38893925da4a7f,BAC_1,G2,E|I|A,0.509,11.75,10.97,10.36,1,0.535,0.765,0.467,0.64,0
d762710a94c543dd,BAC_1,A,E|S|A,0.474,9.6,9.03,10.17,1,0.337,0.334,0.577,0.371,0
9b22759b61bd4748,BAC_1,A,A|C|E,0.474,14.67,14.39,14.11,1,0.527,0.826,0.336,0.648,1
745ff0505b4841bb,BAC_1,D,C|I|E,0.535,10.89,10.81,9.9,1,0.53,0.439,0.492,0.479,0
624f1a1cfe5b4345,BAC_1,A,S|A|E,0.498,11.38,10.44,10.33,1,0.545,0.766,0.602,0.664,0
b24cbe7aea394ed5,BAC_1,D,I|R|C,0.613,11.65,10.52,10.97,1,0.708,0.764,0.72,0.738,0
769b875db9704d71,BAC_1,A,C|I|E,0.606,11.86,11.29,11.17,1,0.658,0.675,0.557,0.652,1
4fa68c71262e4465,BAC_1,D,R|I|C,0.515,12.81,12.23,12.35,1,0.421,0.629,0.544,0.543,0
006f9434d9b247f5,BAC_1,D,E|I|A,0.449,7.73,6.5,5.1,1,0.416,0.661,0.456,0.545,0
2152e7c5fc8e4f40,BAC_1,A,I|S|A,0.499,7.6,6.68,7.34,1,0.592,0.99,0.635,0.797,1
cd6249e33819461b,BAC_1,D,I|C|E,0.52,11.0,10.93,10.03,1,0.497,0.814,0.816,0.703,0
a7cd5d7f2dc34965,BAC_1,A,A|E|I,0.512,11.9,11.93,10.35,-1,0.354,0.153,0.404,0.261,0
dbf61766f63f4687,BAC_1,A,C|A|I,0.518,11.06,12.0,10.85,-1,0.618,0.823,0.544,0.709,0
f8e6177ead5d4240,BAC_1,G2,S|C|A,0.633,10.77,11.31,9.55,-1,0.649,0.645,0.669,0.65,1
5f0435a398994c6d,BAC_1,D,C|S|I,0.39,10.93,9.86,9.67,1,0.404,0.457,0.435,0.435,0
8c6990f187504007,BAC_1,D,I|C|R,0.555,13.21,13.25,12.46,-1,0.614,0.816,0.526,0.702,1
ab08b88dfa6d42cf,BAC_1,A,A|S|E,0.481,11.65,12.45,12.21,-1,0.562,0.835,0.565,0.699,1
1ffb26d882e94896,BAC_1,A,C|A|S,0.447,10.56,10.76,8.83,-1,0.5,0.948,0.525,0.728,0
a52318790acd4ccb,BAC_1,D,C|E|I,0.566,10.13,9.77,11.05,1,0.396,0.542,0.573,0.496,0
616c8a95c32b4e2a,BAC_1,A,S|E|A,0.549,13.16,11.49,12.83,1,0.498,0.99,0.613,0.761,1
186bc2d84bb34f7c,BAC_1,D,R|C|I,0.525,9.84,8.55,10.77,1,0.64,0.71,0.333,0.629,0
aecf7472295b4bce,BAC_1,D,C|S|I,0.47,11.26,9.59,10.04,1,0.647,0.533,0.135,0.513,1
c2717f66d2d9496c,BAC_1,A,S|I|A,0.652,8.63,8.17,8.73,1,0.755,0.618,0.662,0.673,0
7bbb42c22c72406c,BAC_1,A,I|S|E,0.462,10.99,11.39,9.82,-1,0.493,0.458,0.507,0.478,0
853ddbf352554391,BAC_1,B,C|S|I,0.505,12.3,10.76,11.71,1,0.242,0.612,0.447,0.458,1
8b5c6f8bde6d4da2,BAC_1,A,S|I|C,0.354,12.23,11.54,11.37,1,0.369,0.526,0.296,0.437,0
7e51cfb4706b421f,BAC_1,A,I|A|S,0.528,11.13,11.83,11.82,-1,0.415,0.872,0.632,0.676,0
28703c430b6d46ff,BAC_1,A,I|E|C,0.381,9.82,9.81,8.38,1,0.397,0.593,0.73,0.545,1
50f41adda14448d5,BAC_1,D,S|C|E,0.596,10.16,8.74,8.72,1,0.619,0.501,0.636,0.562,1
b64ba5ef268e4092,BAC_1,G2,E|S|C,0.505,11.87,11.32,10.33,1,0.67,0.738,0.177,0.63,1
5750d693cd8349ac,BAC_1,A,A|E|I,0.477,7.61,6.85,6.74,1,0.415,0.782,0.307,0.582,0
a118daec62ac47a8,BAC_1,A,S|I|R,0.472,6.96,5.95,6.43,1,0.27,0.496,0.261,0.382,0
8d243e8e7ba54989,BAC_1,D,I|R|A,0.524,9.76,10.25,8.32,-1,0.642,0.831,0.969,0.785,0
0dc6ed2a4a9c4f01,BAC_1,A,S|A|E,0.534,7.31,7.76,5.56,-1,0.674,0.522,0.782,0.614,0
29aef871519a4d67,BAC_1,D,S|A|C,0.591,10.23,10.06,8.45,1,0.565,0.564,0.331,0.529,0
74bc6118089a4ebf,BAC_1,B,S|I|C,0.455,9.86,8.82,10.3,1,0.396,0.526,0.411,0.463,0
5432416662c44321,BAC_1,G3,C|E|S,0.563,11.75,11.48,12.14,1,0.544,0.509,0.456,0.513,1
2058963d29b8497c,BAC_1,E,R|E|C,0.551,11.22,10.93,10.21,1,0.461,0.935,0.594,0.718,1
5f2d954018d54888,BAC_1,A,E|S|C,0.638,10.65,11.37,10.74,-1,0.635,0.8,0.407,0.683,1
97180502c36c4f38,BAC_1,A,C|E|S,0.494,7.09,6.89,7.46,1,0.437,0.405,0.611,0.447,0
d581cfedfa4844a9,BAC_1,D,R|E|I,0.513,7.81,7.46,6.43,1,0.474,0.238,0.278,0.327,0
4cbc5b6dc2534bf1,BAC_1,G3,E|C|I,0.521,11.7,11.62,13.67,1,0.461,0.673,0.512,0.575,0
5f458f7fb4b24793,BAC_1,A,S|A|E,0.678,10.49,9.99,9.68,1,0.608,0.731,0.653,0.676,0
96ff215c830c438e,BAC_1,A,E|S|C,0.571,13.27,13.24,12.83,1,0.513,0.8,0.432,0.644,0
3dac88fb575044af,BAC_1,B,S|C|A,0.543,11.01,10.13,10.31,1,0.6,0.558,0.606,0.58,0
1a54a6aea6e1457f,BAC_1,D,S|I|C,0.599,12.32,12.37,12.43,-1,0.616,0.593,0.341,0.563,1
b993f3d97259415e,BAC_1,D,I|S|C,0.538,14.77,14.57,14.58,1,0.671,0.47,0.453,0.538,0
f1bd018c7bed4fb4,BAC_1,A,S|A|E,0.475,12.37,11.44,10.68,1,0.514,0.375,0.656,0.466,0
827c0bdeb2104d6b,BAC_1,D,R|I|C,0.521,12.31,11.39,12.96,1,0.427,0.346,0.748,0.435,1
1edffa23d6b040a6,BAC_1,D,S|C|A,0.493,13.02,13.27,12.26,-1,0.431,0.532,0.613,0.509,0
ce6c86037a884797,BAC_1,G3,I|E|A,0.667,9.84,10.24,9.49,-1,0.62,0.337,0.469,0.456,0
0a6bd85481c543d8,BAC_1,A,I|A|E,0.33,12.74,12.26,13.81,1,0.115,0.805,0.369,0.498,1
22a2cfa906b240c7,BAC_1,D,E|C|A,0.444,6.01,5.64,6.35,1,0.476,0.809,0.261,0.61,0
5c2c94b030e1431e,BAC_1,A,A|S|C,0.425,11.77,11.46,10.28,1,0.464,0.899,0.412,0.674,0
e50e4d477fa947e2,BAC_1,D,I|S|E,0.654,12.9,14.23,11.14,-1,0.578,0.454,0.389,0.488,0
0b1c1c672d064fb7,BAC_1,A,S|A|C,0.444,9.73,8.81,9.51,1,0.413,0.332,0.669,0.411,0
614e8d31d9ca4c1a,BAC_1,A,S|I|A,0.547,9.44,7.87,7.88,1,0.73,0.415,0.749,0.575,1
3a737780c44d47b0,BAC_1,A,A|S|C,0.469,8.87,9.16,8.25,-1,0.429,0.66,0.606,0.571,1
645f7c186cc04fb2,BAC_1,D,C|R|I,0.623,9.7,9.31,10.51,1,0.531,0.858,0.555,0.698,0
600cfef3eb824553,BAC_1,A,A|C|I,0.601,12.52,12.1,11.17,1,0.619,0.99,0.367,0.767,1
a87ce062cdc24bf1,BAC_1,A,S|C|I,0.527,9.53,10.58,7.84,-1,0.536,0.92,0.233,0.683,0
da1968a1b3e241fe,BAC_1,D,S|C|E,0.504,13.13,13.86,12.26,-1,0.407,0.77,0.368,0.583,1
172f020bbd2f484c,BAC_1,A,C|S|A,0.516,12.42,11.65,11.82,1,0.553,0.59,0.756,0.602,1
1bff76b8f5594479,BAC_1,A,S|E|I,0.572,10.4,10.39,11.21,1,0.496,0.519,0.677,0.535,0
14718a0cb1504945,BAC_1,A,I|A|S,0.547,9.29,8.85,9.96,1,0.574,0.99,0.336,0.746,0
ac96624cc135455b,BAC_1,A,E|C|S,0.591,11.87,10.39,12.58,1,0.621,0.905,0.616,0.762,1
7467c5c62564435b,BAC_1,A,R|S|E,0.522,10.6,8.91,11.53,1,0.423,0.615,0.491,0.529,1
3e52a53564a342ee,BAC_1,D,R|I|C,0.437,6.46,7.34,6.51,-1,0.444,0.473,0.558,0.475,1
e006e86197374ebe,BAC_1,D,I|C|R,0.529,13.07,14.33,12.66,-1,0.488,0.794,0.662,0.667,1
c024f37d042e4ed8,BAC_1,D,I|C|R,0.509,12.69,12.45,11.93,1,0.516,0.63,0.319,0.544,0
348f25a4a8644806,BAC_1,D,C|E|S,0.615,7.56,6.59,5.64,1,0.456,0.789,0.575,0.64,0
d77b1a14737c472c,BAC_1,A,A|S|E,0.427,8.92,8.9,6.99,1,0.457,0.431,0.609,0.467,0
f3a6648611724e0a,BAC_1,A,A|I|S,0.497,13.96,14.19,12.31,-1,0.597,0.433,0.641,0.522,1
c0ebf9abc27d42cd,BAC_1,A,S|I|A,0.513,11.11,11.6,11.97,-1,0.637,0.99,0.431,0.783,1
c2824b874b3c44fb,BAC_1,A,R|A|S,0.559,10.51,9.63,10.26,1,0.673,0.78,0.346,0.677,1
f4e9945c7a55465f,BAC_1,A,R|E|S,0.607,8.87,9.37,8.62,-1,0.632,0.446,0.612,0.536,0
388b43f777c94c95,BAC_1,B,S|C|A,0.495,10.01,10.62,10.71,-1,0.589,0.77,0.497,0.666,0
45abcbebba1b4953,BAC_1,A,I|A|C,0.628,9.64,9.68,8.13,-1,0.542,0.539,0.678,0.561,0
a9f7f293a5d546b7,BAC_1,G3,E|I|C,0.521,10.69,9.72,10.42,1,0.517,0.359,0.592,0.449,1
175ead82bca24e53,BAC_1,F3,C|R|I,0.591,7.89,7.66,8.24,1,0.461,0.711,0.292,0.56,0
2ca39e6708664f6a,BAC_1,A,S|C|A,0.618,9.82,7.89,8.71,1,0.421,0.889,0.554,0.675,0
1c6863c0ecc24114,BAC_1,D,S|R|E,0.574,10.23,10.22,10.04,1,0.585,0.502,0.456,0.524,0
8d2f0f7033ce4860,BAC_1,D,I|C|E,0.625,9.28,8.72,8.29,1,0.503,0.818,0.442,0.651,1
50fc3cb200ca4cd4,BAC_1,D,I|R|C,0.391,14.15,14.07,11.6,1,0.295,0.99,0.382,0.656,1
f7a3209cd6384763,BAC_1,A,E|A|I,0.577,11.64,12.49,8.7,-1,0.564,0.513,0.187,0.482,0
b81048e2e3954ff2,BAC_1,A,R|S|A,0.5,7.58,7.97,7.59,-1,0.689,0.791,0.482,0.709,0
15f207e1ccbf4d21,BAC_1,A,E|I|S,0.477,12.43,12.68,12.32,-1,0.531,0.78,0.646,0.673,0
a16e2d756bcc4555,BAC_1,D,R|I|S,0.533,10.35,10.49,8.53,-1,0.592,0.85,0.222,0.666,0
ee08f799adc74236,BAC_1,A,C|E|S,0.559,9.1,8.83,7.37,1,0.537,0.565,0.663,0.57,0
55adb5d7b4ce42b3,BAC_1,D,R|C|I,0.568,9.21,7.61,9.06,1,0.505,0.648,0.606,0.591,0
ff6e045ac0c74071,BAC_1,D,E|S|I,0.511,10.83,11.42,10.44,-1,0.463,0.736,0.46,0.599,0
7c78c6f9639f4563,BAC_1,A,S|C|E,0.462,10.83,10.58,11.39,1,0.417,0.926,0.235,0.644,0
c6df17be8de54b32,BAC_1,A,E|I|A,0.542,10.62,10.13,11.25,1,0.444,0.623,0.334,0.517,0
64de7ac069254bd6,BAC_1,B,C|E|I,0.604,8.77,8.79,9.66,-1,0.658,0.762,0.1,0.626,0
5f23f022911a4168,BAC_1,A,S|E|C,0.489,9.46,8.06,9.01,1,0.464,0.969,0.711,0.753,1
8aae9341cb514d0b,BAC_1,G2,C|E|S,0.624,10.83,8.78,10.54,1,0.54,0.734,0.699,0.661,0
9234c787f3114803,BAC_1,A,S|A|C,0.613,8.25,7.73,9.54,1,0.845,0.99,0.237,0.826,1
4f6f01620f0f497b,BAC_1,A,A|S|E,0.523,10.19,9.69,9.23,1,0.455,0.609,0.701,0.569,1
10de4adb5691432f,BAC_1,D,S|A|I,0.533,11.85,12.0,10.54,-1,0.606,0.299,0.537,0.442,1
2f8fb47c2f174fa5,BAC_1,A,A|C|I,0.504,13.29,12.83,11.97,1,0.688,0.1,0.639,0.387,1
99d1dac5c9d2458f,BAC_1,B,C|I|A,0.607,11.42,11.47,11.28,-1,0.421,0.665,0.26,0.519,0
996dd323953645ff,BAC_1,A,A|I|S,0.454,12.53,11.31,13.82,1,0.673,0.827,0.399,0.709,1
130d2ff7ef0f409e,BAC_1,G3,E|I|S,0.548,10.61,10.21,9.74,1,0.476,0.801,0.451,0.634,0
d835238eb39849fb,BAC_1,A,E|S|A,0.536,8.13,7.94,9.08,1,0.491,0.658,0.531,0.58,1
7e5a184724a94a62,BAC_1,D,S|C|E,0.532,9.53,9.76,8.26,-1,0.459,0.876,0.222,0.632,0
6389210cec754910,BAC_1,D,S|C|A,0.44,13.4,13.4,14.47,1,0.397,0.493,0.529,0.465,1
951f6fad219e4982,BAC_1,D,S|C|A,0.513,9.38,9.36,8.06,1,0.533,0.936,0.388,0.712,0
385d8399a0cd4ffc,BAC_1,D,E|C|I,0.524,10.37,9.67,10.29,1,0.59,0.861,0.735,0.748,1
a5955b84e43d46bd,BAC_1,A,E|S|C,0.5,10.87,11.18,8.2,-1,0.515,0.461,0.318,0.459,0
3b8080386acc4f2d,BAC_1,A,S|E|A,0.46,12.52,10.77,11.77,1,0.396,0.416,0.89,0.48,1
8f1b453ddc7f4f44,BAC_1,A,S|C|E,0.364,8.93,7.49,9.18,1,0.254,0.548,0.361,0.417,1
c0cc1b42e85242ce,BAC_1,F4,R|I|A,0.45,8.58,9.66,5.32,-1,0.45,0.49,0.359,0.456,1
c74ea14a3b234a01,BAC_1,A,E|A|C,0.538,12.04,12.31,11.28,-1,0.467,0.846,0.211,0.618,1
0ee53fd6049b40dc,BAC_1,C,E|C|I,0.613,9.46,8.39,8.1,1,0.865,0.813,0.305,0.755,1
0146dd7b0ca14ebd,BAC_1,A,S|A|C,0.541,9.35,8.59,7.93,1,0.65,0.658,0.529,0.636,0
a3ba1a14e9b745a0,BAC_1,A,E|A|I,0.702,13.7,13.58,13.68,1,0.72,0.79,0.253,0.685,1
4a7b4b54fcfe4e00,BAC_1,D,S|A|E,0.459,14.28,12.95,12.75,1,0.313,0.319,0.321,0.317,0
f0d7000cc01f486d,BAC_1,D,C|E|I,0.516,8.73,7.91,8.97,1,0.564,0.416,0.367,0.461,1
194142e7c3d140ca,BAC_1,G1,C|E|S,0.484,9.32,8.04,8.18,1,0.486,0.554,0.515,0.524,1
4ae6327ffad7462b,BAC_1,A,A|C|E,0.543,12.02,10.63,11.87,1,0.608,0.99,0.333,0.758,1
8780afced629476f,BAC_1,A,A|E|C,0.505,10.84,11.22,11.29,-1,0.287,0.231,0.493,0.29,0
8ef9042d731c448f,BAC_1,A,R|A|E,0.473,9.57,9.81,9.39,-1,0.473,0.859,0.502,0.67,1
78ea7826f607421f,BAC_1,D,C|E|A,0.604,11.39,10.52,9.6,1,0.5,0.479,0.528,0.494,1
ad9878edf0b14403,BAC_1,A,C|S|I,0.563,11.17,11.42,11.3,-1,0.625,0.576,0.1,0.522,0
2a464d4585d3423b,BAC_1,A,E|A|I,0.455,14.44,12.97,14.79,1,0.473,0.713,0.404,0.583,1
6b31fa0f38a549f8,BAC_1,A,I|E|A,0.393,7.84,8.04,8.68,-1,0.536,0.99,0.239,0.719,1
6740494f3a574fff,BAC_1,D,S|A|I,0.482,12.24,12.21,12.04,1,0.461,0.618,0.695,0.574,1
96fbfc455f3c451e,BAC_1,A,E|C|S,0.638,10.79,10.86,10.08,-1,0.603,0.93,0.72,0.784,1
2f79a29236554ec9,BAC_1,A,S|A|I,0.492,9.1,8.68,9.03,1,0.359,0.839,0.656,0.644,1
90db04ccfc94437c,BAC_1,G3,E|C|I,0.551,9.35,8.65,9.92,1,0.624,0.453,0.471,0.515,1
99d30d0ba0e64370,BAC_1,D,R|C|I,0.582,9.01,7.98,7.56,1,0.38,0.3,0.545,0.365,0
536b2da826e343f0,BAC_1,D,S|C|A,0.521,10.82,10.44,12.3,1,0.63,0.929,0.588,0.773,0
6024012d90644dba,BAC_1,D,C|R|I,0.647,11.59,11.66,12.31,-1,0.715,0.462,0.637,0.577,0
67420dcaafb84bcf,BAC_1,A,S|C|E,0.506,13.88,14.25,14.0,-1,0.428,0.696,0.594,0.587,1
ed7fce90e9a74ee0,BAC_1,D,R|C|I,0.521,12.77,12.47,9.77,1,0.563,0.772,0.656,0.681,1
ca379cba85a646f0,BAC_1,D,I|A|C,0.616,8.76,8.21,7.82,1,0.38,0.1,0.226,0.217,0
83416df110c34b3c,BAC_1,A,A|C|I,0.472,11.56,11.28,11.65,1,0.412,0.805,0.755,0.66,0
46b8bc0291f5423c,BAC_1,D,C|I|E,0.503,11.88,11.65,12.06,1,0.61,0.268,0.608,0.439,0
482495dc4dd04de4,BAC_1,A,I|S|A,0.416,10.44,9.96,9.07,1,0.46,0.438,0.601,0.47,1
7e68892b950e4525,BAC_1,E,I|R|C,0.524,12.53,11.0,11.18,1,0.471,0.918,0.503,0.699,0
694b5ac316204445,BAC_1,A,A|C|S,0.444,10.18,8.6,9.81,1,0.412,0.934,0.476,0.682,1
a882fcae020e4e96,BAC_1,A,S|E|A,0.273,10.28,10.02,8.88,1,0.277,0.492,0.601,0.433,0
4930e90c0ad04bf9,BAC_1,D,I|R|A,0.612,10.23,10.29,8.84,-1,0.589,0.752,0.601,0.672,1
6c7048863ee24817,BAC_1,D,I|C|E,0.452,11.16,10.73,10.33,1,0.386,0.806,0.428,0.602,1
2ef2fd39f8d44e31,BAC_1,A,S|E|C,0.432,6.95,7.29,5.66,-1,0.518,0.502,0.67,0.533,1
1ba00b934f9745a8,BAC_1,D,I|C|R,0.467,10.8,10.7,10.12,1,0.566,0.865,0.492,0.705,0
1296d2aed0334c57,BAC_1,A,S|I|E,0.518,12.37,11.89,13.13,1,0.483,0.492,0.345,0.467,0
f594937fdbc142ca,BAC_1,B,E|I|C,0.521,12.77,12.85,12.47,-1,0.48,0.678,0.186,0.535,0
dc56992603d24126,BAC_1,D,R|I|A,0.519,9.45,8.65,8.83,1,0.535,0.9,0.518,0.715,0
9b8534e87023472a,BAC_1,A,A|S|C,0.485,13.1,12.66,12.15,1,0.709,0.967,0.377,0.788,1
aba99f84ecb6458a,BAC_1,D,R|S|E,0.45,10.08,9.89,10.36,1,0.384,0.355,0.478,0.384,0
9de4c6a25e864ab3,BAC_1,D,R|A|S,0.555,13.67,13.3,13.02,1,0.556,0.637,0.379,0.57,1
ea6257620cfa4ba8,BAC_1,A,S|A|E,0.516,11.28,10.36,12.44,1,0.643,0.99,0.627,0.814,1
2075b860628c4fae,BAC_1,D,I|R|C,0.393,7.84,8.36,6.26,-1,0.487,0.745,0.467,0.613,0
6913762840bd4901,BAC_1,D,C|I|E,0.655,12.69,13.25,11.54,-1,0.765,0.666,0.414,0.663,0
fcb24a73b5664800,BAC_1,D,I|E|C,0.492,9.29,9.4,9.63,-1,0.44,0.39,0.576,0.435,0
d8f203920fca4515,BAC_1,D,R|I|C,0.646,9.98,8.08,9.57,1,0.689,0.63,0.594,0.645,0
eafb7fe3fdaf4fad,BAC_1,C,C|I|E,0.61,11.33,11.37,11.71,-1,0.47,0.547,0.419,0.501,0
ac4f0a4c234b4f66,BAC_1,D,R|C|I,0.446,7.55,6.48,7.57,1,0.613,0.624,0.534,0.607,1
e54310672a7b4072,BAC_1,D,I|C|R,0.596,10.87,11.16,11.91,-1,0.515,0.63,0.671,0.596,0
7ab6151542cd4dab,BAC_1,D,E|S|A,0.572,8.09,7.47,7.81,1,0.484,0.213,0.647,0.373,0
1a0ed46d5957433d,BAC_1,D,C|E|S,0.528,12.22,11.3,12.32,1,0.611,0.584,0.535,0.586,0
da86e9113cfa4981,BAC_1,D,R|C|E,0.582,8.92,7.58,7.68,1,0.646,0.419,0.307,0.482,0
0dfb65583716441e,BAC_1,D,C|S|I,0.645,8.8,7.91,8.77,1,0.368,0.421,0.582,0.427,1
ece71166fbb741fd,BAC_1,A,S|C|I,0.397,8.43,8.87,8.12,-1,0.396,0.362,0.53,0.399,1
f904f4287bbb4ac0,BAC_1,A,S|A|C,0.498,8.79,8.83,7.71,-1,0.472,0.977,0.687,0.757,0
5744090520ed4848,BAC_1,D,S|A|C,0.572,9.09,7.78,8.89,1,0.431,0.262,0.613,0.374,0
4aa9b3ce403f4355,BAC_1,D,E|S|R,0.416,10.05,9.57,7.37,1,0.413,0.99,0.52,0.717,1
f31e92b586434a02,BAC_1,A,C|I|E,0.648,13.88,13.38,13.73,1,0.762,0.758,0.468,0.716,0
a94d94a567b14b70,BAC_1,D,S|E|I,0.528,8.46,9.07,8.36,-1,0.369,0.372,0.764,0.43,0
12b3a61a4d82461b,BAC_1,F3,R|C|E,0.534,11.94,10.84,10.82,1,0.637,0.605,0.614,0.618,0
0972d99eaa9d4c34,BAC_1,D,R|C|E,0.448,10.15,10.11,9.15,1,0.522,0.285,0.35,0.378,0
f25d1e40f5c74383,BAC_1,G3,E|I|C,0.539,8.44,7.68,7.77,1,0.527,0.587,0.279,0.52,0
15b6cf9ec1d4434c,BAC_1,D,R|I|A,0.579,13.94,13.35,13.12,1,0.624,0.479,0.457,0.527,0
b7c0882b6fc34a5b,BAC_1,A,S|I|A,0.484,11.25,11.18,11.31,1,0.478,0.801,0.465,0.637,1
16b430d5cc1a46d0,BAC_1,A,S|A|I,0.525,11.05,10.59,9.99,1,0.365,0.928,0.59,0.68,1
3161233cb69e47e3,BAC_1,D,R|I|C,0.437,12.42,13.15,13.38,-1,0.294,0.424,0.376,0.371,1
f08897c0c9ab4349,BAC_1,D,C|I|S,0.437,12.05,13.22,11.18,-1,0.505,0.523,0.332,0.488,1
aa6e49857b3f43ae,BAC_1,D,S|C|A,0.577,6.52,6.04,7.1,1,0.544,0.99,0.225,0.719,0
f4dea45820bb4c54,BAC_1,D,I|A|S,0.502,7.05,7.52,6.2,-1,0.626,0.618,0.245,0.565,0
81365dd1b7194a68,BAC_1,D,I|R|A,0.628,9.09,8.54,8.47,1,0.888,0.492,0.427,0.621,0
6d2f37648d3041df,BAC_1,D,I|C|S,0.472,11.3,11.14,11.55,1,0.5,0.44,0.324,0.443,0
afc9f441ffdd4f39,BAC_1,A,A|I|S,0.533,10.9,10.31,10.42,1,0.755,0.316,0.514,0.499,0
a5630a097d5748a1,BAC_1,A,A|S|I,0.519,11.2,10.89,10.88,1,0.456,0.826,0.99,0.721,0
608ff934949f43a9,BAC_1,D,I|C|E,0.567,9.54,8.92,9.28,1,0.597,0.985,0.265,0.741,1
8d041bcaeccb452d,BAC_1,A,A|C|S,0.527,9.18,8.21,8.37,1,0.618,0.813,0.362,0.677,1
bbb66c711a504be8,BAC_1,A,S|A|C,0.48,10.32,9.1,9.91,1,0.445,0.794,0.426,0.617,0
8ccab949c21a4d84,BAC_1,F4,R|C|E,0.641,10.45,10.34,10.78,1,0.693,0.736,0.366,0.665,0
c6b4ced078824409,BAC_1,G3,C|I|R,0.568,9.58,10.27,9.76,-1,0.535,0.382,0.257,0.417,0
e448fbc4866a4f74,BAC_1,D,S|C|R,0.507,11.89,11.0,11.36,1,0.485,0.511,0.172,0.451,0
3bd2447a04fd4287,BAC_1,A,S|E|A,0.439,14.91,13.94,13.42,1,0.462,0.817,0.508,0.646,1
d14d0e8178994c8e,BAC_1,D,C|A|I,0.479,12.18,12.73,11.02,-1,0.388,0.968,0.721,0.728,1
4d5c66e1592f42f1,BAC_1,D,C|S|A,0.459,11.23,10.69,11.54,1,0.43,0.343,0.609,0.413,0
2c37307ff6fd4a91,BAC_1,A,S|C|A,0.514,11.02,11.38,9.4,-1,0.415,0.99,0.166,0.665,1
2fbf60dee658426d,BAC_1,D,C|I|R,0.502,9.71,9.59,10.15,1,0.434,0.416,0.688,0.463,1
d8223894b8224057,BAC_1,D,I|S|C,0.681,10.8,9.74,10.58,1,0.596,0.54,0.189,0.507,0
3028bc5451c448b2,BAC_1,D,I|C|E,0.601,11.0,10.26,11.22,1,0.561,0.953,0.399,0.733,0
ae22421add5a420f,BAC_1,D,S|I|E,0.591,12.14,12.02,11.47,1,0.607,0.709,0.433,0.632,0
ecc603d5ec394142,BAC_1,D,I|E|A,0.544,11.75,11.27,12.22,1,0.641,0.651,0.711,0.657,0
f55138631d584283,BAC_1,A,E|I|C,0.545,10.44,9.65,10.66,1,0.585,0.741,0.388,0.633,1
9a3a6e3cafca4ce3,BAC_1,D,I|C|R,0.585,5.91,6.28,6.29,-1,0.424,0.276,0.369,0.342,0
7022f194b7804369,BAC_1,G3,S|C|I,0.503,8.21,8.27,8.14,-1,0.529,0.337,0.578,0.44,0
ce4b3de79a49485e,BAC_1,A,A|S|I,0.53,11.83,11.11,11.92,1,0.561,0.695,0.648,0.641,0
99ffe06e82984938,BAC_1,A,E|S|A,0.436,7.92,6.65,7.38,1,0.232,0.716,0.159,0.463,1
9f4d477b15e54bc5,BAC_1,D,I|E|A,0.546,10.33,10.15,9.32,1,0.462,0.817,0.536,0.651,0
ea3d584bded941f1,BAC_1,A,S|E|A,0.57,9.65,9.44,7.56,1,0.634,0.806,0.444,0.692,0
2ffc44f8494e4d35,BAC_1,A,A|E|S,0.42,9.72,9.79,5.76,-1,0.216,0.509,0.718,0.438,0
5ee54d37985646fb,BAC_1,A,S|A|C,0.579,11.67,11.5,11.05,1,0.463,0.972,0.153,0.671,0
024df5c9043e4ea2,BAC_1,D,R|S|C,0.449,9.33,10.2,8.63,-1,0.572,0.809,0.205,0.635,1
e0aa3646d25941d0,BAC_1,D,C|S|E,0.613,9.53,9.45,9.95,1,0.629,0.721,0.745,0.692,1
d6f34bc4d61f4c05,BAC_1,F1,R|I|E,0.568,8.18,7.89,8.4,1,0.51,0.99,0.222,0.707,1
5e43a8c04d284031,BAC_1,D,I|S|C,0.464,6.77,7.5,4.91,-1,0.455,0.405,0.64,0.458,0
0d112e1fdafe49f4,BAC_1,A,A|S|E,0.435,9.67,9.33,7.35,1,0.758,0.824,0.562,0.762,0
5808543d92d54492,BAC_1,D,I|A|E,0.484,10.66,10.34,10.29,1,0.605,0.782,0.583,0.69,0
e3bcab72c9584d8c,BAC_1,A,I|E|S,0.469,13.77,13.99,14.29,-1,0.459,0.807,0.826,0.688,1
1c222463f3a245a1,BAC_1,A,A|E|S,0.613,11.26,10.93,10.94,1,0.688,0.635,0.439,0.624,0
c7f8536ead004f1d,BAC_1,D,S|I|A,0.404,15.33,13.62,14.26,1,0.304,0.641,0.386,0.485,1
dc3d9b8656194994,BAC_1,D,A|S|I,0.482,9.59,9.77,9.45,-1,0.313,0.803,0.626,0.605,0
1b14333d8b1f438f,BAC_1,G3,S|I|C,0.502,10.1,10.44,8.95,-1,0.646,0.593,0.806,0.643,0
bdd704bbd19944f6,BAC_1,A,E|C|A,0.434,9.18,8.99,11.15,1,0.418,0.362,0.247,0.364,0
12ed1f8e4fa64e36,BAC_1,D,R|E|I,0.626,12.16,14.05,10.45,-1,0.463,0.99,0.602,0.747,1
f1832d7b0a7e472c,BAC_1,A,A|E|S,0.418,10.97,10.22,10.31,1,0.513,0.617,0.482,0.56,1
7d4f3621fafa4dfd,BAC_1,D,I|S|A,0.495,12.22,12.14,11.36,1,0.526,0.411,0.891,0.523,1
bcc3a8199e7c47cd,BAC_1,A,I|S|E,0.508,8.3,6.53,6.85,1,0.574,0.974,0.564,0.773,0
44b0d9a3884847a0,BAC_1,A,E|I|A,0.537,8.39,8.11,7.66,1,0.53,0.913,0.593,0.731,0
5b3b149e37a44a1a,BAC_1,A,S|I|A,0.543,10.16,10.43,10.31,-1,0.576,0.199,0.529,0.381,0
5a7f7f53a63041b9,BAC_1,D,S|C|I,0.61,11.21,11.05,11.05,1,0.693,0.455,0.99,0.618,1
3df9c43332574c5c,BAC_1,A,A|S|R,0.583,10.84,9.98,8.06,1,0.567,0.704,0.792,0.67,1
8c4b279a6a3e426c,BAC_1,D,I|C|S,0.577,7.76,7.33,6.78,1,0.622,0.187,0.253,0.349,0
d554dbaef7c94d1b,BAC_1,D,I|S|C,0.466,10.53,9.5,11.0,1,0.295,0.3,0.305,0.299,0
89567016b0984307,BAC_1,A,A|E|R,0.419,12.32,11.18,11.82,1,0.274,0.718,0.226,0.489,0
4bbe1dc6c2244b27,BAC_1,D,C|S|E,0.593,14.61,14.23,12.62,1,0.762,0.597,0.579,0.652,1
f332b2ec438d4346,BAC_1,D,S|A|I,0.461,9.98,9.17,9.65,1,0.42,0.256,0.465,0.345,0
483d456cf25c438e,BAC_1,A,S|E|A,0.462,8.64,8.88,8.55,-1,0.556,0.92,0.628,0.749,1
5673b9c033aa4600,BAC_1,D,S|A|E,0.494,12.75,12.79,13.58,-1,0.611,0.536,0.419,0.545,0
bd6d206ec91b4596,BAC_1,A,S|A|E,0.566,7.23,7.88,5.23,-1,0.745,0.341,0.683,0.534,0
c87beb7d0c8c45cf,BAC_1,D,C|S|A,0.488,12.7,13.03,13.21,-1,0.349,0.625,0.447,0.502,0
a4856cb4572a4891,BAC_1,F2,R|I|E,0.542,11.54,11.27,11.12,1,0.623,0.348,0.867,0.522,1
ea96b603cf054b97,BAC_1,F3,I|R|C,0.554,6.58,5.59,4.87,1,0.505,0.92,0.519,0.715,0
5d94e237ea3240be,BAC_1,A,A|S|E,0.52,8.15,8.44,8.44,-1,0.482,0.859,0.198,0.628,1
f6af93738eeb4996,BAC_1,A,S|I|R,0.504,8.45,6.88,8.06,1,0.64,0.346,0.167,0.422,0
3168836ef5f04849,BAC_1,D,R|I|E,0.534,9.02,8.29,8.41,1,0.433,0.402,0.618,0.445,0
b6624b50fa6844d4,BAC_1,G3,C|E|A,0.591,8.76,7.32,11.15,1,0.634,0.767,0.526,0.684,1
6ed3726d9b58402f,BAC_1,A,C|E|S,0.563,9.36,9.01,7.94,1,0.559,0.649,0.645,0.617,0
b55ebc0fef7646fa,BAC_1,D,I|E|R,0.543,11.45,11.05,11.58,1,0.683,0.99,0.487,0.807,1
4f63d59991044376,BAC_1,D,I|E|C,0.4,7.09,7.1,7.66,-1,0.495,0.99,0.42,0.731,0
6655f881acc34e48,BAC_1,A,I|S|C,0.503,10.96,10.75,12.39,1,0.344,0.57,0.448,0.473,0
bdc2f105592242dc,BAC_1,D,E|C|I,0.396,12.53,12.11,12.15,1,0.374,0.17,0.301,0.261,0
cffad440e401404b,BAC_1,D,C|E|I,0.478,12.44,12.61,12.1,-1,0.376,0.971,0.407,0.678,1
9d71ef04e5104d9d,BAC_1,D,I|E|R,0.587,10.75,10.49,11.31,1,0.435,0.63,0.321,0.515,0
0b0eb99967914fd1,BAC_1,B,S|I|E,0.505,14.28,13.93,14.36,1,0.539,0.775,0.295,0.62,1
2abbb1e158c14cec,BAC_1,D,S|C|I,0.424,10.37,10.14,10.19,1,0.492,0.1,0.629,0.317,0
b9a382cacb694059,BAC_1,B,E|S|A,0.491,11.97,11.66,11.83,1,0.45,0.534,0.499,0.5,1
7bec9c4d473f4efc,BAC_1,A,E|S|R,0.524,11.3,11.88,11.0,-1,0.603,0.756,0.331,0.639,0
7c03971e877f44af,BAC_1,A,A|I|S,0.533,11.41,11.43,9.37,-1,0.582,0.689,0.368,0.603,0
8c646988f96844d6,BAC_1,D,R|C|I,0.524,10.06,10.31,9.69,-1,0.391,0.881,0.275,0.619,0
e7219d36112848c5,BAC_1,D,C|I|E,0.413,10.25,10.27,8.98,-1,0.416,0.498,0.497,0.469,0
23e91a3c9b4b476f,BAC_1,D,I|R|S,0.58,8.57,8.29,7.01,1,0.543,0.485,0.935,0.573,0
63f07a55e550434e,BAC_1,A,S|C|E,0.455,12.87,13.01,11.83,-1,0.382,0.527,0.491,0.471,1
422497a3e55a490f,BAC_1,D,R|S|C,0.532,7.91,7.57,7.57,1,0.516,0.404,0.734,0.493,0
ccf79464eb3342fa,BAC_1,D,R|I|C,0.457,9.68,9.63,9.0,1,0.48,0.441,0.257,0.427,0
cf7c29574e914b2b,BAC_1,A,A|S|C,0.542,10.36,10.17,9.8,1,0.52,0.988,0.548,0.758,1
558d55faa19f49fe,BAC_1,D,E|I|R,0.47,12.0,11.19,12.1,1,0.452,0.704,0.332,0.56,0
266798c1ab884b7e,BAC_1,A,A|S|C,0.508,10.5,11.2,8.83,-1,0.582,0.553,0.316,0.528,0
edef042d5ead416b,BAC_1,D,E|A|S,0.607,12.74,13.04,11.18,-1,0.655,0.528,0.338,0.544,0
2fcf4576abd346fc,BAC_1,A,S|A|E,0.495,10.67,10.2,10.42,1,0.568,0.906,0.477,0.723,1
602cf4de9cd14439,BAC_1,D,R|I|E,0.494,12.24,11.09,11.46,1,0.478,0.687,0.16,0.535,0
c2aaf943bc724e3a,BAC_1,A,C|E|I,0.472,10.33,9.42,9.81,1,0.482,0.99,0.686,0.767,1
2f438f9b7dad4c8d,BAC_1,A,E|C|S,0.624,9.47,9.82,10.1,-1,0.839,0.818,0.342,0.754,0
51a2c526700445cf,BAC_1,G2,C|A|E,0.53,8.18,7.06,7.66,1,0.421,0.661,0.841,0.604,0
c4d6dd2a47264bbd,BAC_1,D,R|C|E,0.458,12.68,12.84,12.0,-1,0.541,0.786,0.444,0.649,0
cdc2e7d7b8064428,BAC_1,A,S|I|E,0.477,10.9,10.3,10.83,1,0.585,0.717,0.57,0.649,1
0fbf64f426d241ca,BAC_1,A,A|S|E,0.492,6.38,6.15,6.09,1,0.325,0.779,0.51,0.58,1
3da511976ac34eb5,BAC_1,A,A|S|C,0.426,10.11,9.18,8.14,1,0.401,0.99,0.459,0.704,1
4a2fa432385f4681,BAC_1,D,S|A|I,0.427,9.79,10.08,9.7,-1,0.499,0.901,0.439,0.691,0
0ebaaf775b4f4b69,BAC_1,D,I|A|R,0.573,11.57,11.17,10.29,1,0.721,0.877,0.792,0.81,0
d7a692431f9b4762,BAC_1,A,E|C|I,0.643,11.9,12.65,11.3,-1,0.697,0.852,0.323,0.719,1
a867da0857604f08,BAC_1,A,E|A|S,0.531,10.34,10.05,10.08,1,0.597,0.99,0.441,0.77,1
0e1f1a813326431b,BAC_1,A,C|S|E,0.555,10.74,9.51,9.48,1,0.655,0.473,0.315,0.513,0
642e0c4122db4237,BAC_1,A,A|I|S,0.445,8.83,8.01,6.9,1,0.485,0.697,0.511,0.595,0
bded342e34b94287,BAC_1,A,C|E|I,0.45,12.41,11.84,11.02,1,0.342,0.99,0.562,0.699,0
29a475f18a464cb2,BAC_1,D,R|I|E,0.537,9.35,9.28,8.17,1,0.514,0.597,0.496,0.553,1
da3a91c09e884971,BAC_1,D,S|C|A,0.481,7.26,6.81,5.7,1,0.526,0.813,0.334,0.64,0
b903e1f0bb584559,BAC_1,D,C|S|E,0.576,8.24,7.07,9.35,1,0.646,0.901,0.32,0.725,1
0da28e8470634b32,BAC_1,A,S|I|C,0.531,9.92,10.01,10.68,-1,0.507,0.447,0.541,0.482,0
6576fc891f3040df,BAC_1,A,S|A|I,0.548,6.42,5.98,6.48,1,0.693,0.453,0.831,0.594,1
79a5fd66b56d4b3d,BAC_1,A,I|C|A,0.35,9.88,8.79,9.1,1,0.416,0.847,0.336,0.619,1
5b09789977db401d,BAC_1,A,A|C|S,0.631,8.2,7.44,8.73,1,0.565,0.584,0.505,0.565,1
9da685a6fdee4bdf,BAC_1,A,E|A|C,0.491,9.3,8.01,7.49,1,0.498,0.872,0.701,0.715,0
50f9e93354e84af4,BAC_1,A,A|S|R,0.383,10.05,9.95,8.38,1,0.379,0.448,0.562,0.441,0
729a8dd369f24b5b,BAC_1,A,A|S|R,0.564,11.34,11.81,9.48,-1,0.455,0.908,0.689,0.717,0
de861527eecd494a,BAC_1,D,E|C|A,0.465,7.28,6.7,6.78,1,0.507,0.537,0.559,0.53,0
66e4bf317e624014,BAC_1,D,E|I|S,0.565,11.37,11.48,11.58,-1,0.603,0.306,0.548,0.446,0
c4ce5a7b77e34e67,BAC_1,A,C|E|A,0.577,9.53,9.98,8.46,-1,0.691,0.594,0.186,0.566,0
8d52b5d138764a48,BAC_1,D,R|I|C,0.539,9.4,7.5,9.08,1,0.561,0.475,0.561,0.518,0
cef91ea9a7a94fd7,BAC_1,A,C|I|A,0.417,11.98,11.97,12.28,1,0.422,0.803,0.99,0.697,0
dd9d6d67c0354b04,BAC_1,D,S|I|C,0.495,11.52,11.86,10.36,-1,0.557,0.542,0.238,0.501,1
2517fe00ee8a4b69,BAC_1,A,A|C|S,0.559,11.94,12.34,10.42,-1,0.65,0.99,0.449,0.79,0
5d9eb81fda0044a6,BAC_1,D,I|S|A,0.441,11.09,10.86,10.26,1,0.432,0.503,0.614,0.495,0
a0761d77af7c40b8,BAC_1,D,I|C|E,0.561,11.55,11.28,10.03,1,0.632,0.753,0.53,0.677,1
fe3c775038914907,BAC_1,A,S|C|A,0.489,10.22,10.44,8.94,-1,0.377,0.773,0.393,0.578,0
916ca1b43c1240a8,BAC_1,D,I|E|R,0.597,12.78,13.28,12.22,-1,0.669,0.256,0.503,0.438,0
8e6c6750de1c44d5,BAC_1,A,C|I|A,0.621,8.5,7.68,7.84,1,0.595,0.514,0.481,0.538,1
41173fdbca48470b,BAC_1,A,E|C|S,0.6,10.09,10.35,8.69,-1,0.71,0.936,0.51,0.793,0
005d5c95dd234a68,BAC_1,A,I|A|C,0.577,10.14,10.23,8.52,-1,0.538,0.412,0.387,0.452,0
294536f9db1541a0,BAC_1,D,E|S|C,0.588,13.31,14.07,11.45,-1,0.431,0.99,0.434,0.711,1
1e5294f6d7454d9b,BAC_1,A,I|S|E,0.553,12.99,12.42,12.59,1,0.62,0.518,0.415,0.538,1
5f87ad86f4b54a88,BAC_1,A,I|A|S,0.519,10.38,9.67,8.65,1,0.827,0.438,0.1,0.523,0
fb5198c424c24e88,BAC_1,D,I|C|R,0.497,9.99,9.73,9.8,1,0.598,0.351,0.729,0.494,0
ea951997bc004763,BAC_1,A,S|R|E,0.533,8.8,9.25,7.87,-1,0.556,0.777,0.509,0.66,0
345b168924f142cd,BAC_1,D,C|R|I,0.6,16.3,16.83,14.85,-1,0.61,0.822,0.6,0.715,1
108092d35e484c12,BAC_1,A,A|S|R,0.496,10.9,11.39,8.67,-1,0.568,0.926,0.865,0.792,0
14e7766b82e44ade,BAC_1,D,S|I|C,0.542,11.66,10.8,10.56,1,0.448,0.725,0.523,0.598,0
624d7e4c80ae44a8,BAC_1,D,C|E|I,0.543,9.63,9.65,7.95,-1,0.547,0.965,0.64,0.77,0
cff8236ff71a4a60,BAC_1,B,I|C|E,0.6,12.87,12.18,12.43,1,0.851,0.806,0.413,0.763,1
c27266f4792d430e,BAC_1,D,R|C|I,0.478,7.76,7.58,8.77,1,0.601,0.214,0.434,0.382,0
10140aa6e4ed478c,BAC_1,D,S|E|C,0.472,10.71,10.48,9.3,1,0.437,0.747,0.569,0.612,0
fa6593fdbfd244d9,BAC_1,D,S|I|A,0.521,12.47,12.94,12.45,-1,0.731,0.427,0.379,0.526,0
547d6dd5eaf644c4,BAC_1,D,R|C|A,0.564,10.89,8.63,8.74,1,0.647,0.731,0.7,0.697,0
01a4b6d1a9fa44fc,BAC_1,F4,R|I|E,0.502,12.71,12.51,13.1,1,0.595,0.634,0.295,0.569,0
6204356d990041f5,BAC_1,A,A|C|S,0.438,13.01,11.82,13.02,1,0.496,0.989,0.401,0.728,1
ef5ab08d9f534b99,BAC_1,A,S|I|A,0.502,15.38,15.32,15.2,1,0.52,0.781,0.427,0.637,1
628e8ae9728646ad,BAC_1,G3,E|C|S,0.524,13.41,13.45,11.73,-1,0.592,0.536,0.343,0.527,1
f6807b595af7442e,BAC_1,D,I|R|C,0.585,9.1,8.43,8.86,1,0.593,0.363,0.703,0.494,0
811b03341ca845fd,BAC_1,D,I|S|A,0.653,10.56,10.34,10.33,1,0.71,0.376,0.406,0.497,0
2b5e150d491c4f74,BAC_1,A,A|I|C,0.525,10.84,11.25,10.35,-1,0.585,0.875,0.446,0.709,0
3b9215e3cfaf463e,BAC_1,A,I|S|A,0.499,8.51,8.07,7.12,1,0.556,0.737,0.295,0.608,0
b28a21e1cfb14b7a,BAC_1,A,A|C|S,0.501,14.23,13.8,14.34,1,0.572,0.99,0.637,0.791,1
1df1ddfadfb04590,BAC_1,A,S|C|E,0.555,11.82,11.11,11.91,1,0.61,0.99,0.598,0.798,1
c9f3fc409432412b,BAC_1,A,S|A|E,0.468,12.59,10.88,13.02,1,0.474,0.702,0.398,0.577,1
65a5ebb7d3f4433d,BAC_1,D,C|E|R,0.429,12.44,12.78,10.09,-1,0.327,0.708,0.682,0.571,0
c3f70ae2d9b947b8,BAC_1,D,I|E|R,0.572,9.4,9.28,7.69,1,0.342,0.348,0.761,0.408,0
cc75fbc4bc744444,BAC_1,D,S|A|E,0.525,9.01,8.82,8.14,1,0.572,0.177,0.438,0.355,0
f69329519d3a4ac9,BAC_1,A,S|A|R,0.531,12.28,11.75,10.18,1,0.446,0.99,0.646,0.748,1
bdb1e86b6c1c4040,BAC_1,D,C|A|R,0.55,10.93,11.15,10.95,-1,0.597,0.973,0.423,0.759,0
d2a4ddb20e704955,BAC_1,A,C|I|E,0.539,11.55,9.99,9.8,1,0.385,0.584,0.59,0.515,0
130b521d06f14958,BAC_1,D,S|E|A,0.568,13.14,12.6,13.94,1,0.631,0.605,0.326,0.572,0
3e726113f59441c7,BAC_1,A,E|C|S,0.496,11.89,12.29,9.79,-1,0.384,0.491,0.634,0.475,1
5d886351b0414dab,BAC_1,D,I|S|E,0.523,9.71,9.04,10.4,1,0.598,0.431,0.977,0.571,1
deb6be9085c1454c,BAC_1,A,S|I|A,0.557,10.43,10.65,8.49,-1,0.546,0.882,0.676,0.733,0
4a2293ffdeca4d2e,BAC_1,A,A|I|S,0.423,12.7,12.76,11.58,-1,0.45,0.648,0.313,0.529,1
59fb33915b7147dd,BAC_1,A,S|I|C,0.591,8.42,9.39,8.13,-1,0.571,0.99,0.516,0.772,1
9108f58d1da6418c,BAC_1,A,I|S|E,0.501,14.53,14.0,13.51,1,0.492,0.777,0.626,0.655,1
994e66a7c09d4bad,BAC_1,D,S|R|A,0.547,10.58,9.97,9.2,1,0.591,0.637,0.465,0.595,1
869b4a45bb45448c,BAC_1,C,C|E|I,0.491,8.29,7.52,6.41,1,0.382,0.754,0.794,0.63,1
9b89918b421442e7,BAC_1,A,A|I|E,0.49,6.59,5.83,5.27,1,0.513,0.99,0.239,0.71,0
2efaab29155644fd,BAC_1,D,R|I|E,0.39,10.46,9.43,10.14,1,0.34,0.898,0.538,0.649,1
f7fae792c8154735,BAC_1,D,I|R|A,0.59,11.39,9.74,9.52,1,0.72,0.782,0.374,0.699,0
3b2c34e4e04c4c11,BAC_1,A,S|E|C,0.544,11.59,13.01,11.63,-1,0.573,0.607,0.513,0.581,0
e82e75092a6b46c8,BAC_1,G1,I|E|C,0.55,10.31,10.34,10.15,-1,0.686,0.659,0.431,0.634,0
c333d60457764196,BAC_1,A,A|I|C,0.455,9.44,8.28,7.95,1,0.477,0.805,0.947,0.712,0
90a76c55d97b4950,BAC_1,A,S|I|E,0.561,13.79,12.95,13.94,1,0.673,0.709,0.289,0.633,1
d3e0b7de06824929,BAC_1,A,A|S|I,0.598,9.86,10.03,8.39,-1,0.46,0.75,0.326,0.585,1
aa834ebe65ab4498,BAC_1,D,R|C|E,0.615,9.33,10.47,8.5,-1,0.617,0.683,0.278,0.599,1
4bb6f275e7454534,BAC_1,A,A|E|I,0.477,9.52,8.89,8.92,1,0.542,0.414,0.1,0.412,0
fe80824a38de4470,BAC_1,A,S|A|I,0.535,8.57,9.02,7.79,-1,0.443,0.685,0.292,0.541,0
7f2e0235c03d431b,BAC_1,A,E|S|A,0.569,13.76,13.64,11.43,1,0.639,0.608,0.44,0.594,0
b2ba6a406c8b4df6,BAC_1,D,I|C|E,0.598,8.49,8.65,9.05,-1,0.68,0.99,0.523,0.812,1
a694d4e8014f444e,BAC_1,D,R|C|I,0.588,9.04,8.24,9.78,1,0.715,0.574,0.847,0.664,0
974410c0161d44f6,BAC_1,A,I|A|C,0.524,12.14,11.37,12.15,1,0.48,0.536,0.685,0.539,1
dd10c380a22e457a,BAC_1,D,I|C|S,0.463,8.66,8.42,6.86,1,0.447,0.473,0.453,0.461,0
3955cfa575ce4c3e,BAC_1,A,S|E|A,0.522,5.73,5.19,6.27,1,0.556,0.99,0.451,0.757,1
b1114dc50e0642fd,BAC_1,G2,E|C|A,0.559,7.81,7.44,5.65,1,0.487,0.868,0.379,0.661,0
263837433ee04399,BAC_1,B,S|C|I,0.472,10.53,10.69,10.19,-1,0.488,0.618,0.496,0.554,0
8ea23e9fcfce4980,BAC_1,D,S|A|I,0.404,12.67,12.61,11.57,1,0.584,0.504,0.234,0.491,1
eb995540cff84074,BAC_1,D,I|R|C,0.559,8.37,8.19,8.76,1,0.468,0.427,0.367,0.433,1
20477637c793404f,BAC_1,A,S|E|A,0.492,12.17,11.28,9.78,1,0.527,0.533,0.41,0.513,1
a11d34eb18544ec4,BAC_1,D,S|E|I,0.585,10.71,10.55,8.93,1,0.895,0.603,0.395,0.674,0
514d5d424f1e47f0,BAC_1,A,E|C|A,0.517,8.92,7.73,8.05,1,0.309,0.72,0.331,0.518,0
7b6c7e1ceb5b4776,BAC_1,A,C|I|S,0.6,8.71,8.01,7.67,1,0.614,0.99,0.649,0.807,0
62dca418b0644087,BAC_1,D,I|C|S,0.533,11.86,11.41,12.09,1,0.496,0.222,0.476,0.356,0
5588b51a725a4119,BAC_1,D,I|R|E,0.593,10.24,8.93,10.49,1,0.463,0.649,0.763,0.601,0
72bc031a5c744794,BAC_1,A,A|S|C,0.516,10.24,9.5,8.7,1,0.644,0.815,0.69,0.736,0
7f4ca4c210e54bf1,BAC_1,A,A|I|S,0.415,9.84,9.2,8.89,1,0.468,0.422,0.52,0.453,0
c1fdac5e87874ada,BAC_1,D,C|E|S,0.578,13.93,14.6,15.15,-1,0.725,0.631,0.629,0.664,0
de0531147f9842fb,BAC_1,D,S|R|E,0.594,11.3,12.13,13.75,-1,0.641,0.849,0.657,0.747,1
1ec8343fb76246b4,BAC_1,D,S|I|E,0.583,11.18,11.04,10.76,1,0.465,0.623,0.386,0.532,0
1e2b1c8767c5449f,BAC_1,D,I|C|R,0.484,10.61,10.78,10.02,-1,0.639,0.378,0.949,0.555,0
3e6fcf666c764000,BAC_1,D,I|C|R,0.43,11.93,11.96,11.56,-1,0.243,0.898,0.553,0.617,0
3642e4a830e84b9e,BAC_1,D,C|S|E,0.594,10.07,8.47,8.74,1,0.462,0.783,0.731,0.663,1
d3e684b1eac3422a,BAC_1,C,C|S|E,0.531,12.61,12.18,10.06,1,0.653,0.781,0.437,0.685,0
057ce3b6cceb46c9,BAC_1,G3,E|C|I,0.589,9.91,8.73,8.2,1,0.789,0.457,0.663,0.604,1
73073f836c34444a,BAC_1,D,C|E|A,0.54,11.34,11.19,10.49,1,0.414,0.612,0.611,0.542,0
d3991c78843a4936,BAC_1,A,S|C|E,0.567,8.55,10.07,7.09,-1,0.499,0.421,0.26,0.424,1
5e2ef3b01dbd4b9b,BAC_1,A,S|A|I,0.482,10.39,9.7,9.65,1,0.532,0.955,0.494,0.738,1
cca9822fd2b94bd6,BAC_1,D,S|A|I,0.502,9.98,8.73,9.7,1,0.404,0.916,0.232,0.634,1
545f3efa0fcc4f77,BAC_1,A,A|E|I,0.494,12.78,11.49,12.16,1,0.833,0.99,0.584,0.874,1
82d6ef385aa040cd,BAC_1,A,S|E|I,0.536,11.73,12.18,12.86,-1,0.298,0.554,0.208,0.412,0
6796aeea20eb4269,BAC_1,D,R|I|C,0.567,13.09,12.91,13.87,1,0.452,0.559,0.328,0.487,0
cf796b10246d426b,BAC_1,D,E|S|A,0.524,8.9,9.85,9.57,-1,0.611,0.662,0.325,0.594,0
0754964b92024d58,BAC_1,A,A|C|S,0.562,12.14,10.94,12.22,1,0.698,0.829,0.58,0.746,0
23ace25e8bac4f84,BAC_1,A,A|S|C,0.499,12.28,11.3,11.26,1,0.577,0.845,0.561,0.709,0
8f82c0ed306c4e52,BAC_1,D,S|R|C,0.455,12.07,11.47,11.1,1,0.293,0.537,0.429,0.435,0
d6a8253fd06b4e9f,BAC_1,A,I|A|E,0.464,8.24,8.07,7.33,1,0.461,0.597,0.724,0.569,0
75309ba1a22346ab,BAC_1,A,A|S|E,0.546,9.82,9.28,9.31,1,0.467,0.293,0.419,0.373,0
275045d5230548dd,BAC_1,A,S|C|E,0.462,7.88,8.13,7.54,-1,0.519,0.217,0.502,0.365,0
633ebfffd07743fc,BAC_1,D,S|A|C,0.526,10.1,9.67,9.17,1,0.623,0.333,0.413,0.447,0
013ec52303754e39,BAC_1,D,C|S|R,0.558,14.05,13.13,12.23,1,0.537,0.823,0.402,0.66,0
e90da71bc6bd4156,BAC_1,A,I|A|S,0.484,13.86,13.22,13.17,1,0.553,0.959,0.566,0.758,1
8b29b70f02384c8d,BAC_1,G2,C|I|S,0.55,9.78,9.99,7.73,-1,0.731,0.54,0.358,0.58,0
5db801a20c694571,BAC_1,D,R|I|E,0.692,8.44,8.6,7.4,-1,0.716,0.1,0.53,0.38,1
2fd60436507445a2,BAC_1,A,S|A|I,0.614,11.06,9.62,9.91,1,0.563,0.544,0.456,0.537,0
1cd9613a101f49b9,BAC_1,A,A|E|S,0.559,6.74,6.47,5.17,1,0.376,0.684,0.692,0.577,1
6d467042e40f42f8,BAC_1,D,S|C|A,0.452,8.25,7.21,9.1,1,0.546,0.813,0.489,0.671,0
799410b6506447ab,BAC_1,D,S|A|I,0.462,7.46,7.89,6.75,-1,0.706,0.816,0.502,0.731,1
29cb257c18404ae6,BAC_1,A,I|A|C,0.597,7.98,8.17,8.24,-1,0.743,0.374,0.513,0.524,0
29a9a217a3754a4d,BAC_1,D,E|A|I,0.536,9.37,9.58,8.6,-1,0.674,0.748,0.585,0.697,0
a9b5a7d39b464194,BAC_1,D,E|C|S,0.454,7.58,5.81,6.52,1,0.369,0.39,0.441,0.39,0
cc8727fa7b754ad4,BAC_1,D,C|I|E,0.65,8.68,6.91,8.06,1,0.882,0.626,0.634,0.717,1
50d67743ea60432b,BAC_1,A,A|I|E,0.579,10.0,8.8,8.91,1,0.582,0.627,0.752,0.63,0
275d56027e23491c,BAC_1,A,S|E|A,0.546,10.87,10.37,9.83,1,0.556,0.774,0.418,0.644,0
d92e82e595424351,BAC_1,A,S|A|C,0.427,11.89,11.11,10.36,1,0.499,0.966,0.318,0.706,1
81903b2ad3934ded,BAC_1,A,A|S|I,0.525,9.38,8.39,7.85,1,0.479,0.442,0.591,0.477,1
0e51f1b88d9e4ecd,BAC_1,A,E|C|A,0.59,9.83,9.33,9.09,1,0.532,0.646,0.66,0.608,1
e36d32b6a9ea461f,BAC_1,A,A|S|C,0.564,11.38,10.82,10.09,1,0.499,0.99,0.494,0.744,0
fcf36b6c4bcc455d,BAC_1,D,C|S|E,0.516,10.56,9.07,9.83,1,0.646,0.535,0.541,0.574,0
ca79371106034752,BAC_1,D,S|E|C,0.553,12.01,12.02,12.94,-1,0.49,0.99,0.75,0.779,1
2712447ebbf84dbf,BAC_1,D,S|A|I,0.538,8.22,8.38,7.82,-1,0.324,0.854,0.491,0.614,0
2042eda2a5ba47e3,BAC_1,D,E|C|I,0.5,12.05,13.12,11.91,-1,0.482,0.351,0.634,0.439,1
8da832f781164efa,BAC_1,A,I|R|A,0.443,9.11,9.2,8.8,-1,0.277,0.395,0.444,0.361,0
0f0383d55a204eb1,BAC_1,A,C|R|A,0.503,10.01,10.67,8.36,-1,0.688,0.99,0.657,0.834,0
f110c5a7a2eb41cb,BAC_1,A,C|E|I,0.523,11.42,10.48,12.35,1,0.563,0.872,0.761,0.747,1
be6070381dd24673,BAC_1,A,E|C|I,0.56,6.33,6.66,6.4,-1,0.494,0.625,0.331,0.535,0
ffda688bf55c4e3e,BAC_1,A,C|E|I,0.587,12.8,11.59,12.43,1,0.68,0.99,0.448,0.8,1
e4983ff7117a4b43,BAC_1,D,E|A|S,0.43,7.94,8.44,6.71,-1,0.39,0.754,0.718,0.621,1
85c4c1fb283f4a64,BAC_1,A,S|I|E,0.512,11.44,11.37,9.99,1,0.396,0.461,0.344,0.421,1
9b37d087b7214717,BAC_1,A,C|S|A,0.61,11.42,11.15,12.54,1,0.576,0.566,0.646,0.582,1
2eee53c068c54f6d,BAC_1,D,R|E|A,0.579,9.25,8.26,8.18,1,0.727,0.927,0.233,0.753,0
69b7dadce1224e31,BAC_1,A,S|C|R,0.446,9.9,9.53,7.74,1,0.566,0.99,0.99,0.842,1
4cb72aef62ad48df,BAC_1,D,E|C|I,0.466,12.98,12.52,12.14,1,0.437,0.392,0.633,0.444,1
edb10ddec4f24ce0,BAC_1,D,S|R|I,0.417,10.04,10.56,9.59,-1,0.421,0.272,0.392,0.342,1
ef470e4e1975451c,BAC_1,D,A|I|C,0.471,13.69,13.91,13.89,-1,0.439,0.388,0.579,0.434,0
b47d30f6b6874dcf,BAC_1,A,A|C|E,0.463,11.61,9.79,12.01,1,0.581,0.472,0.737,0.55,0
22e811d803284925,BAC_1,D,R|C|E,0.513,11.65,12.67,12.23,-1,0.464,0.393,0.297,0.404,0
4310d30482284631,BAC_1,A,E|A|S,0.352,10.58,10.24,10.22,1,0.279,0.949,0.265,0.612,1
5eb7ab12ab984187,BAC_1,A,E|C|I,0.567,10.54,9.82,7.34,1,0.496,0.249,0.624,0.392,0
31368003ae5d4371,BAC_1,A,S|C|A,0.482,11.39,11.77,9.78,-1,0.51,0.645,0.458,0.57,1
9f0ac75eecab4e84,BAC_1,D,A|I|R,0.519,7.21,6.75,5.48,1,0.589,0.95,0.538,0.762,1
569ef1ac8bc74923,BAC_1,F3,R|I|E,0.63,10.23,9.0,9.59,1,0.586,0.72,0.41,0.627,0
1eafc64dc8954336,BAC_1,D,S|E|I,0.572,13.0,11.71,12.85,1,0.618,0.949,0.397,0.75,1
d223112f73644881,BAC_1,A,I|E|C,0.508,7.81,6.75,6.79,1,0.574,0.533,0.791,0.586,0
0e12768f035148a1,BAC_1,D,C|E|A,0.569,9.81,8.58,8.62,1,0.383,0.811,0.961,0.684,0
1d9f057a1b8d41a7,BAC_1,D,S|C|I,0.497,10.25,10.11,10.16,1,0.596,0.908,0.732,0.773,1
9c07c3f1b09f467f,BAC_1,D,E|R|A,0.516,10.81,10.81,10.13,-1,0.592,0.69,0.376,0.608,0
31cd1821296a4ee4,BAC_1,A,S|E|I,0.611,13.13,12.97,13.04,1,0.74,0.719,0.536,0.699,1
fa43c991ba774a62,BAC_1,D,I|S|E,0.524,12.5,12.74,12.22,-1,0.548,0.686,0.936,0.675,1
1fac62399ed847af,BAC_1,A,S|E|A,0.615,10.01,9.76,7.83,1,0.584,0.807,0.295,0.652,1
fb4376665a264b0c,BAC_1,D,I|C|A,0.453,9.8,9.8,8.03,-1,0.217,0.834,0.345,0.544,1
9cf1de95dfc64e8e,BAC_1,D,S|R|C,0.579,10.93,10.46,10.64,1,0.596,0.449,0.324,0.482,0
a14d7b58abdb45d2,BAC_1,G2,S|C|R,0.472,9.69,10.59,10.37,-1,0.562,0.714,0.53,0.633,0
f1dc7c9b796f4854,BAC_1,D,I|S|C,0.604,10.45,10.61,9.6,-1,0.785,0.517,0.739,0.644,0
7ee610d41a4f4659,BAC_1,A,A|C|E,0.595,11.09,11.18,10.89,-1,0.749,0.482,0.631,0.598,0
e651818bfef448e7,BAC_1,A,A|S|I,0.513,9.3,8.6,7.89,1,0.421,0.708,0.622,0.595,0
d9f120f02fbb4a38,BAC_1,D,I|E|C,0.484,11.03,9.41,11.32,1,0.502,0.99,0.518,0.748,1
29be0eabcd9c4f4b,BAC_1,D,C|E|I,0.472,14.68,13.92,12.68,1,0.443,0.496,0.1,0.418,0
f03bf30166bb4856,BAC_1,G2,C|S|I,0.534,10.08,9.12,7.66,1,0.418,0.418,0.434,0.421,0
08abd66ac21d4ca4,BAC_1,D,R|C|E,0.471,10.42,9.59,9.6,1,0.631,0.569,0.463,0.575,0
2bd7431c527c4c06,BAC_1,A,C|S|E,0.575,9.5,8.13,9.1,1,0.563,0.744,0.877,0.701,1
6608372be0c54222,BAC_1,G1,I|C|E,0.484,8.47,8.38,7.92,1,0.427,0.798,0.665,0.648,0
35ab43499899442d,BAC_1,A,A|C|I,0.472,11.95,10.75,10.97,1,0.271,0.99,0.596,0.679,1
b3c7705dce9f425b,BAC_1,D,R|I|C,0.509,8.75,9.26,8.39,-1,0.507,0.366,0.435,0.426,1
1dd7f60871e8452b,BAC_1,A,A|S|I,0.49,8.18,7.64,7.01,1,0.6,0.321,0.424,0.434,0
7bbeaf7523ae4f0c,BAC_1,A,A|E|S,0.447,7.22,6.87,7.39,1,0.557,0.728,0.672,0.66,1
f1320e265fc44d1b,BAC_1,A,A|I|C,0.417,9.15,9.71,9.12,-1,0.403,0.731,0.368,0.562,0
ee937a2556e848ab,BAC_1,A,S|A|C,0.628,11.19,11.87,10.08,-1,0.539,0.606,0.753,0.605,0
e86dc98115af44be,BAC_1,A,A|I|C,0.61,11.99,11.95,10.48,1,0.786,0.888,0.577,0.805,1
abc83368acb64109,BAC_1,A,A|E|I,0.484,14.66,14.05,11.74,1,0.319,0.538,0.586,0.469,1
4192f3ad243b4be3,BAC_1,D,I|C|S,0.51,13.15,13.73,12.86,-1,0.599,0.99,0.522,0.783,1
caabd0a680784b18,BAC_1,A,S|A|I,0.544,11.64,11.55,9.57,1,0.577,0.585,0.567,0.58,1
ff7e4cb7230b4e70,BAC_1,D,S|C|I,0.498,14.51,14.36,13.33,1,0.434,0.249,0.68,0.378,0
d397e9ee750b4031,BAC_1,A,A|E|S,0.45,7.61,7.25,5.32,1,0.565,0.677,0.345,0.588,0
f7faa806948149b2,BAC_1,A,S|C|E,0.566,7.45,6.11,7.26,1,0.485,0.716,0.543,0.609,1
a385da6853014535,BAC_1,D,I|S|R,0.504,10.04,8.81,11.05,1,0.308,0.741,0.541,0.559,0
d63d005126044d2b,BAC_1,D,A|C|I,0.443,8.44,8.01,8.77,1,0.419,0.965,0.498,0.704,0
b26e570ab5804737,BAC_1,A,S|I|C,0.428,12.59,11.96,11.61,1,0.439,0.361,0.424,0.398,1
10e887994bfa49bf,BAC_1,A,A|I|S,0.527,9.12,8.46,9.24,1,0.622,0.483,0.43,0.523,1
8bb3aedf2ff042a3,BAC_1,A,A|C|S,0.53,8.95,9.01,8.62,-1,0.521,0.798,0.718,0.689,0
fdf0578f49cd4a75,BAC_1,D,R|C|I,0.581,8.82,8.58,9.45,1,0.528,0.385,0.535,0.457,0
3904f93fa0cf429b,BAC_1,A,A|C|I,0.457,10.47,10.31,8.62,1,0.575,0.804,0.684,0.706,1
9a448baa9d1d4879,BAC_1,B,A|I|S,0.424,8.66,7.93,6.96,1,0.533,0.603,0.511,0.565,0
39d8c5804c22494c,BAC_1,A,S|C|I,0.457,13.08,12.98,14.35,1,0.39,0.948,0.284,0.653,1
4eec53c506c44e3e,BAC_1,D,R|C|I,0.407,14.16,14.04,13.29,1,0.61,0.661,0.387,0.602,1
cc01182d1ac14ea2,BAC_1,D,I|R|A,0.432,10.0,9.63,10.15,1,0.533,0.609,0.774,0.607,1
780b1760207040af,BAC_1,A,A|I|E,0.498,9.14,9.36,8.72,-1,0.499,0.432,0.581,0.478,1
0e89ee6896d34e7b,BAC_1,C,A|S|I,0.508,9.0,8.29,7.96,1,0.667,0.812,0.639,0.736,0
79aac0ea96494328,BAC_1,B,I|C|E,0.583,8.18,7.49,7.55,1,0.502,0.892,0.281,0.664,0
a088691ac3dc46b6,BAC_1,D,C|S|E,0.556,8.72,7.92,8.65,1,0.56,0.728,0.281,0.602,1
aab630fc5b4346af,BAC_1,D,I|R|E,0.454,9.62,8.58,8.51,1,0.44,0.987,0.586,0.735,1
8fe6c93925444dbe,BAC_1,D,E|S|R,0.568,9.54,7.61,9.22,1,0.537,0.594,0.48,0.557,0
3def32cdd0104830,BAC_1,D,C|E|I,0.615,6.36,5.69,5.51,1,0.635,0.229,0.53,0.416,0
1ee342ea9e6b446f,BAC_1,A,A|S|I,0.403,12.07,12.1,10.64,-1,0.263,0.569,0.101,0.392,0
701277bdbb2041a5,BAC_1,D,C|I|S,0.595,14.47,14.56,13.45,-1,0.763,0.575,0.521,0.633,1
d8f9592f1a6e4142,BAC_1,A,S|A|C,0.526,13.88,14.34,14.63,-1,0.459,0.385,0.48,0.425,1
d98280324192447f,BAC_1,A,C|E|A,0.456,9.38,9.21,10.0,1,0.419,0.461,0.184,0.405,0
7ef3d6b12fa9422c,BAC_1,A,A|S|I,0.495,8.64,9.04,8.6,-1,0.289,0.864,0.264,0.573,0
1e58187ddd674b04,BAC_1,D,C|E|I,0.509,11.15,11.26,11.14,-1,0.627,0.99,0.439,0.78,0
13bb1cd171e2428f,BAC_1,A,S|I|E,0.454,12.11,11.19,12.3,1,0.451,0.591,0.3,0.498,0
5c130b94d7c34578,BAC_1,A,S|A|I,0.547,8.21,9.0,7.97,-1,0.634,0.897,0.409,0.732,1
c7dd681ce7794da2,BAC_1,D,A|I|C,0.636,13.53,13.46,13.03,1,0.543,0.42,0.423,0.463,0
9cefbde252b24237,BAC_1,A,A|S|R,0.479,11.88,11.59,10.52,1,0.501,0.79,0.477,0.642,1
30b428578de444da,BAC_1,A,I|A|E,0.43,5.85,6.36,5.43,-1,0.441,0.842,0.36,0.629,0
0ac5f025153d4abd,BAC_1,C,C|E|I,0.53,7.5,6.59,8.09,1,0.702,0.923,0.751,0.82,0
6d3fff266df24815,BAC_1,A,S|A|I,0.51,5.53,5.8,4.63,-1,0.522,0.732,0.686,0.652,0
d7218ff6b5404c3b,BAC_1,A,A|E|S,0.461,8.49,9.96,7.5,-1,0.582,0.608,0.513,0.585,0
c883a9f793004df9,BAC_1,D,C|I|A,0.501,9.32,8.33,8.55,1,0.391,0.828,0.479,0.623,1
8414c5b1ae914842,BAC_1,A,S|A|E,0.493,10.0,9.76,9.49,1,0.59,0.99,0.611,0.793,0
0a251d0bc1134a48,BAC_1,D,S|A|I,0.445,12.84,12.88,11.92,-1,0.537,0.369,0.426,0.436,0
038e1d285dff4953,BAC_1,A,S|I|C,0.645,10.77,10.18,11.17,1,0.607,0.736,0.483,0.653,1
04a5e2a4ca124c5e,BAC_1,A,A|S|C,0.525,10.44,9.1,10.87,1,0.581,0.741,0.1,0.589,1
3f7c0a4bb3a94e29,BAC_1,A,E|R|A,0.519,11.7,10.21,11.03,1,0.394,0.624,0.438,0.515,1
fe1873c2ae214616,BAC_1,A,A|C|S,0.475,11.08,11.41,10.34,-1,0.38,0.549,0.541,0.488,0
40fd386f9c8d48b3,BAC_1,A,S|A|E,0.498,11.26,11.98,10.49,-1,0.421,0.706,0.591,0.589,0
7a0cad34e1414158,BAC_1,G2,C|E|A,0.631,9.68,10.13,9.96,-1,0.451,0.837,0.489,0.65,0
86cf7e1d5cae46ac,BAC_1,D,S|I|A,0.56,11.47,11.18,11.51,1,0.569,0.646,0.595,0.612,0
7479dec25a7b4e8a,BAC_1,D,C|S|E,0.48,8.41,7.93,7.97,1,0.337,0.961,0.547,0.68,0
2517cf1e226245a0,BAC_1,D,E|A|C,0.494,5.95,5.24,4.73,1,0.534,0.87,0.696,0.726,1
8f544b986a76466c,BAC_1,A,A|S|I,0.578,12.53,12.67,11.86,-1,0.58,0.777,0.567,0.677,1
bab7f1a3da86482a,BAC_1,D,S|I|A,0.548,12.86,12.55,11.91,1,0.483,0.278,0.43,0.373,1
87fc2f0f9f924adf,BAC_1,A,I|C|E,0.464,9.58,7.17,8.87,1,0.497,0.808,0.704,0.684,1
ceea1f866a4c4e43,BAC_1,A,C|S|I,0.372,10.0,9.52,9.63,1,0.508,0.766,0.608,0.652,1
dc6dfb2a2b114ef9,BAC_1,A,C|S|A,0.482,12.54,12.74,11.23,-1,0.577,0.988,0.759,0.81,0
c384f0b24f734dad,BAC_1,D,E|A|S,0.584,10.67,9.69,9.92,1,0.619,0.1,0.444,0.333,0
d5d9db90e3ab42da,BAC_1,G1,S|I|C,0.503,9.9,9.0,9.68,1,0.637,0.605,0.56,0.609,1
523f2ca7b3fb410d,BAC_1,A,S|A|I,0.526,9.08,8.68,7.87,1,0.648,0.749,0.414,0.663,0
8352f9b661f9496c,BAC_1,D,I|S|E,0.479,12.99,12.93,13.21,1,0.525,0.769,0.84,0.694,1
abdb6e15550e4063,BAC_1,D,E|A|S,0.466,13.45,12.05,12.13,1,0.513,0.376,0.498,0.442,0
6a58c1aa208c4812,BAC_1,D,I|R|C,0.389,9.59,9.06,10.12,1,0.373,0.831,0.467,0.616,1
f637d8f6d96740cf,BAC_1,A,S|I|A,0.527,11.28,10.36,10.32,1,0.392,0.125,0.166,0.225,0
b6ed63e4b4d14ba6,BAC_1,A,A|S|I,0.463,14.49,13.58,14.26,1,0.358,0.99,0.428,0.684,1
88f4531c28c3452c,BAC_1,A,A|S|I,0.458,7.12,7.17,7.01,-1,0.449,0.402,0.369,0.414,0
b15c02b3f2f94265,BAC_1,A,A|E|C,0.536,9.25,9.78,7.8,-1,0.371,0.722,0.655,0.589,0
c9647d745de6486e,BAC_1,A,C|I|S,0.573,11.18,11.84,10.01,-1,0.655,0.448,0.35,0.506,1
9faa4d554ce74b05,BAC_1,D,E|C|I,0.54,12.0,11.12,10.92,1,0.549,0.332,0.522,0.437,1
0120d5ec2e094912,BAC_1,D,I|E|S,0.425,8.26,7.57,6.57,1,0.335,0.652,0.496,0.517,0
71bb5c0c91384ba4,BAC_1,D,I|C|R,0.442,10.96,10.95,11.35,1,0.569,0.883,0.405,0.701,0
069bef0d19414869,BAC_1,A,A|I|S,0.453,11.6,11.06,13.03,1,0.402,0.407,0.775,0.46,0
aeae4b1cae374342,BAC_1,D,I|C|E,0.578,9.31,8.65,8.32,1,0.739,0.559,0.282,0.581,0
df4c2dd8b3d449c9,BAC_1,A,S|C|A,0.558,7.49,7.01,7.43,1,0.583,0.973,0.546,0.772,0
6bb1e46d4b344902,BAC_1,D,R|C|I,0.509,9.6,10.42,10.13,-1,0.598,0.103,0.455,0.329,0
02de1ab132894eb1,BAC_1,D,I|S|A,0.542,10.32,10.43,8.62,-1,0.484,0.99,0.307,0.71,0
5f157155783e4980,BAC_1,D,S|I|A,0.489,9.79,9.74,9.81,1,0.613,0.99,0.462,0.779,1
a241d69936cd4a64,BAC_1,D,I|C|R,0.429,10.78,10.72,8.73,1,0.482,0.88,0.519,0.687,0
cf52b2b64f314e0e,BAC_1,D,R|C|E,0.552,13.02,13.36,11.6,-1,0.61,0.333,0.283,0.422,0
5d608826028745c3,BAC_1,C,R|S|E,0.46,8.68,9.2,7.16,-1,0.481,0.907,0.622,0.715,1
84d4e314a3684a16,BAC_1,D,R|E|S,0.532,9.83,10.04,10.91,-1,0.487,0.872,0.651,0.704,0
fab2dc8b9f1d4dc0,BAC_1,A,A|E|C,0.495,11.75,11.17,11.38,1,0.524,0.56,0.419,0.527,0
151138a247ce4311,BAC_1,A,A|S|E,0.474,9.44,9.83,9.54,-1,0.295,0.536,0.564,0.456,0
1c8e4fccc16c4ebb,BAC_1,D,C|E|I,0.609,6.0,6.26,5.7,-1,0.679,0.689,0.307,0.628,0
611fd9452e554f33,BAC_1,G3,E|C|I,0.475,9.53,9.41,9.53,1,0.418,0.379,0.471,0.407,1
0683e026dd0e4910,BAC_1,F4,E|C|R,0.46,9.58,9.47,8.87,1,0.272,0.86,0.415,0.588,0
5f05f2e554324c29,BAC_1,G3,S|I|E,0.553,11.72,11.45,11.33,1,0.655,0.701,0.3,0.625,0
e58291cdd204465b,BAC_1,A,E|A|C,0.579,8.46,9.15,7.67,-1,0.741,0.237,0.734,0.488,0
be59d705cf5540cf,BAC_1,A,E|S|I,0.463,11.84,11.2,11.17,1,0.429,0.611,0.383,0.513,0
02fc8087676f492f,BAC_1,D,E|C|I,0.528,12.85,11.07,11.77,1,0.438,0.955,0.699,0.736,1
75b07fec185945a3,BAC_1,A,S|E|A,0.494,10.1,10.34,10.6,-1,0.42,0.792,0.164,0.568,1
846bfed3c691422e,BAC_1,D,S|I|E,0.49,12.08,12.38,9.71,-1,0.54,0.919,0.439,0.714,0
66a2d3ddeef342c2,BAC_1,A,S|A|E,0.419,13.81,13.77,14.38,1,0.344,0.449,0.246,0.382,1
8cf836dc3dea4ba7,BAC_1,D,E|R|C,0.541,10.37,9.77,11.28,1,0.685,0.326,0.99,0.552,0
da978b2fb2234527,BAC_1,D,I|R|E,0.498,12.37,12.76,11.16,-1,0.419,0.418,0.1,0.371,0
71e18d1622e74b0d,BAC_1,D,I|R|C,0.526,8.54,7.5,9.06,1,0.648,0.982,0.686,0.821,1
02a94bc28ce84799,BAC_1,D,I|R|E,0.582,9.94,9.48,9.13,1,0.614,0.579,0.625,0.598,0
50e42c9551bd4e09,BAC_1,A,C|I|E,0.604,9.35,9.78,8.76,-1,0.517,0.461,0.328,0.46,0
4e914fec4e344a9c,BAC_1,F4,R|E|C,0.562,10.36,9.34,10.36,1,0.492,0.846,0.267,0.635,1
5050021e1bb14a77,BAC_1,A,A|I|E,0.397,12.26,12.46,12.36,-1,0.378,0.321,0.483,0.365,1
fda47c14b7cb490e,BAC_1,A,A|S|E,0.447,8.63,8.44,8.15,1,0.333,0.897,0.261,0.604,1
0c07a3e0d75e47cd,BAC_1,D,R|C|I,0.418,13.67,14.28,12.9,-1,0.562,0.587,0.594,0.58,1
7ebe84b0e4774bf1,BAC_1,A,C|E|I,0.528,8.44,8.11,6.15,1,0.443,0.316,0.224,0.346,0
5ad6e9419fd84f9c,BAC_1,D,S|I|A,0.595,6.69,7.09,6.12,-1,0.494,0.512,0.578,0.516,0
aee702f01a0544b3,BAC_1,A,A|S|C,0.463,12.73,11.83,11.84,1,0.491,0.583,0.263,0.503,0
33ac9e04bc994290,BAC_1,A,E|A|C,0.633,10.22,8.48,9.43,1,0.722,0.367,0.397,0.496,0
bfa772f880b74d5a,BAC_1,D,S|I|C,0.512,8.38,7.49,6.21,1,0.617,0.728,0.378,0.636,1
850444b91a8244be,BAC_1,A,S|I|A,0.483,8.63,8.57,7.84,1,0.551,0.288,0.451,0.404,0
f365e3d13e34483e,BAC_1,D,I|R|C,0.651,7.87,7.27,7.47,1,0.627,0.343,0.56,0.475,0
5d7597c06cc14504,BAC_1,D,S|A|E,0.527,9.75,10.24,9.95,-1,0.507,0.579,0.269,0.507,0
f25c96e7c25b49cb,BAC_1,A,S|R|A,0.534,10.74,9.9,9.62,1,0.547,0.467,0.429,0.489,0
206d073d73f04eb7,BAC_1,A,I|S|A,0.617,11.76,10.61,11.45,1,0.57,0.921,0.524,0.739,0
c927c0e65a574609,BAC_1,A,A|S|E,0.55,9.54,8.55,9.66,1,0.466,0.487,0.457,0.475,0
fa1abf6137254618,BAC_1,A,A|C|S,0.422,11.56,10.78,11.33,1,0.478,0.47,0.483,0.475,1
1779358d5f554551,BAC_1,A,S|A|C,0.562,12.23,11.26,9.28,1,0.649,0.924,0.439,0.755,1
0cf278337d0948e4,BAC_1,A,S|I|A,0.577,7.17,6.46,6.27,1,0.585,0.89,0.295,0.694,0
160de0558c094e4d,BAC_1,D,S|E|I,0.618,9.96,10.76,9.41,-1,0.653,0.776,0.152,0.64,0
5557b7a330974154,BAC_1,D,S|I|C,0.533,10.06,8.94,8.92,1,0.602,0.307,0.603,0.455,0
80e1663cd8cd4cd5,BAC_1,D,C|R|E,0.544,9.61,9.87,9.19,-1,0.494,0.512,0.358,0.483,1
965bcbfb45be4994,BAC_1,G2,S|I|C,0.577,6.03,5.27,3.7,1,0.471,0.685,0.182,0.535,0
c364d207d0934760,BAC_1,D,R|I|C,0.51,9.91,9.38,9.67,1,0.459,0.99,0.404,0.716,1
3a0d3d1abe634401,BAC_1,D,S|I|C,0.526,9.39,8.38,8.37,1,0.515,0.84,0.106,0.616,1
ebc165aa66494f1f,BAC_1,D,E|I|R,0.54,10.7,10.29,10.69,1,0.569,0.666,0.234,0.567,0
5f45111e272e47f8,BAC_1,A,S|A|C,0.598,11.09,11.86,10.06,-1,0.457,0.99,0.698,0.759,0
acd2ff2a283d46e8,BAC_1,D,I|R|S,0.718,14.73,13.95,14.28,1,0.759,0.395,0.419,0.526,0
ebcb9126c3a24109,BAC_1,A,A|I|S,0.491,12.35,11.78,11.09,1,0.648,0.786,0.633,0.715,0
68702ee3ecf04a27,BAC_1,D,C|E|R,0.452,10.89,9.89,8.76,1,0.408,0.593,0.488,0.513,0
aa80a08b01524485,BAC_1,A,A|S|I,0.59,11.89,12.3,10.86,-1,0.61,0.635,0.128,0.55,0
4f34a3acd034487b,BAC_1,A,C|A|S,0.41,11.57,12.36,9.85,-1,0.592,0.97,0.607,0.783,1
208dc2941b0547f7,BAC_1,A,R|A|S,0.564,13.37,13.12,12.99,1,0.701,0.859,0.461,0.744,1
632bd774b3574506,BAC_1,G2,E|C|S,0.438,12.6,12.24,12.19,1,0.431,0.644,0.727,0.582,0
0cfe8d67fde449f0,BAC_1,G2,S|C|I,0.652,12.17,11.76,9.88,1,0.625,0.695,0.353,0.619,0
fe75c1dae00149f6,BAC_1,A,S|A|I,0.387,7.89,7.5,8.43,1,0.287,0.316,0.7,0.364,0
a19e5b2ea3bc40cb,BAC_1,A,I|C|S,0.514,13.76,13.88,12.59,-1,0.411,0.742,0.626,0.609,1
c2e6fc9305bf4d31,BAC_1,D,C|E|S,0.428,13.01,12.8,12.21,1,0.423,0.496,0.597,0.486,1
174ccc8b30064736,BAC_1,A,R|E|A,0.551,10.78,11.45,10.58,-1,0.47,0.682,0.59,0.594,1
6105e979112647ae,BAC_1,D,C|I|S,0.569,14.28,14.38,11.53,-1,0.768,0.397,0.315,0.515,0
a1556160a5c74cbb,BAC_1,A,I|E|C,0.629,9.98,9.12,9.01,1,0.697,0.317,0.676,0.504,0
776d138c31654ada,BAC_1,A,E|I|C,0.535,8.96,8.92,9.81,1,0.517,0.99,0.498,0.751,0
cfe7873822ee43a7,BAC_1,A,C|E|I,0.376,10.05,9.99,10.11,1,0.39,0.904,0.389,0.647,1
5f1b82a10ee543ed,BAC_1,D,S|I|E,0.472,8.52,7.95,7.42,1,0.419,0.67,0.865,0.611,1
9238763258794014,BAC_1,A,A|I|E,0.441,8.91,9.37,7.91,-1,0.563,0.557,0.691,0.579,0
76281e41345f4470,BAC_1,F4,R|E|I,0.524,5.92,6.09,5.85,-1,0.68,0.66,0.42,0.631,1
65374037ab184582,BAC_1,A,C|A|E,0.718,9.55,8.32,9.56,1,0.672,0.834,0.423,0.715,1
aedb684d1bde4d9d,BAC_1,A,A|I|R,0.549,10.07,8.65,9.58,1,0.543,0.51,0.812,0.567,0
97f38dcbec2b4588,BAC_1,A,E|C|S,0.473,12.56,12.58,11.64,-1,0.592,0.919,0.609,0.758,1
b5dc13c1103e4557,BAC_1,D,I|S|C,0.547,8.64,8.27,9.25,1,0.465,0.759,0.52,0.62,0
74b5ecfcef764d19,BAC_1,A,A|S|E,0.466,13.57,13.62,13.35,-1,0.479,0.768,0.202,0.582,1
061efbab46c4406d,BAC_1,A,A|S|E,0.487,10.18,9.8,10.1,1,0.462,0.799,0.516,0.638,1
5465922863c5499c,BAC_1,A,C|E|A,0.545,11.35,9.81,9.98,1,0.631,0.313,0.599,0.467,0
97b89611d78c4c3a,BAC_1,D,S|A|C,0.495,9.26,8.48,10.17,1,0.663,0.257,0.489,0.434,0
6376ec91f7b14af9,BAC_1,D,S|E|C,0.527,5.68,5.06,4.73,1,0.583,0.572,0.59,0.578,1
7f36d9ac5dbb4ee2,BAC_1,A,S|I|A,0.448,10.82,9.92,8.38,1,0.292,0.97,0.546,0.669,0
1086f72c82eb4409,BAC_1,A,I|S|A,0.519,8.9,8.15,9.1,1,0.525,0.928,0.543,0.73,1
d6956f4ee9bb464a,BAC_1,D,I|C|R,0.637,9.46,8.95,9.68,1,0.581,0.404,0.666,0.505,0
0d603a65aeb6404a,BAC_1,A,S|C|E,0.501,13.69,12.83,12.57,1,0.682,0.59,0.627,0.628,1
9531b06debd742c9,BAC_1,D,A|I|C,0.456,9.61,9.25,9.87,1,0.463,0.652,0.512,0.565,0
3d4fca56a0c94726,BAC_1,D,S|A|C,0.553,8.61,7.85,8.63,1,0.456,0.412,0.368,0.421,1
037c8b90ece744bd,BAC_1,A,S|I|E,0.367,14.69,13.3,14.48,1,0.254,0.99,0.349,0.636,1
21bda36310624249,BAC_1,D,I|R|C,0.464,9.3,8.95,8.78,1,0.41,0.6,0.502,0.519,0
0e912d07d9cb4adc,BAC_1,A,E|I|C,0.587,6.35,5.63,6.26,1,0.557,0.694,0.127,0.561,0
3fed57567d084cf8,BAC_1,A,A|I|E,0.537,11.65,11.21,11.0,1,0.485,0.653,0.623,0.59,0
c4bdcd31f3f54d57,BAC_1,A,C|A|E,0.555,9.44,8.04,8.95,1,0.648,0.858,0.503,0.731,0
426a77ac02f74d77,BAC_1,A,A|S|E,0.556,8.61,8.17,8.51,1,0.856,0.895,0.17,0.772,0
75842851ca7b4d5c,BAC_1,G2,C|E|I,0.536,9.97,9.72,9.59,1,0.445,0.691,0.711,0.608,1
4e9e1adb46924ad0,BAC_1,D,E|A|C,0.564,10.57,9.33,10.01,1,0.554,0.667,0.434,0.593,0
f5904f1e3b444674,BAC_1,F3,R|S|I,0.524,7.43,7.06,6.08,1,0.5,0.804,0.606,0.668,0
7b5662c84bd344a4,BAC_1,D,C|I|S,0.389,9.13,9.64,8.09,-1,0.404,0.54,0.406,0.472,0
8d37f1a57a9a4509,BAC_1,A,E|C|A,0.534,11.31,12.1,9.59,-1,0.521,0.877,0.621,0.714,1
004303a35e7d4464,BAC_1,A,E|I|S,0.476,13.0,11.8,12.9,1,0.573,0.83,0.7,0.721,1
63e3924e7344403a,BAC_1,D,S|A|I,0.419,10.53,9.72,10.03,1,0.526,0.658,0.435,0.578,0
3a4eb0770ffb45e6,BAC_1,A,S|A|E,0.466,10.88,10.45,9.54,1,0.426,0.763,0.715,0.638,1
7259b055fc45496b,BAC_1,A,I|C|S,0.431,10.79,10.53,10.51,1,0.446,0.827,0.61,0.661,1
eec7e0caf81e46a3,BAC_1,G3,S|E|I,0.485,13.6,13.62,12.62,-1,0.435,0.819,0.293,0.606,0
c0fe0cff0be7431c,BAC_1,D,C|E|A,0.588,10.17,9.41,10.58,1,0.62,0.382,0.363,0.463,0
c92464428f884122,BAC_1,A,S|R|I,0.54,11.76,13.22,12.16,-1,0.579,0.181,0.321,0.341,1
8b35edbceb0a418f,BAC_1,D,S|I|A,0.528,16.34,16.2,16.06,1,0.576,0.399,0.255,0.439,0
e6501386964e4797,BAC_1,D,S|A|C,0.408,11.11,12.23,10.12,-1,0.25,0.864,0.244,0.556,1
675397db1e374f29,BAC_1,C,C|I|E,0.528,12.38,13.22,10.28,-1,0.574,0.985,0.624,0.787,1
08e5a68c88f14fc9,BAC_1,A,S|R|I,0.462,10.47,10.29,9.75,1,0.6,0.532,0.46,0.545,0
0d29094cabe54600,BAC_1,A,E|C|S,0.601,10.29,9.34,9.4,1,0.482,0.362,0.866,0.479,0
1e82cdfca59944bd,BAC_1,A,S|A|E,0.488,9.38,8.82,10.2,1,0.528,0.437,0.82,0.526,1
4663b046e1e54930,BAC_1,A,A|I|E,0.597,6.88,6.46,5.53,1,0.689,0.375,0.643,0.525,0
4b51e74b772c4d3b,BAC_1,A,S|C|A,0.458,10.83,10.33,11.34,1,0.423,0.981,0.74,0.75,0
42f87b1bde0644ff,BAC_1,A,A|I|E,0.571,12.01,12.0,12.66,1,0.643,0.342,0.212,0.428,0
7135cd6d782e4f08,BAC_1,A,A|R|S,0.424,8.59,7.95,7.42,1,0.388,0.338,0.531,0.384,0
43c65ded422d48db,BAC_1,D,S|C|I,0.496,7.98,8.04,7.47,-1,0.394,0.846,0.583,0.648,1
bc1374acab85496f,BAC_1,A,S|I|E,0.428,12.77,12.02,12.09,1,0.383,0.694,0.494,0.555,0
ea31bad1d40b4274,BAC_1,D,C|E|I,0.581,8.6,8.34,9.84,1,0.585,0.393,0.506,0.477,1
bf1e69ff6a3a4ecc,BAC_1,D,I|C|R,0.606,11.72,11.8,11.63,-1,0.471,0.777,0.349,0.606,1
0f0b86dc11684f11,BAC_1,A,A|S|I,0.489,9.8,8.95,8.08,1,0.595,0.33,0.634,0.468,1
6199d83dc00344e8,BAC_1,D,I|E|R,0.47,10.59,9.23,10.09,1,0.525,0.544,0.361,0.51,0
48765c5fd49e4906,BAC_1,A,S|R|A,0.505,11.86,10.93,12.19,1,0.472,0.99,0.786,0.778,1
6d19bae3c1c84965,BAC_1,D,S|A|C,0.679,9.01,7.88,8.74,1,0.943,0.255,0.52,0.536,0
16f4004d6e814484,BAC_1,C,C|A|I,0.598,6.83,6.31,3.99,1,0.545,0.847,0.54,0.695,0
2a0f9928e58a42c1,BAC_1,D,R|I|S,0.535,13.22,13.76,12.15,-1,0.631,0.719,0.89,0.714,0
5bb864116ccd4ea8,BAC_1,A,C|E|A,0.549,11.39,11.34,10.47,1,0.673,0.967,0.68,0.821,0
0c08d0e88e0148ef,BAC_1,D,I|R|C,0.584,7.63,7.8,7.51,-1,0.699,0.257,0.576,0.46,0
4d103d5f19de44f3,BAC_1,A,A|S|C,0.451,11.39,11.94,10.26,-1,0.307,0.99,0.294,0.646,0
251ffb87fda24f1d,BAC_1,D,S|C|A,0.531,11.27,10.94,9.19,1,0.559,0.507,0.576,0.535,0
8c539cccac014a8e,BAC_1,D,A|C|I,0.499,11.43,11.84,10.23,-1,0.415,0.627,0.466,0.529,1
edf0ab36ac3746a4,BAC_1,A,A|S|C,0.411,12.12,10.88,10.98,1,0.265,0.61,0.486,0.471,0
7823f7cc85e0401a,BAC_1,D,E|C|A,0.491,13.33,12.51,12.09,1,0.622,0.507,0.582,0.558,0
81b2f881954646e8,BAC_1,A,C|I|A,0.382,11.09,10.99,10.67,1,0.347,0.912,0.564,0.662,0
851630d162504506,BAC_1,D,R|E|C,0.422,12.3,11.04,12.05,1,0.517,0.515,0.385,0.496,1
2f922a78871b4970,BAC_1,D,A|S|C,0.513,10.29,11.05,8.42,-1,0.481,0.229,0.748,0.395,0
80c015f24f294050,BAC_1,A,A|E|C,0.415,10.07,8.62,8.72,1,0.502,0.502,0.361,0.481,0
2f9cc81020934b5c,BAC_1,A,S|C|A,0.499,11.81,11.94,10.93,-1,0.62,0.698,0.433,0.631,0
7c30457b16584d87,BAC_1,A,S|A|C,0.54,13.16,12.61,11.37,1,0.587,0.41,0.423,0.474,0
cce5bf6bbc2645b4,BAC_1,A,A|S|C,0.554,11.94,12.95,11.25,-1,0.441,0.99,0.883,0.782,0
e6f6d7f01faf4715,BAC_1,A,A|E|I,0.458,10.01,9.17,10.41,1,0.427,0.443,0.1,0.386,1
e5e56e5568fb4bc0,BAC_1,A,C|E|A,0.493,10.82,10.5,11.71,1,0.413,0.443,0.528,0.445,0
7c18f0680d4f4cea,BAC_1,A,S|A|C,0.476,11.29,11.51,10.01,-1,0.35,0.62,0.573,0.518,1
d8c714e5270d47b5,BAC_1,A,C|A|I,0.446,13.1,13.54,11.24,-1,0.44,0.904,0.597,0.695,1
78d74d0f4b174c0e,BAC_1,A,S|I|A,0.419,9.96,9.92,10.37,1,0.412,0.394,0.358,0.395,1
4e4da464f4884c70,BAC_1,A,S|I|C,0.569,7.76,7.39,8.74,1,0.564,0.436,0.72,0.523,0
f5c09e11dd9e44de,BAC_1,G3,E|A|R,0.504,8.35,7.93,7.35,1,0.596,0.362,0.639,0.485,0
b460654c976e44e6,BAC_1,D,C|E|I,0.477,9.8,9.2,8.97,1,0.478,0.469,0.586,0.49,1
68570e60deef438d,BAC_1,G3,S|C|E,0.639,13.87,12.73,14.08,1,0.586,0.409,0.276,0.451,1
20b5238d3c28470a,BAC_1,A,E|A|C,0.536,12.52,11.59,12.44,1,0.561,0.922,0.523,0.736,1
ff577c4a64634b53,BAC_1,A,I|R|C,0.455,11.2,10.42,10.3,1,0.44,0.99,0.515,0.726,0
5141dbd473564532,BAC_1,D,A|S|C,0.539,6.96,6.89,4.85,1,0.534,0.1,0.878,0.369,0
56d15660d0a44e7d,BAC_1,D,I|R|C,0.485,10.55,10.35,9.23,1,0.436,0.199,0.461,0.322,0
9d70312f32d24ea8,BAC_1,A,A|I|S,0.454,13.03,13.67,11.79,-1,0.497,0.604,0.299,0.521,0
a0bd653d83944620,BAC_1,A,A|E|I,0.473,10.96,11.16,9.19,-1,0.299,0.644,0.453,0.495,0
35fb16fefd224ba5,BAC_1,A,C|A|I,0.554,9.66,9.9,9.68,-1,0.433,0.23,0.466,0.337,1
1165b44006e54a30,BAC_1,A,A|I|C,0.469,9.82,8.58,8.58,1,0.514,0.492,0.503,0.501,0
c6dd409a62e04055,BAC_1,A,A|C|E,0.494,9.69,9.47,9.17,1,0.544,0.728,0.606,0.646,1
3b312b1d03fd4620,BAC_1,D,I|S|C,0.658,11.38,10.17,10.18,1,0.589,0.99,0.99,0.85,0
05f0a9d1ba4d42f2,BAC_1,A,I|A|C,0.44,7.43,6.93,7.33,1,0.631,0.945,0.344,0.745,0
c25042a33fbc40d0,BAC_1,A,A|C|I,0.53,12.4,13.86,12.21,-1,0.735,0.99,0.373,0.808,1
3e397784b59e4edc,BAC_1,D,A|E|S,0.516,9.59,10.54,8.59,-1,0.6,0.717,0.492,0.642,0
795239ac48a84162,BAC_1,A,E|A|I,0.512,8.0,7.73,7.19,1,0.595,0.463,0.333,0.49,0
ced0d72ce0df4745,BAC_1,D,E|C|S,0.42,6.9,7.33,5.13,-1,0.326,0.869,0.219,0.582,0
fc8fc81eebb047ec,BAC_1,A,C|I|E,0.53,12.59,12.62,12.38,-1,0.303,0.825,0.249,0.556,1
d03837123d3c40d3,BAC_1,A,A|R|S,0.367,12.88,12.51,12.45,1,0.347,0.903,0.698,0.677,1
fb2b9182371c49db,BAC_1,D,R|I|E,0.477,14.24,13.78,13.64,1,0.425,0.818,0.214,0.59,0
5a1e103c352d4666,BAC_1,A,C|E|I,0.481,10.54,11.8,9.58,-1,0.706,0.586,0.397,0.6,1
2062ecdf9eea4562,BAC_1,D,R|I|C,0.434,10.98,9.56,10.74,1,0.452,0.531,0.437,0.49,1
c443e27eec714c7f,BAC_1,A,E|I|S,0.527,10.55,10.55,8.89,-1,0.5,0.99,0.779,0.787,1
3fcf450dc97d44e1,BAC_1,D,S|A|C,0.523,12.42,12.7,11.79,-1,0.563,0.624,0.714,0.616,0
40c72010e7514332,BAC_1,D,I|R|E,0.536,10.4,9.9,10.21,1,0.433,0.579,0.306,0.487,0
0c717c1682ea45d3,BAC_1,A,S|I|A,0.471,7.42,7.13,6.84,1,0.463,0.596,0.491,0.534,1
e0fbf214035d40f6,BAC_1,D,C|I|E,0.54,10.39,10.2,10.31,1,0.581,0.742,0.73,0.684,0
3d784ad868954007,BAC_1,A,E|A|C,0.55,9.8,10.44,10.09,-1,0.414,0.899,0.37,0.65,0
15ce0c3b1c9b42ee,BAC_1,A,A|S|C,0.499,11.39,11.05,9.2,1,0.475,0.795,0.41,0.625,0
6e8a778afd1d41f8,BAC_1,A,R|I|A,0.552,10.56,10.27,10.92,1,0.541,0.99,0.895,0.819,1
4d0f4d3c5dc543ef,BAC_1,A,A|E|I,0.475,8.81,8.92,7.71,-1,0.421,0.722,0.85,0.636,1
08c07a1d87174b37,BAC_1,D,C|E|I,0.675,13.16,13.93,12.68,-1,0.642,0.51,0.646,0.577,0
c3f48974794046ac,BAC_1,A,S|E|I,0.507,11.76,11.67,10.71,1,0.482,0.821,0.4,0.639,1
84ca3cffeb974ee2,BAC_1,D,E|C|S,0.643,8.75,8.12,9.15,1,0.719,0.432,0.605,0.558,0
3b1e86e503cb426f,BAC_1,A,A|E|I,0.45,9.84,8.86,10.2,1,0.652,0.695,0.644,0.672,1
0fbcd8d4914e4b50,BAC_1,A,E|I|S,0.511,8.08,6.97,8.39,1,0.528,0.868,0.591,0.708,1
721005fac62d425d,BAC_1,D,E|C|S,0.476,9.0,8.89,7.8,1,0.53,0.607,0.316,0.536,0
aa8938bcfd2c4f3e,BAC_1,E,I|E|S,0.585,9.48,10.54,8.18,-1,0.67,0.99,0.235,0.765,0
9374e9ce31984eb1,BAC_1,T1,R|C|E,0.559,14.47,13.63,13.48,1,0.546,0.95,0.465,0.736,1
dd2cbbd9f4194046,BAC_1,A,A|C|S,0.514,11.73,11.36,10.6,1,0.522,0.468,0.471,0.487,0
25c25a7064b54b05,BAC_1,D,R|I|C,0.639,10.89,10.93,9.61,-1,0.5,0.224,0.709,0.393,1
4108a672a1584d90,BAC_1,D,I|R|C,0.469,11.26,11.32,10.32,-1,0.526,0.723,0.351,0.598,0
337eed9b3cc2409e,BAC_1,A,S|C|A,0.588,12.07,12.11,11.99,-1,0.683,0.914,0.716,0.804,1
05c85b7af283479c,BAC_1,A,A|S|I,0.537,9.31,7.83,7.68,1,0.65,0.353,0.414,0.466,0
c077910d24134a49,BAC_1,A,S|C|E,0.595,7.91,7.14,6.45,1,0.553,0.851,0.391,0.678,0
cd0be6bdf5554d86,BAC_1,D,I|C|E,0.56,11.51,11.09,10.76,1,0.456,0.765,0.565,0.627,0
78f981386c2d4b5c,BAC_1,B,S|E|A,0.48,8.73,7.55,7.69,1,0.606,0.473,0.671,0.549,0
e4a6ba3c10564ec2,BAC_1,D,E|I|C,0.552,9.68,10.03,10.64,-1,0.597,0.589,0.434,0.568,0
249d8be41a894476,BAC_1,A,S|R|A,0.474,11.08,10.73,10.14,1,0.419,0.425,0.548,0.442,0
cc85a87f2bb9459e,BAC_1,D,S|E|C,0.537,11.29,11.29,11.05,1,0.484,0.872,0.316,0.653,1
dffef1964358493f,BAC_1,F3,R|I|C,0.431,10.11,9.91,9.29,1,0.426,0.866,0.313,0.629,1
d29ea9a5e0014c10,BAC_1,D,S|A|E,0.509,11.36,11.24,10.18,1,0.598,0.294,0.456,0.425,1
3d8017e4811f4fc9,BAC_1,D,R|C|I,0.714,9.54,9.45,8.05,1,0.709,0.667,0.531,0.661,0
c589bcd88b92456b,BAC_1,A,E|C|I,0.563,11.3,11.4,10.74,-1,0.577,0.424,0.6,0.504,0
b07a30345a7b409b,BAC_1,D,E|R|C,0.576,11.04,10.96,11.36,1,0.573,0.439,0.402,0.48,0
55d229f16fee4f01,BAC_1,A,C|A|I,0.45,8.98,8.65,9.1,1,0.468,0.554,0.798,0.561,0
5eeb66330fd24e55,BAC_1,D,I|R|S,0.554,8.72,9.26,8.11,-1,0.675,0.1,0.361,0.341,0
ddf8e2fc1705428c,BAC_1,A,S|E|I,0.496,10.42,8.91,10.26,1,0.372,0.891,0.538,0.657,0
8d69e89baa3144a2,BAC_1,A,E|A|R,0.478,13.8,13.24,13.56,1,0.482,0.657,0.441,0.563,1
c9e38e8b2a474457,BAC_1,A,S|A|C,0.36,11.7,11.24,13.09,1,0.424,0.926,0.587,0.7,0
9cf5c380f08046da,BAC_1,D,E|C|S,0.642,11.84,11.82,12.0,1,0.654,0.751,0.512,0.681,0
fb441a00c52f4a10,BAC_1,D,A|S|I,0.381,9.96,8.53,9.16,1,0.365,0.711,0.222,0.516,1
de23740cb7ab4dee,BAC_1,A,S|A|E,0.471,10.01,10.25,9.05,-1,0.469,0.622,0.74,0.586,0
0553b7519906441a,BAC_1,A,C|S|E,0.536,16.9,16.93,15.62,-1,0.577,0.938,0.333,0.721,1
60323dd6de5c4a71,BAC_1,A,A|E|I,0.549,12.28,11.09,12.76,1,0.522,0.538,0.583,0.539,1
c5d35b2e0af54a25,BAC_1,G3,C|E|S,0.474,9.02,8.02,8.03,1,0.537,0.163,0.624,0.363,0
dd5bdc7554ef47c7,BAC_1,A,A|I|S,0.35,11.8,10.9,12.94,1,0.277,0.852,0.548,0.605,1
b0e64fc12f094e0d,BAC_1,A,S|E|C,0.491,10.78,11.19,10.8,-1,0.357,0.466,0.683,0.46,0
80f138a40add43f2,BAC_1,A,I|E|A,0.483,10.1,9.82,10.68,1,0.529,0.528,0.451,0.517,0
7061b17e171f4b21,BAC_1,D,I|S|R,0.478,9.29,9.82,8.26,-1,0.469,0.221,0.573,0.361,0
66b5ad6315eb46e0,BAC_1,D,S|C|I,0.437,12.09,12.34,10.66,-1,0.422,0.528,0.619,0.505,1
4c430d2507804507,BAC_1,D,S|C|I,0.504,12.66,12.21,12.93,1,0.544,0.77,0.314,0.622,1
3b92e181c7ce46ed,BAC_1,A,S|A|C,0.555,10.85,10.8,10.54,1,0.638,0.871,0.333,0.709,0
75dbbc839a394729,BAC_1,D,I|R|A,0.564,11.25,10.66,10.48,1,0.673,0.481,0.598,0.566,0
fbe5c0d0cbe74c99,BAC_1,A,S|C|A,0.532,8.35,7.88,8.67,1,0.508,0.539,0.595,0.537,0
ade0cd2949474b88,BAC_1,A,I|A|C,0.606,15.11,14.9,15.31,1,0.468,0.381,0.325,0.403,1
79c7624a91cb4405,BAC_1,G3,E|C|S,0.525,10.76,10.22,9.56,1,0.499,0.639,0.773,0.61,0
386e38af73c04f13,BAC_1,D,C|I|S,0.512,13.89,13.34,12.75,1,0.43,0.376,0.397,0.398,1
ee01bede2b0f4432,BAC_1,D,E|S|R,0.57,12.25,11.67,12.38,1,0.458,0.64,0.381,0.537,0
7555d8e763c64c71,BAC_1,D,I|S|R,0.578,14.11,13.14,14.81,1,0.578,0.79,0.505,0.673,0
9f430330ae454af3,BAC_1,D,E|A|I,0.577,10.88,10.4,8.66,1,0.655,0.99,0.289,0.768,0
4d3c8a53836b40d7,BAC_1,D,S|C|E,0.415,12.55,11.68,12.25,1,0.401,0.954,0.498,0.692,0
4f46c34f3416408e,BAC_1,A,C|A|I,0.606,10.78,10.88,10.57,-1,0.398,0.831,0.781,0.672,1
1cba75ca2d144386,BAC_1,A,A|S|C,0.459,9.09,9.09,8.84,-1,0.268,0.827,0.43,0.572,1
3776f522d3b340e4,BAC_1,A,A|I|C,0.569,8.7,8.3,8.33,1,0.686,0.576,0.58,0.615,0
12581d5737a8401b,BAC_1,D,C|I|S,0.63,13.45,13.22,11.86,1,0.717,0.158,0.491,0.404,1
5306ece54c3a4efa,BAC_1,A,C|E|S,0.557,10.55,10.79,10.97,-1,0.662,0.904,0.552,0.766,0
9e802152125e40ca,BAC_1,B,S|C|E,0.538,8.07,7.16,8.02,1,0.856,0.463,0.719,0.639,0
eb81bc612c404d46,BAC_1,A,A|I|S,0.542,11.08,9.69,11.44,1,0.525,0.858,0.25,0.65,0
e34db0c542024766,BAC_1,D,I|C|E,0.484,11.81,11.38,10.83,1,0.624,0.45,0.406,0.504,1
3595fd4cb2e240ad,BAC_1,A,S|I|E,0.368,9.29,9.1,7.11,1,0.232,0.431,0.696,0.401,1
768cbdb1feb549a0,BAC_1,A,A|I|C,0.513,11.01,10.88,10.02,1,0.458,0.409,0.226,0.399,1
8fea2cf455ea40d4,BAC_1,A,A|S|C,0.432,9.63,9.44,9.65,1,0.565,0.728,0.508,0.638,0
6d9947680d04425f,BAC_1,A,A|S|C,0.504,9.56,8.89,8.57,1,0.489,0.806,0.189,0.603,1
92a118db7a4b49d1,BAC_1,G2,C|E|I,0.593,9.23,8.63,9.19,1,0.477,0.496,0.471,0.486,1
48bafea9c91a43c0,BAC_1,D,S|E|I,0.599,10.26,8.67,9.13,1,0.704,0.728,0.277,0.652,0
860adedc4f52464f,BAC_1,D,S|A|E,0.527,13.09,13.07,13.13,1,0.625,0.99,0.715,0.821,1
995fd0f4603246c4,BAC_1,D,R|S|A,0.478,7.65,7.26,7.21,1,0.596,0.358,0.573,0.473,0
20c25f3bfa844ef9,BAC_1,A,E|I|S,0.536,12.31,11.92,11.72,1,0.462,0.752,0.657,0.636,1
1c555cdf0a644841,BAC_1,A,A|S|C,0.511,11.66,11.68,10.81,-1,0.518,0.72,0.487,0.614,1
c4bf6ecb69794c4a,BAC_1,A,I|S|C,0.471,13.54,12.13,13.45,1,0.366,0.99,0.575,0.71,1
363f1c3cf71c4b08,BAC_1,G2,C|E|I,0.44,9.88,9.58,10.49,1,0.519,0.798,0.262,0.62,0
5fc93a8820bc4df2,BAC_1,D,C|R|E,0.626,11.01,10.72,10.77,1,0.678,0.379,0.469,0.497,0
26203f19925f47f2,BAC_1,D,I|C|E,0.537,7.01,6.38,6.07,1,0.615,0.605,0.254,0.556,1
ba7403ca236b4c46,BAC_1,A,A|S|C,0.437,13.47,12.24,13.21,1,0.302,0.961,0.529,0.666,1
1845adb776c54804,BAC_1,A,A|I|S,0.508,8.72,8.08,8.18,1,0.508,0.664,0.43,0.574,0
ca337c6c0c04493b,BAC_1,F4,R|I|E,0.54,10.48,9.54,11.74,1,0.496,0.758,0.685,0.655,1
3355439a49d34722,BAC_1,D,C|E|I,0.538,7.4,7.87,5.84,-1,0.616,0.207,0.644,0.416,0
0618f5b7b7d34a6a,BAC_1,A,E|S|A,0.506,8.9,9.47,9.68,-1,0.282,0.762,0.787,0.598,0
ba6173b32473466d,BAC_1,G3,C|I|E,0.451,11.68,12.09,10.82,-1,0.486,0.589,0.435,0.53,0
8f54efa8e5ab426c,BAC_1,D,R|I|C,0.525,12.82,12.24,12.32,1,0.474,0.822,0.71,0.684,1
5a597496614e44ac,BAC_1,A,S|A|I,0.502,9.27,8.46,9.01,1,0.458,0.576,0.496,0.523,1
56379756fb6f4d31,BAC_1,D,C|S|R,0.502,13.45,13.88,11.77,-1,0.597,0.741,0.788,0.698,0
8638fc8d16f847ed,BAC_1,A,S|A|I,0.544,10.5,10.13,9.39,1,0.479,0.547,0.811,0.563,0
2adc5a92b6b94ad9,BAC_1,D,R|C|I,0.578,11.56,12.02,9.75,-1,0.435,0.381,0.822,0.466,0
8550f357205a47f5,BAC_1,C,C|E|A,0.515,9.25,9.05,7.51,1,0.43,0.764,0.684,0.635,0
8ff4f1d3785445f0,BAC_1,A,A|S|I,0.579,9.77,9.81,7.4,-1,0.732,0.99,0.363,0.806,1
8b2284a1106341f9,BAC_1,A,S|A|I,0.476,9.59,9.44,9.57,1,0.374,0.422,0.176,0.368,0
583586ac8c264a83,BAC_1,D,S|E|C,0.463,13.04,13.71,11.86,-1,0.492,0.522,0.908,0.569,0
c5fa9c73ac7b44df,BAC_1,D,R|C|I,0.597,11.95,11.83,12.95,1,0.568,0.457,0.289,0.47,0
111f29de3f2f4b65,BAC_1,D,I|C|S,0.504,10.09,9.19,8.47,1,0.506,0.914,0.783,0.751,0
ad4e3e810ba34cfd,BAC_1,A,S|I|E,0.519,14.14,14.09,13.64,1,0.541,0.894,0.283,0.678,1
9cf4c0443bb948ec,BAC_1,D,I|S|C,0.473,10.09,9.87,11.23,1,0.593,0.619,0.55,0.6,1
7447745a661a4b9a,BAC_1,A,A|S|E,0.298,12.27,12.62,12.1,-1,0.358,0.761,0.649,0.603,1
6f10090f782548e6,BAC_1,A,C|A|S,0.376,9.41,8.7,9.82,1,0.396,0.463,0.756,0.484,1
84f78932d99f4ce2,BAC_1,D,R|C|S,0.568,14.08,13.35,13.13,1,0.737,0.593,0.578,0.641,0
f3a738d79fe64846,BAC_1,D,S|I|R,0.415,12.12,11.44,12.55,1,0.351,0.1,0.349,0.225,0
951836c6d3894bfa,BAC_1,A,A|S|C,0.46,9.3,8.86,9.2,1,0.531,0.828,0.578,0.687,1
e8cab88c84ea4d53,BAC_1,A,I|S|A,0.533,10.91,11.07,9.21,-1,0.555,0.936,0.659,0.761,0
87f3dab290ff4d63,BAC_1,A,C|A|E,0.517,7.98,6.94,7.1,1,0.473,0.671,0.432,0.566,0
d50403bfb8384611,BAC_1,A,A|C|S,0.466,10.03,10.6,10.62,-1,0.549,0.29,0.315,0.384,0
daeac7f15c89480d,BAC_1,A,E|S|A,0.527,11.43,11.13,11.02,1,0.828,0.472,0.446,0.593,0
c659554eb4b74097,BAC_1,D,R|C|E,0.545,9.7,10.3,9.01,-1,0.528,0.741,0.73,0.665,0
39335245abbd46ff,BAC_1,A,S|C|A,0.583,12.95,11.47,12.85,1,0.664,0.489,0.361,0.531,1
4d62419ab1bb476e,BAC_1,A,E|A|C,0.577,7.19,7.38,5.49,-1,0.52,0.887,0.59,0.714,1
d763635e48804d97,BAC_1,A,C|A|E,0.458,9.54,9.14,7.83,1,0.355,0.352,0.705,0.406,0
015968bbf2aa4f5f,BAC_1,A,S|I|C,0.562,12.48,12.56,11.52,-1,0.633,0.522,0.341,0.533,0
882e1c5f2abb4344,BAC_1,A,A|E|C,0.506,9.15,10.11,6.99,-1,0.577,0.813,0.671,0.709,1
c74e696f28ad487a,BAC_1,D,I|R|C,0.701,10.44,9.15,7.57,1,0.75,0.613,0.499,0.644,0
c49e52ab6c854958,BAC_1,D,C|I|E,0.471,8.31,8.42,6.18,-1,0.541,0.721,0.634,0.645,0
f6ce2c09200a4df2,BAC_1,A,C|E|A,0.54,9.12,8.95,9.23,1,0.612,0.827,0.463,0.697,0
f5ba6e9ffb9b43d3,BAC_1,A,A|I|S,0.46,10.73,10.64,10.05,1,0.391,0.634,0.539,0.535,0
934319bdef2f48de,BAC_1,D,C|E|S,0.565,8.07,9.07,7.25,-1,0.612,0.99,0.426,0.773,0
f9734948eb224b99,BAC_1,A,A|I|S,0.457,9.63,8.93,7.64,1,0.421,0.8,0.366,0.602,0
2730331464d34712,BAC_1,G1,S|E|C,0.509,10.35,10.0,10.37,1,0.525,0.717,0.103,0.557,0
27525b2ac48341e1,BAC_1,D,I|R|A,0.585,11.41,10.93,10.87,1,0.649,0.824,0.381,0.696,0
1b7159c98fb44088,BAC_1,A,E|A|S,0.428,12.5,13.13,11.76,-1,0.372,0.99,0.618,0.718,1
16b5f6bdf26b4923,BAC_1,D,I|R|E,0.498,11.45,11.63,11.97,-1,0.601,0.788,0.194,0.633,0
a02a43e5eea648a6,BAC_1,D,S|C|A,0.433,8.9,9.46,9.81,-1,0.428,0.914,0.111,0.623,0
9aa3fdc19e0f4e69,BAC_1,D,R|I|C,0.496,7.74,7.09,7.34,1,0.577,0.826,0.368,0.67,1
178dba7861eb4364,BAC_1,G3,E|C|I,0.565,12.28,11.73,13.36,1,0.454,0.47,0.392,0.452,0
4537fb8abf2f4a43,BAC_1,D,I|C|R,0.497,8.49,8.7,7.14,-1,0.496,0.171,0.689,0.362,0
186b13a423344c52,BAC_1,A,I|S|E,0.504,9.25,8.87,6.36,1,0.593,0.778,0.405,0.658,1
e73c83c31cbe46a4,BAC_1,T1,R|C|S,0.524,8.02,7.67,6.66,1,0.579,0.82,0.407,0.674,1
df732503fbed4def,BAC_1,D,R|E|A,0.63,10.15,10.4,10.24,-1,0.546,0.719,0.247,0.587,1
fd54a3fed22c4f00,BAC_1,A,S|C|A,0.523,11.78,12.76,11.25,-1,0.473,0.567,0.639,0.545,0
7b8775354c934151,BAC_1,A,S|C|I,0.514,5.68,6.22,6.57,-1,0.515,0.407,0.401,0.444,0
844bd7fb50f94a4e,BAC_1,D,S|E|C,0.58,10.38,11.14,10.91,-1,0.686,0.747,0.69,0.717,0
a4f8b06a16e8467e,BAC_1,D,I|R|C,0.592,5.73,6.6,4.8,-1,0.468,0.99,0.83,0.783,0
95bb63cb8c2c4326,BAC_1,A,E|I|A,0.475,10.52,10.12,9.66,1,0.429,0.317,0.528,0.388,0
7e3454f4457b474a,BAC_1,B,E|C|S,0.526,9.84,10.16,9.64,-1,0.541,0.448,0.166,0.438,0
0a7b3d2976474728,BAC_1,A,C|S|E,0.572,10.81,9.84,9.63,1,0.595,0.66,0.387,0.596,0
0a6ff7ab453e4621,BAC_1,A,A|I|C,0.506,9.83,9.41,8.55,1,0.283,0.746,0.342,0.523,0
81321627706f42cc,BAC_1,D,R|I|C,0.504,10.85,11.38,11.34,-1,0.56,0.577,0.545,0.566,0
c4703a8a166a4f0b,BAC_1,B,E|C|I,0.525,11.96,12.22,11.41,-1,0.577,0.659,0.405,0.592,0
448c2b0ab74e4ca4,BAC_1,D,S|I|R,0.532,13.94,13.92,14.22,1,0.436,0.745,0.44,0.591,1
522853b9e61f4407,BAC_1,D,E|C|S,0.457,9.28,9.9,8.51,-1,0.455,0.288,0.405,0.364,0
878cb4b1d89c4dad,BAC_1,A,E|I|S,0.485,10.6,10.27,11.35,1,0.751,0.977,0.431,0.816,1
127aa0d71593440c,BAC_1,D,I|R|C,0.498,11.34,10.41,11.36,1,0.383,0.834,0.715,0.658,1
c6e35d4c85624b28,BAC_1,C,C|E|A,0.524,8.28,6.85,9.02,1,0.556,0.891,0.391,0.699,0
b32e9e97fb5742b3,BAC_1,A,S|E|A,0.472,11.05,10.65,11.32,1,0.502,0.407,0.489,0.453,1
d1d2f166e5b54cfd,BAC_1,A,A|C|S,0.632,8.82,7.62,8.29,1,0.734,0.9,0.632,0.802,1
3b3501b6e5a04ebe,BAC_1,D,I|R|C,0.504,6.66,6.59,7.26,1,0.527,0.575,0.46,0.541,1
c256e8ac2b2e4573,BAC_1,D,I|R|S,0.526,14.18,13.45,13.34,1,0.458,0.46,0.577,0.477,0
29e7d0e4383e439a,BAC_1,A,I|C|S,0.474,10.52,9.78,8.65,1,0.546,0.349,0.389,0.424,0
27148e02fc504adb,BAC_1,A,C|A|S,0.399,12.41,12.04,11.29,1,0.4,0.283,0.535,0.362,1
9302b68d5c6646e8,BAC_1,D,S|I|C,0.552,9.96,10.0,9.62,-1,0.476,0.203,0.706,0.374,0
106648db4c724918,BAC_1,D,C|R|E,0.347,12.78,13.45,10.22,-1,0.362,0.794,0.633,0.619,0
c58baeb67c2b4ccf,BAC_1,A,E|S|C,0.47,11.4,11.43,11.36,-1,0.437,0.424,0.1,0.38,0
35120884a54c4dc4,BAC_1,D,I|R|E,0.638,10.28,9.51,10.08,1,0.657,0.596,0.411,0.59,0
4e524a316f0744bb,BAC_1,D,A|S|E,0.54,10.73,8.81,11.02,1,0.534,0.361,0.627,0.462,0
dc5f97a593b34c06,BAC_1,G1,C|E|A,0.498,6.47,6.54,5.76,-1,0.612,0.83,0.397,0.688,1
fade18c804db46da,BAC_1,D,A|I|C,0.575,11.59,11.02,10.53,1,0.779,0.898,0.558,0.805,1
41a8253feb474d82,BAC_1,A,C|A|S,0.444,8.22,7.36,7.06,1,0.626,0.99,0.525,0.793,0
b53643b9fb7f4dad,BAC_1,D,I|R|E,0.567,13.91,13.95,13.59,-1,0.509,0.841,0.498,0.673,0
96df6b7cc17542c9,BAC_1,D,S|C|R,0.481,7.22,6.15,7.03,1,0.555,0.345,0.816,0.489,0
7b6cbddc1f32415e,BAC_1,D,A|E|S,0.599,12.02,12.37,11.95,-1,0.611,0.99,0.64,0.805,1
6385dbca0beb4c25,BAC_1,D,R|I|S,0.52,14.16,13.2,13.14,1,0.641,0.767,0.484,0.68,1
c2af9273b59f4de2,BAC_1,G3,A|E|S,0.579,13.98,13.44,13.05,1,0.615,0.455,0.473,0.514,1
b3464745d4ab40b6,BAC_1,D,S|I|A,0.419,11.85,10.85,10.43,1,0.384,0.858,0.58,0.65,1
1b8c11b6724249be,BAC_1,D,S|I|C,0.401,11.22,11.89,8.45,-1,0.292,0.694,0.676,0.551,1
110ed9290dee4cdc,BAC_1,A,S|E|A,0.561,10.5,10.12,10.67,1,0.567,0.481,0.497,0.513,0
cc4be543cbf04155,BAC_1,D,S|I|A,0.472,11.14,8.75,9.97,1,0.596,0.523,0.571,0.556,1
3429bb270782460f,BAC_1,D,E|S|A,0.483,14.11,13.85,11.56,1,0.3,0.714,0.865,0.592,1
7a816c605bd54fe8,BAC_1,D,I|R|E,0.551,11.54,11.74,10.55,-1,0.612,0.59,0.481,0.581,1
b8a724d1d30342bf,BAC_1,A,A|S|C,0.515,10.5,10.45,9.12,1,0.603,0.99,0.417,0.769,0
c955b3b7c06b426b,BAC_1,A,C|A|E,0.617,13.28,12.18,13.11,1,0.593,0.901,0.209,0.689,1
29c59de3041e4411,BAC_1,D,I|C|E,0.576,14.32,13.54,12.19,1,0.556,0.594,0.665,0.592,1
aacb683e276d45fa,BAC_1,D,S|I|A,0.45,9.8,9.24,9.83,1,0.422,0.99,0.269,0.683,0
f2539d0b7f0244f7,BAC_1,D,R|S|I,0.547,10.0,9.02,8.85,1,0.486,0.99,0.586,0.753,1
be990cf831324891,BAC_1,D,E|A|S,0.552,8.31,7.24,6.67,1,0.57,0.411,0.325,0.454,0
21439a73c12a41da,BAC_1,A,S|C|I,0.453,11.62,10.78,11.82,1,0.392,0.7,0.843,0.614,0
dcd20a3b155e4503,BAC_1,G3,C|I|E,0.574,13.05,11.17,11.19,1,0.445,0.84,0.42,0.639,0
0631e38d28f84595,BAC_1,D,S|C|A,0.445,8.78,8.43,7.41,1,0.381,0.321,0.717,0.401,1
c09836d636034d63,BAC_1,D,C|I|E,0.635,13.51,13.64,11.58,-1,0.726,0.465,0.412,0.549,1
7875ded38e874805,BAC_1,B,A|S|I,0.495,11.83,11.94,11.78,-1,0.697,0.889,0.309,0.734,1
3aa0aa91be7044ba,BAC_1,G3,S|I|R,0.528,10.68,10.46,9.83,1,0.515,0.608,0.185,0.512,0
7de8cc5162934766,BAC_1,A,C|E|I,0.512,12.44,11.24,11.67,1,0.262,0.442,0.393,0.372,1
f470e6479c274689,BAC_1,A,C|E|I,0.586,12.52,11.72,10.66,1,0.655,0.525,0.507,0.568,0
6c2e3c26dbf44b68,BAC_1,D,I|C|S,0.572,9.73,8.42,7.03,1,0.621,0.296,0.57,0.451,0
94ef784c911a4c5c,BAC_1,A,E|A|C,0.409,13.16,13.61,13.03,-1,0.432,0.435,0.504,0.444,1
91b44f4b14e140b7,BAC_1,A,I|E|A,0.435,12.69,12.26,12.52,1,0.458,0.96,0.447,0.707,1
1dab5ec4791b43cd,BAC_1,D,C|A|I,0.628,11.67,11.08,12.49,1,0.724,0.378,0.645,0.539,1
063faec5bd6644b1,BAC_1,A,A|I|S,0.51,13.57,13.38,14.0,1,0.512,0.519,0.739,0.55,1
46f1595d83ed487d,BAC_1,A,S|A|I,0.534,15.76,15.62,15.43,1,0.597,0.786,0.489,0.675,1
b8f448ee954849eb,BAC_1,D,I|S|E,0.484,14.22,14.4,15.89,-1,0.533,0.945,0.1,0.674,1
69eda3b3a26e4885,BAC_1,A,S|C|I,0.416,8.02,8.63,7.19,-1,0.533,0.736,0.1,0.57,1
3d8cda9e0aac4a3c,BAC_1,D,I|C|S,0.573,10.93,11.16,10.97,-1,0.568,0.666,0.383,0.589,0
f0c8bea5247a46ee,BAC_1,A,S|E|A,0.504,9.55,9.41,8.91,1,0.539,0.111,0.619,0.337,0
505d95f7399f450d,BAC_1,D,I|R|E,0.461,11.16,11.61,7.78,-1,0.657,0.78,0.533,0.7,1
6adcd97de2ea4e80,BAC_1,A,S|A|I,0.548,14.54,13.59,12.63,1,0.432,0.342,0.542,0.404,0
6e6f3388865e4994,BAC_1,B,S|C|I,0.496,9.65,9.23,9.26,1,0.528,0.612,0.68,0.593,1
a3ae119c8dfb43ca,BAC_1,D,C|E|S,0.467,9.61,9.69,10.84,-1,0.503,0.617,0.36,0.538,0
d5088af9df2f44f7,BAC_1,D,I|R|A,0.536,10.17,10.94,9.53,-1,0.482,0.55,0.458,0.513,1
6b3b2c7733f1451b,BAC_1,D,I|S|C,0.511,8.43,8.27,6.77,1,0.516,0.393,0.424,0.441,0
c64dcda5b1824659,BAC_1,A,C|I|S,0.515,8.78,7.71,7.97,1,0.581,0.529,0.459,0.537,1
3e27b832eb754ff8,BAC_1,D,C|I|E,0.506,7.5,5.4,5.53,1,0.51,0.99,0.68,0.775,1
b10805cee6864988,BAC_1,A,I|A|C,0.587,9.16,7.47,8.61,1,0.558,0.717,0.364,0.609,0
a17c01a0a1e149fc,BAC_1,A,S|C|I,0.417,9.7,10.02,9.32,-1,0.263,0.521,0.507,0.429,0
a9cf1be55cc4466c,BAC_1,D,C|E|R,0.43,7.68,6.98,6.44,1,0.463,0.881,0.49,0.676,1
646591837b044b3a,BAC_1,D,S|C|A,0.466,13.85,13.46,12.69,1,0.385,0.473,0.247,0.408,1
dc15ac84e1524e1a,BAC_1,D,S|A|I,0.477,13.49,13.41,12.79,1,0.435,0.441,0.548,0.455,1
d8c430da5517444a,BAC_1,A,A|C|S,0.491,11.35,10.39,9.06,1,0.42,0.585,0.712,0.546,0
6113c654f9ee4d60,BAC_1,A,A|I|S,0.549,11.57,12.1,11.03,-1,0.655,0.342,0.422,0.463,0
2eaaec97f51848ba,BAC_1,A,E|I|A,0.481,8.12,8.48,8.26,-1,0.452,0.783,0.364,0.605,1
28274d2213184618,BAC_1,D,I|C|E,0.535,6.72,6.23,5.69,1,0.502,0.508,0.519,0.507,0
01be948f27b14768,BAC_1,A,A|C|E,0.392,10.26,9.04,9.73,1,0.358,0.605,0.51,0.504,1
021615bb685345c1,BAC_1,A,E|A|C,0.485,10.5,9.85,9.43,1,0.639,0.495,0.716,0.578,0
b0c6af6410cd4368,BAC_1,D,I|R|E,0.616,9.89,8.64,10.26,1,0.677,0.91,0.415,0.754,0
518cdabe640746c4,BAC_1,A,S|C|I,0.471,9.94,10.04,10.24,-1,0.356,0.854,0.557,0.635,0
feba6b605fdb47da,BAC_1,B,A|S|E,0.418,13.35,12.53,12.9,1,0.556,0.437,0.848,0.54,0
cd99791ea9da43db,BAC_1,G3,C|E|I,0.602,11.34,11.91,9.89,-1,0.643,0.306,0.377,0.435,0
5f8674be3b7e47cb,BAC_1,A,A|C|S,0.386,6.9,6.49,6.31,1,0.249,0.879,0.284,0.569,1
6a7dfe73c25c4f94,BAC_1,A,C|A|E,0.4,7.74,7.85,8.69,-1,0.597,0.768,0.799,0.713,1
3d7b2353b1944246,BAC_1,A,E|S|C,0.418,12.12,11.74,11.37,1,0.612,0.99,0.625,0.803,0
0cac72509cee47cf,BAC_1,A,S|A|I,0.423,11.87,12.18,12.41,-1,0.364,0.552,0.411,0.465,1
d3e838ae5f824a4f,BAC_1,B,C|I|E,0.466,8.6,8.43,7.24,1,0.478,0.442,0.347,0.44,0
dbfd7331fddf4e28,BAC_1,D,I|R|C,0.604,14.91,15.17,13.47,-1,0.436,0.535,0.622,0.514,1
5e622889a2f64d93,BAC_1,T1,I|E|A,0.593,8.42,8.27,8.71,1,0.66,0.817,0.297,0.684,0
5be07fc6a3474e3c,BAC_1,D,I|C|R,0.677,9.99,9.7,8.55,1,0.849,0.545,0.402,0.63,0
d7eca259e0d04c56,BAC_1,D,R|C|I,0.49,12.64,12.82,11.28,-1,0.436,0.611,0.472,0.529,0
643ceee1f50a434c,BAC_1,A,E|I|S,0.548,13.75,13.51,12.72,1,0.548,0.773,0.797,0.698,1
ce652cb7b29242da,BAC_1,A,C|A|E,0.48,10.64,9.91,11.12,1,0.626,0.99,0.153,0.737,1
0e5400b969cf4bad,BAC_1,D,I|S|E,0.587,14.18,14.31,14.68,-1,0.513,0.738,0.593,0.638,1
ca9b364633f54407,BAC_1,A,S|I|E,0.509,11.08,10.08,11.36,1,0.574,0.828,0.4,0.675,0
ebd579af57ae4acd,BAC_1,D,C|E|S,0.51,12.12,11.28,13.04,1,0.586,0.733,0.607,0.663,1
38517abb3c9a400e,BAC_1,D,S|C|I,0.524,11.88,12.77,11.16,-1,0.663,0.44,0.508,0.528,0
973e2631534b427c,BAC_1,A,S|C|A,0.445,10.11,9.01,8.87,1,0.606,0.986,0.658,0.804,1
87fb710abe404e45,BAC_1,G1,E|C|I,0.541,9.29,8.34,8.42,1,0.48,0.773,0.625,0.648,0
c2e61c899e93429a,BAC_1,A,S|A|I,0.495,11.52,10.76,12.62,1,0.58,0.626,0.742,0.628,0
ef494412345c41c4,BAC_1,D,S|C|I,0.472,8.65,7.93,7.36,1,0.36,0.682,0.335,0.517,0
9dd26fa3d8794a6e,BAC_1,D,C|R|E,0.538,8.61,8.13,7.57,1,0.554,0.901,0.644,0.741,0
2f35e15b84e64fd5,BAC_1,F1,R|I|E,0.504,13.7,13.54,13.6,1,0.416,0.872,0.396,0.641,1
2790c3fbae8046f5,BAC_1,D,I|S|C,0.518,9.53,9.64,7.48,-1,0.54,0.691,0.474,0.605,0
57f361b3222a449e,BAC_1,A,E|S|I,0.416,11.66,10.99,10.99,1,0.524,0.705,0.517,0.613,0
e6ba85c56e7b4bac,BAC_1,G2,I|C|E,0.57,12.44,11.5,12.1,1,0.587,0.516,0.1,0.478,1
c7e4faf03e68425d,BAC_1,A,C|A|S,0.314,15.05,14.72,14.25,1,0.258,0.344,0.375,0.318,1
7b104239a5fc4bb2,BAC_1,A,A|C|E,0.485,7.39,7.01,7.6,1,0.415,0.612,0.713,0.558,1
41ef29b674894bf7,BAC_1,D,S|C|A,0.463,12.53,12.05,11.74,1,0.337,0.802,0.446,0.586,0
7699620e715e41a9,BAC_1,D,C|R|S,0.401,10.57,10.92,8.9,-1,0.33,0.713,0.425,0.536,1
a9cd83db23954d77,BAC_1,D,R|C|I,0.411,11.42,11.99,9.05,-1,0.521,0.276,0.574,0.406,0
ca2b0ec37b6e434f,BAC_1,A,E|I|S,0.557,9.35,9.82,9.09,-1,0.641,0.541,0.354,0.548,0
02b929f2f9c548a5,BAC_1,A,A|S|C,0.538,8.05,8.3,6.55,-1,0.503,0.865,0.285,0.651,1
57355f51d4b04709,BAC_1,A,I|E|A,0.6,12.86,13.06,13.47,-1,0.565,0.689,0.678,0.644,1
f0af9f57f066422d,BAC_1,D,I|C|E,0.611,8.7,8.79,8.47,-1,0.667,0.528,0.589,0.586,1
b0c7fe88dc1b47d0,BAC_1,A,A|S|I,0.484,10.64,10.16,9.31,1,0.549,0.613,0.554,0.582,0
ee0d2b5b14324c3e,BAC_1,D,A|S|I,0.478,12.25,11.91,11.08,1,0.493,0.401,0.409,0.434,0
794e73cb696a41ae,BAC_1,D,E|C|A,0.54,10.53,10.7,7.77,-1,0.519,0.639,0.348,0.554,0
b1be818b556a4433,BAC_1,A,E|A|C,0.448,12.25,11.87,11.2,1,0.295,0.425,0.687,0.419,0
e098117c983b42b0,BAC_1,A,I|A|S,0.521,8.99,7.46,6.98,1,0.31,0.744,0.667,0.58,1
8776fcc85c2b41f0,BAC_1,A,A|E|S,0.61,12.06,11.93,11.97,1,0.413,0.99,0.358,0.693,1
a244385f44994ce4,BAC_1,A,A|S|R,0.61,9.78,9.68,8.82,1,0.434,0.469,0.402,0.446,1
fcc35b4878c14c64,BAC_1,D,I|C|S,0.418,9.63,10.16,9.41,-1,0.287,0.535,0.496,0.442,1
49f136dfb39c45c3,BAC_1,D,C|I|E,0.625,11.19,9.99,11.47,1,0.602,0.903,0.1,0.677,0
52662d5b39b84ec0,BAC_1,A,R|A|E,0.551,12.35,11.96,12.27,1,0.661,0.539,0.238,0.536,0
135ca43615ac4294,BAC_1,A,S|C|I,0.481,13.2,13.99,11.97,-1,0.481,0.588,0.681,0.565,0
0ac4228c83974ebd,BAC_1,F1,R|C|E,0.507,10.7,10.09,10.12,1,0.573,0.99,0.717,0.803,0
53749ab1586c446c,BAC_1,A,I|S|E,0.626,11.44,11.45,10.53,-1,0.584,0.371,0.513,0.467,0
174168655367431b,BAC_1,A,S|A|E,0.518,13.45,13.82,12.52,-1,0.569,0.6,0.205,0.53,0
1b19817bfd124ea8,BAC_1,A,C|E|A,0.537,13.91,12.77,14.17,1,0.372,0.901,0.401,0.641,1
90684b90ba284d15,BAC_1,D,R|I|C,0.583,7.95,7.38,7.38,1,0.538,0.543,0.662,0.559,1
b0f7f34a8f7a4963,BAC_1,A,A|I|S,0.542,9.94,10.09,10.14,-1,0.453,0.302,0.501,0.384,0
62b2e7f6a9ac4214,BAC_1,D,C|E|I,0.569,13.5,12.39,12.97,1,0.539,0.65,0.99,0.662,0
aa879bd1bc18470d,BAC_1,A,S|A|I,0.475,10.62,8.38,11.72,1,0.539,0.352,0.57,0.45,1
d074005966944921,BAC_1,D,I|E|C,0.598,13.68,13.34,13.27,1,0.446,0.663,0.912,0.624,1
e00f0acf896d4181,BAC_1,D,I|E|R,0.411,12.14,12.21,11.87,-1,0.51,0.573,0.588,0.553,0
8c620a5fe36148a8,BAC_1,D,S|A|I,0.431,13.41,12.85,13.47,1,0.415,0.683,0.425,0.55,1
542ac87858894954,BAC_1,A,S|A|C,0.436,11.72,11.34,10.7,1,0.339,0.99,0.73,0.723,0
2d863306f94141b6,BAC_1,D,E|C|S,0.579,10.31,10.92,10.28,-1,0.688,0.49,0.134,0.506,0
b7be3bec13aa4903,BAC_1,A,C|S|A,0.589,9.65,10.18,9.25,-1,0.561,0.735,0.18,0.591,1
45dd4cc007554081,BAC_1,D,R|I|A,0.597,10.47,10.72,8.58,-1,0.644,0.99,0.446,0.787,0
d508631a32b54801,BAC_1,A,A|C|E,0.473,12.15,12.9,10.37,-1,0.478,0.86,0.364,0.652,1
0078cc1a08304aa4,BAC_1,G3,C|A|E,0.569,8.92,7.45,9.11,1,0.667,0.566,0.261,0.555,1
5b4925847f034ce6,BAC_1,D,C|E|I,0.525,11.47,10.58,10.46,1,0.551,0.32,0.351,0.406,1
cebdf563a7e249b5,BAC_1,D,I|S|A,0.399,9.08,8.91,8.02,1,0.376,0.796,0.4,0.589,0
c7aed0acf25d4eaa,BAC_1,D,I|R|E,0.6,7.77,8.52,6.42,-1,0.589,0.373,0.34,0.443,1
1e2f4d8c10b24dd0,BAC_1,D,E|C|S,0.52,13.04,13.23,11.43,-1,0.562,0.507,0.313,0.497,0
ce7d9681be1c4fec,BAC_1,A,C|A|I,0.524,13.1,13.08,12.84,1,0.528,0.99,0.595,0.769,1
82eb10e87b5d4a9e,BAC_1,A,A|I|S,0.45,9.91,9.99,9.52,-1,0.305,0.455,0.307,0.38,1
419204e962114308,BAC_1,A,A|C|S,0.574,11.66,11.92,11.28,-1,0.525,0.531,0.738,0.56,0
6b1a1d9894d04bdc,BAC_1,D,A|E|C,0.478,8.48,8.92,8.36,-1,0.213,0.456,0.279,0.344,0
4b148fcb9cac4e6c,BAC_1,D,A|R|I,0.544,10.38,11.2,10.81,-1,0.638,0.813,0.555,0.713,0
4f6e6064579c4273,BAC_1,D,I|R|S,0.558,13.53,13.41,12.71,1,0.559,0.595,0.823,0.617,1
417155e41abf40d9,BAC_1,D,I|R|E,0.566,11.79,11.56,11.04,1,0.409,0.55,0.5,0.493,1
d82b839b0c8e44b3,BAC_1,D,C|E|S,0.63,9.73,9.11,9.44,1,0.592,0.528,0.754,0.584,0
7cdc89dfcf9a4cd8,BAC_1,A,E|A|C,0.493,10.02,9.38,8.62,1,0.457,0.699,0.563,0.594,1
7a248e90cd3f421f,BAC_1,D,I|R|C,0.526,11.7,11.18,11.28,1,0.714,0.515,0.457,0.576,0
1f4f557b2b684b53,BAC_1,A,I|S|C,0.408,11.08,11.79,12.51,-1,0.266,0.831,0.727,0.617,1
c0d075b0e7d84ba9,BAC_1,A,S|E|I,0.475,10.43,9.0,9.58,1,0.497,0.509,0.688,0.531,0
5c4f413c1be44e78,BAC_1,D,S|I|A,0.483,12.59,12.11,11.01,1,0.319,0.498,0.733,0.471,1
b0aa8ca656b1466a,BAC_1,A,S|A|C,0.555,10.09,10.2,10.3,-1,0.472,0.732,0.23,0.566,1
42b906e360e841b8,BAC_1,A,S|C|A,0.554,12.01,11.9,11.37,1,0.738,0.514,0.512,0.592,1
c896b9e0811e43ba,BAC_1,D,I|A|E,0.494,10.14,9.76,9.51,1,0.542,0.474,0.737,0.537,0
6933303437314cec,BAC_1,A,E|S|C,0.635,14.22,13.82,15.01,1,0.54,0.556,0.486,0.54,0
3b78609647e44d68,BAC_1,A,S|C|E,0.504,7.37,7.14,6.84,1,0.585,0.575,0.552,0.575,0
554a4bb7b7a74bd4,BAC_1,A,C|E|I,0.537,7.25,6.45,5.78,1,0.514,0.846,0.415,0.665,1
a72c89098ee54427,BAC_1,D,R|C|E,0.538,10.31,10.03,9.12,1,0.581,0.83,0.492,0.692,0
5f43b417aea54532,BAC_1,D,E|R|A,0.669,12.99,12.66,12.44,1,0.569,0.648,0.668,0.623,0
03b91c04c51648be,BAC_1,D,S|A|I,0.523,10.19,9.12,10.65,1,0.604,0.379,0.622,0.494,0
12d62fcbd40040a5,BAC_1,D,E|C|R,0.493,11.01,10.65,10.26,1,0.476,0.686,0.22,0.542,1
a517a0c0fdf54256,BAC_1,D,I|R|C,0.639,9.84,9.99,10.35,-1,0.653,0.703,0.302,0.625,0
00bb2fb420004beb,BAC_1,D,C|I|E,0.497,10.2,9.97,9.99,1,0.537,0.478,0.608,0.518,0
26a5b708356b47c2,BAC_1,D,S|E|A,0.563,9.33,8.78,9.22,1,0.67,0.576,0.65,0.62,1
e506b50f24204c90,BAC_1,G3,S|E|A,0.554,12.51,12.42,12.12,1,0.675,0.437,0.511,0.531,0
7b1214f6d91a494c,BAC_1,A,S|I|C,0.512,9.8,9.27,9.18,1,0.481,0.715,0.541,0.607,0
6f7075efa89b4cd8,BAC_1,A,C|S|I,0.497,6.07,5.75,4.37,1,0.524,0.832,0.731,0.709,1
d0f4dd029fd14aea,BAC_1,A,S|E|A,0.489,12.62,12.33,11.69,1,0.421,0.665,0.511,0.556,1
8860416ce7c943aa,BAC_1,D,R|I|S,0.614,10.14,10.03,8.97,1,0.734,0.806,0.668,0.76,1
063099a91ee248e8,BAC_1,D,A|S|I,0.436,13.19,12.63,12.92,1,0.343,0.761,0.446,0.567,1
7bb50e8c759c42b2,BAC_1,A,S|A|I,0.458,11.59,10.73,10.23,1,0.336,0.54,0.426,0.451,0
59aedb81fea34b28,BAC_1,A,A|S|C,0.476,11.36,10.9,10.96,1,0.59,0.987,0.1,0.715,1
244039f3d0e44cc4,BAC_1,D,I|R|E,0.595,15.08,13.92,14.54,1,0.684,0.411,0.177,0.471,1
2d46c639d5624d87,BAC_1,D,C|E|I,0.528,11.26,10.79,9.94,1,0.662,0.781,0.54,0.703,1
cff11403b06e4fe7,BAC_1,A,R|A|S,0.459,7.54,7.46,6.2,1,0.512,0.683,0.557,0.604,0
0e32e401fe474a3f,BAC_1,A,A|C|S,0.467,13.84,14.48,13.46,-1,0.271,0.718,0.281,0.496,0
4df3013f35bd40c8,BAC_1,D,I|C|R,0.53,10.37,10.84,9.53,-1,0.52,0.238,0.53,0.38,1
d049bfa04c4d4b3c,BAC_1,A,C|A|S,0.59,10.87,10.34,9.64,1,0.57,0.547,0.319,0.521,1
ef49d06766814efb,BAC_1,A,I|C|E,0.54,8.7,8.56,8.68,1,0.526,0.716,0.43,0.607,1
ea5ed1ca2a814c8e,BAC_1,D,S|E|I,0.535,9.81,10.45,8.88,-1,0.54,0.562,0.27,0.51,0
ad3547ed278143bf,BAC_1,A,S|C|A,0.544,4.42,4.08,4.5,1,0.332,0.99,0.357,0.665,1
390b9be08d57444d,BAC_1,D,E|S|C,0.575,14.76,13.98,14.45,1,0.439,0.411,0.489,0.432,0
d07b9b3c42f04065,BAC_1,A,S|A|C,0.42,8.05,7.16,6.82,1,0.406,0.815,0.852,0.677,0
a397048b15544410,BAC_1,A,A|S|E,0.434,9.42,8.46,8.36,1,0.338,0.496,0.572,0.452,0
c1ea4718d1414890,BAC_1,D,E|R|I,0.653,9.77,10.41,8.51,-1,0.646,0.872,0.491,0.736,1
4bed1a301ffc417b,BAC_1,F4,C|R|I,0.51,13.91,14.11,14.69,-1,0.495,0.835,0.583,0.678,1
650611ef45af4123,BAC_1,A,C|S|I,0.432,9.97,8.78,10.56,1,0.569,0.978,0.494,0.762,1
5887a24a062d4725,BAC_1,D,R|I|E,0.622,12.9,12.76,11.67,1,0.666,0.884,0.373,0.731,1
49a4928243a8495a,BAC_1,A,S|C|A,0.42,10.56,10.52,10.19,1,0.479,0.784,0.186,0.588,1
53c32a33b0854c96,BAC_1,G1,E|C|I,0.495,8.56,7.8,7.55,1,0.599,0.641,0.18,0.557,0
b734bf25e0dc46d4,BAC_1,D,S|R|I,0.491,11.53,10.69,12.3,1,0.555,0.494,0.373,0.497,0
fe0a679d8c774fbd,BAC_1,D,I|R|C,0.628,12.91,12.79,12.25,1,0.837,0.233,0.541,0.491,0
a2e66d5cc01c4732,BAC_1,A,C|I|E,0.49,8.32,8.78,6.65,-1,0.621,0.51,0.506,0.549,0
844a5032a53d4a14,BAC_1,D,R|E|I,0.594,10.82,9.91,9.73,1,0.711,0.674,0.429,0.65,1
7c2b8f239fc844e4,BAC_1,A,S|C|A,0.551,10.46,10.46,10.83,-1,0.495,0.585,0.555,0.549,0
6b5aa816b5dc4bde,BAC_1,D,S|I|R,0.443,10.98,9.94,10.83,1,0.371,0.957,0.546,0.691,0
e5f55ae4f0684aab,BAC_1,D,C|E|A,0.519,10.53,10.35,10.74,1,0.765,0.459,0.633,0.592,1
dbaee9577b93495c,BAC_1,D,A|R|S,0.569,11.26,10.22,10.36,1,0.545,0.493,0.37,0.493,0
7c9e47b9962d4200,BAC_1,A,E|A|S,0.48,10.89,10.86,9.72,1,0.43,0.585,0.61,0.535,0
1f18b8f02a96484b,BAC_1,D,S|A|I,0.518,10.01,8.45,10.48,1,0.548,0.757,0.655,0.669,1
8bf78fc1b577413e,BAC_1,D,E|C|S,0.485,11.7,11.17,11.08,1,0.397,0.631,0.413,0.517,0
198db3caa74f4752,BAC_1,D,I|R|C,0.564,11.65,10.61,11.3,1,0.537,0.734,0.951,0.697,1
291efcec5f454d94,BAC_1,D,I|R|C,0.684,11.26,11.13,11.44,1,0.816,0.599,0.74,0.696,1
0fd995b291954498,BAC_1,A,A|S|E,0.454,14.59,13.89,12.63,1,0.359,0.901,0.557,0.66,1
fb07abe040264f92,BAC_1,A,S|E|C,0.349,8.82,8.07,9.63,1,0.421,0.799,0.673,0.647,0
2d944b88151e4bbb,BAC_1,D,C|E|S,0.426,11.03,10.96,9.16,1,0.563,0.58,0.454,0.555,1
58716ad21bec4b50,BAC_1,A,S|A|E,0.573,7.4,7.85,5.7,-1,0.763,0.392,0.423,0.527,0
cf6479f4ba15419d,BAC_1,A,E|A|S,0.453,8.55,9.02,6.45,-1,0.464,0.99,0.5,0.732,0
87bcb483488c4925,BAC_1,D,I|C|S,0.516,11.73,11.83,11.38,-1,0.499,0.75,0.453,0.617,0
fc4cf7f7b885423c,BAC_1,D,R|C|I,0.557,9.1,8.61,10.07,1,0.603,0.99,0.615,0.798,1
1b2fd3c969294c1c,BAC_1,D,S|I|R,0.466,11.51,10.73,11.88,1,0.514,0.445,0.592,0.491,0
93a6717c397549aa,BAC_1,D,E|I|C,0.474,12.43,11.95,12.32,1,0.381,0.861,0.612,0.656,0
d07c3cbc395143a8,BAC_1,D,R|I|E,0.564,12.5,12.77,12.48,-1,0.572,0.514,0.444,0.524,1
a2459571670d4d53,BAC_1,F2,R|I|E,0.46,9.69,8.99,8.31,1,0.319,0.147,0.32,0.233,0
d21135aed50642a2,BAC_1,D,I|C|E,0.561,14.06,13.23,14.11,1,0.665,0.32,0.416,0.455,1
b27e1e9e9d2f42af,BAC_1,G2,I|E|C,0.606,10.39,10.73,9.19,-1,0.56,0.424,0.418,0.471,0
907f4ff8230a49cf,BAC_1,D,S|I|C,0.484,13.09,13.09,12.2,-1,0.604,0.46,0.761,0.555,0
9b05c5fa2b8d4d0d,BAC_1,D,I|C|A,0.712,10.33,10.55,8.71,-1,0.764,0.329,0.556,0.516,0
19f6932df63a46e0,BAC_1,D,E|S|A,0.529,9.26,9.42,7.23,-1,0.485,0.499,0.549,0.502,1
9bc434077d534ed8,BAC_1,A,A|E|I,0.544,10.13,8.68,9.42,1,0.381,0.983,0.485,0.698,0
93abc56d35f74677,BAC_1,A,A|E|I,0.439,8.41,9.03,8.44,-1,0.247,0.693,0.547,0.515,1
f6dda29796bb4bc0,BAC_1,D,I|R|E,0.578,5.47,5.77,4.83,-1,0.728,0.354,0.647,0.529,1
70a3c2deabcb4d1f,BAC_1,A,A|E|C,0.467,8.56,8.65,8.87,-1,0.508,0.862,0.256,0.647,0
0d9ff2691803413a,BAC_1,A,A|I|E,0.5,10.81,11.23,11.3,-1,0.657,0.334,0.587,0.485,0
d4e98083ee914115,BAC_1,A,S|A|I,0.515,10.74,10.19,8.45,1,0.61,0.958,0.689,0.796,1
28e68332bf6d4b40,BAC_1,T1,I|E|R,0.468,10.25,10.62,10.23,-1,0.238,0.958,0.892,0.696,1
a18f98cca06642ad,BAC_1,A,A|S|C,0.506,8.84,7.97,7.63,1,0.667,0.466,0.493,0.54,0
14ff796e6c8f4366,BAC_1,D,I|R|E,0.619,9.04,9.52,8.7,-1,0.463,0.237,0.203,0.311,0
195e364286664259,BAC_1,D,S|A|C,0.521,10.83,10.88,9.99,-1,0.558,0.386,0.54,0.469,0
d51e0e01317545d9,BAC_1,D,S|C|A,0.47,14.25,13.09,14.66,1,0.564,0.763,0.645,0.675,1
33420cb6b8084e07,BAC_1,G3,C|I|E,0.445,12.94,13.02,11.29,-1,0.609,0.635,0.456,0.599,0
8257928f1a794f62,BAC_1,D,R|C|I,0.628,10.52,9.6,9.13,1,0.663,0.909,0.733,0.797,0
8e3af822a6ae4a4b,BAC_1,A,S|C|A,0.486,10.17,9.44,11.22,1,0.483,0.584,0.578,0.548,1
e82e65d0ce2f4521,BAC_1,D,S|E|C,0.55,12.67,12.19,13.32,1,0.452,0.694,0.503,0.581,0
f26c7ab6122044c9,BAC_1,A,I|A|C,0.466,10.56,10.43,11.45,1,0.578,0.421,0.401,0.473,0
cd243dac44684fb2,BAC_1,D,R|I|C,0.386,9.66,9.43,8.56,1,0.372,0.247,0.69,0.357,1
cdb4c076317c42ee,BAC_1,A,A|C|I,0.52,13.9,14.29,12.79,-1,0.719,0.859,0.698,0.786,1
c0dee92be8234fe2,BAC_1,D,C|S|R,0.551,11.54,10.08,10.45,1,0.707,0.227,0.278,0.403,1
f02681545496405c,BAC_1,A,S|C|I,0.495,8.43,8.32,7.63,1,0.42,0.577,0.43,0.5,0
07b425503e8043e0,BAC_1,A,A|C|I,0.417,14.07,14.92,14.63,-1,0.335,0.99,0.702,0.718,1
d9be7fb611904428,BAC_1,A,I|A|S,0.531,8.38,8.31,7.81,1,0.375,0.522,0.764,0.507,0
6f8aaf48ee604349,BAC_1,A,S|A|I,0.572,11.49,10.05,9.46,1,0.64,0.759,0.137,0.624,1
d5729589b7e04170,BAC_1,A,I|S|A,0.538,12.58,12.77,13.48,-1,0.53,0.624,0.825,0.621,0
6f3c58aa55054a0e,BAC_1,B,I|E|C,0.562,10.48,10.59,9.18,-1,0.641,0.658,0.494,0.627,0
7c46cdd533c344d3,BAC_1,A,A|S|E,0.481,8.94,8.82,7.39,1,0.499,0.729,0.17,0.565,0
05a150f30b64475c,BAC_1,A,S|A|E,0.554,9.28,8.93,9.22,1,0.565,0.48,0.376,0.494,0
0df0473e52b24a89,BAC_1,D,R|A|S,0.498,10.45,9.47,9.26,1,0.528,0.892,0.815,0.753,0
11ad57b6b89f4c3e,BAC_1,D,R|C|S,0.417,11.06,9.99,10.92,1,0.715,0.294,0.351,0.45,0
b8249b19fd19491c,BAC_1,D,R|E|I,0.599,13.65,12.99,11.15,1,0.451,0.467,0.655,0.49,0
4a49d6afd16c4fad,BAC_1,A,A|S|E,0.485,8.06,7.39,8.33,1,0.557,0.818,0.592,0.693,0
17f5d52001724b4f,BAC_1,A,A|R|I,0.501,12.13,12.49,9.75,-1,0.58,0.674,0.48,0.612,1
d65e0401e3724f4a,BAC_1,A,A|I|R,0.535,15.38,13.63,15.51,1,0.413,0.946,0.481,0.69,1
d74d063c746e4748,BAC_1,D,S|I|E,0.475,9.9,9.49,7.4,1,0.433,0.139,0.509,0.297,0
eadd84deb2c740a3,BAC_1,A,S|C|E,0.498,9.03,7.31,8.77,1,0.336,0.47,0.633,0.447,0
76bbc294eb6144ee,BAC_1,D,E|C|S,0.482,7.69,6.7,5.78,1,0.515,0.799,0.648,0.677,0
ef4bec262f8d430c,BAC_1,D,C|E|I,0.581,9.06,8.85,8.86,1,0.586,0.1,0.197,0.285,0
a7670e672b104db9,BAC_1,D,S|A|E,0.499,9.92,8.21,11.64,1,0.338,0.84,0.426,0.602,1
6b65a5d0083b4510,BAC_1,A,A|I|C,0.518,9.95,10.48,9.84,-1,0.722,0.817,0.567,0.747,0
12fa10d53ecc48dd,BAC_1,A,A|S|E,0.446,9.62,10.44,9.19,-1,0.445,0.894,0.444,0.67,0
92d689de3eba4c5e,BAC_1,A,A|S|I,0.377,6.84,6.31,7.51,1,0.34,0.974,0.645,0.703,1
6c0d7276abf34739,BAC_1,D,E|I|S,0.633,10.67,11.32,10.3,-1,0.707,0.912,0.682,0.806,0
1750b270b8434c83,BAC_1,D,R|E|C,0.492,7.78,8.51,7.06,-1,0.425,0.773,0.645,0.632,0
f779bdc6bafc4470,BAC_1,A,A|C|E,0.453,10.48,11.18,9.21,-1,0.336,0.958,0.378,0.653,1
1bf051156f754a78,BAC_1,A,E|S|A,0.556,11.01,10.92,11.55,1,0.543,0.482,0.614,0.523,0
cdf7d32e465f4b50,BAC_1,G2,C|E|S,0.577,8.17,7.36,8.63,1,0.728,0.57,0.596,0.629,1
c89078c6580541a1,BAC_1,A,E|C|S,0.64,7.04,7.06,3.95,-1,0.532,0.57,0.521,0.549,0
9e639b7659d64c78,BAC_1,D,E|A|I,0.594,12.12,11.74,11.6,1,0.515,0.843,0.402,0.662,1
cfb850234bad4bf1,BAC_1,A,S|A|E,0.505,9.38,8.95,8.09,1,0.585,0.679,0.444,0.611,1
d18142bcb8e748f7,BAC_1,D,I|A|C,0.436,13.23,13.08,12.47,1,0.426,0.667,0.526,0.561,1
6dd0a15320124e4b,BAC_1,D,S|R|A,0.526,9.22,9.48,9.79,-1,0.512,0.301,0.626,0.424,1
3a945ead45564dbc,BAC_1,D,S|C|I,0.476,8.25,7.92,9.26,1,0.501,0.229,0.431,0.354,0
5c973a2cba874173,BAC_1,A,S|E|A,0.45,10.08,9.4,8.36,1,0.555,0.102,0.389,0.304,1
acd2b5a9a06c4b70,BAC_1,D,E|C|I,0.496,8.17,7.55,7.03,1,0.567,0.814,0.519,0.683,0
d6c5957aa9114c1d,BAC_1,D,I|R|E,0.571,13.13,13.48,12.49,-1,0.518,0.828,0.413,0.657,0
961a61628cde4dba,BAC_1,D,I|S|R,0.599,10.19,10.11,8.62,1,0.694,0.854,0.565,0.755,1
94f4f7a004d04ebd,BAC_1,D,R|C|A,0.547,11.97,11.39,11.36,1,0.539,0.525,0.504,0.526,0
c8e891f68433412b,BAC_1,D,R|I|C,0.578,14.06,14.12,13.27,-1,0.677,0.817,0.382,0.703,1
47f3ae36af7f45cb,BAC_1,D,A|I|C,0.505,12.98,13.04,11.13,-1,0.413,0.598,0.759,0.558,1
b7d55508ebfa4568,BAC_1,A,A|C|E,0.533,9.61,9.23,8.19,1,0.555,0.703,0.609,0.637,1
abb9601a60f549f8,BAC_1,D,A|E|S,0.373,5.99,5.19,5.85,1,0.361,0.738,0.3,0.54,0
1fa747b7abb84db5,BAC_1,D,S|A|I,0.487,7.47,6.48,5.38,1,0.685,0.61,0.486,0.618,0
6ccecb7a35ec43ff,BAC_1,D,C|E|I,0.61,10.23,10.05,10.44,1,0.591,0.619,0.415,0.578,1
818a35e5d6064d21,BAC_1,A,E|C|A,0.459,13.22,12.98,13.03,1,0.529,0.395,0.575,0.469,0
56786584e5874988,BAC_1,D,C|E|I,0.571,9.24,7.84,9.34,1,0.827,0.223,0.638,0.497,0
61faaeea796b4541,BAC_1,D,I|C|S,0.595,12.41,12.14,10.9,1,0.588,0.97,0.531,0.77,1
90cb0ac1055e47c1,BAC_1,A,R|S|A,0.679,12.08,10.85,10.91,1,0.907,0.472,0.314,0.601,0
1d32d82a3ad74c0c,BAC_1,A,S|I|A,0.523,9.48,8.08,8.04,1,0.587,0.412,0.645,0.508,0
c2c09f7d1ed445eb,BAC_1,G2,C|E|I,0.504,9.91,9.38,10.0,1,0.504,0.458,0.483,0.478,1
2807f9df65d94089,BAC_1,D,I|C|R,0.467,10.9,10.57,10.08,1,0.555,0.483,0.548,0.518,0
b7c246e25efa44d2,BAC_1,A,I|S|C,0.489,7.99,7.18,8.67,1,0.517,0.554,0.562,0.542,1
0271289c3299450b,BAC_1,A,S|E|I,0.569,8.39,7.78,7.48,1,0.595,0.747,0.358,0.636,0
525add98c84444a1,BAC_1,A,E|I|S,0.496,11.13,11.09,9.66,1,0.519,0.608,0.667,0.586,0
c0efd9279e214095,BAC_1,A,S|A|C,0.518,8.87,9.8,9.81,-1,0.627,0.99,0.448,0.781,1
5cd5c66cce814e74,BAC_1,A,A|C|E,0.466,12.9,12.08,12.3,1,0.488,0.841,0.341,0.642,1
54face9bc5ca4072,BAC_1,A,C|A|E,0.556,12.75,12.84,10.42,-1,0.586,0.816,0.641,0.709,1
83d58d180ed04d32,BAC_1,A,S|I|A,0.506,11.79,11.63,10.96,1,0.425,0.831,0.548,0.646,1
8689cfd9cfee4998,BAC_1,A,A|E|I,0.589,13.47,11.83,12.86,1,0.477,0.431,0.412,0.444,0
05fa6a89aea04027,BAC_1,A,S|A|C,0.437,9.65,9.61,9.65,1,0.512,0.634,0.207,0.527,0
e5fc9ddd65bd4976,BAC_1,A,S|I|C,0.514,11.24,10.72,8.25,1,0.566,0.603,0.571,0.585,1
ac65d95e4d1a4abc,BAC_1,D,I|E|R,0.621,8.34,7.23,8.12,1,0.579,0.414,0.536,0.49,0
1bba1517dcf143e8,BAC_1,A,A|S|I,0.515,8.32,6.8,6.81,1,0.461,0.482,0.527,0.481,0
29bf46d4bf5f44eb,BAC_1,D,C|A|S,0.528,9.3,9.4,8.97,-1,0.394,0.99,0.345,0.685,1
a8a602abf1174805,BAC_1,D,C|S|R,0.526,10.66,10.41,10.62,1,0.468,0.877,0.736,0.713,1
007f23db8ada47b5,BAC_1,A,S|C|E,0.48,9.94,9.64,9.08,1,0.445,0.99,0.937,0.791,0
7e0c2f9fcc5b4136,BAC_1,A,A|S|I,0.562,7.53,6.45,6.52,1,0.714,0.76,0.333,0.68,0
d520f0fa6ca84904,BAC_1,A,A|I|S,0.521,12.83,12.62,13.52,1,0.55,0.616,0.308,0.547,1
e28d729cfa994e0d,BAC_1,A,S|I|C,0.53,13.09,13.33,12.91,-1,0.286,0.61,0.254,0.443,1
7e4924c637614ca2,BAC_1,G3,E|A|C,0.445,10.45,10.07,10.13,1,0.484,0.633,0.468,0.556,0
4ba5cf7b7957422a,BAC_1,D,A|I|S,0.41,12.71,12.65,10.25,1,0.254,0.313,0.573,0.332,1
e1bfd259f8ad4635,BAC_1,D,E|I|C,0.652,8.62,8.99,7.61,-1,0.796,0.484,0.512,0.597,0
2c0021bee60c4a1c,BAC_1,A,C|E|I,0.464,9.48,9.37,7.29,1,0.501,0.263,0.481,0.379,0
9635ba25a1074deb,BAC_1,D,E|R|C,0.485,9.94,10.3,9.82,-1,0.488,0.566,0.473,0.525,0
4eb22ec0c64b447e,BAC_1,D,S|C|I,0.521,5.55,4.26,5.0,1,0.616,0.99,0.99,0.859,0
5ab323619a6f4ef3,BAC_1,A,A|S|C,0.526,8.83,8.53,8.01,1,0.354,0.566,0.356,0.46,0
7144e0d21ce744f4,BAC_1,D,E|I|S,0.503,8.07,7.29,7.17,1,0.375,0.551,0.725,0.516,1
6a1efb13cc7944f2,BAC_1,A,S|I|A,0.408,8.08,7.01,8.15,1,0.324,0.804,0.607,0.607,1
4c03184c1be04688,BAC_1,A,C|S|A,0.636,9.9,10.47,8.06,-1,0.553,0.733,0.712,0.667,1
478c2c7e59bb4f89,BAC_1,A,S|C|A,0.476,9.67,9.38,8.97,1,0.536,0.461,0.513,0.495,1
4f390f05a38844a3,BAC_1,D,A|C|S,0.521,12.38,11.71,12.38,1,0.408,0.206,0.14,0.267,1
dec82837210c46e1,BAC_1,C,R|I|E,0.531,8.66,8.68,8.43,-1,0.634,0.754,0.602,0.689,1
abff8fcd9be3484c,BAC_1,D,S|C|I,0.54,10.39,10.44,10.28,-1,0.606,0.375,0.111,0.416,1
6316b9dfab1f4bc2,BAC_1,C,I|C|S,0.489,10.9,9.36,10.3,1,0.47,0.665,0.56,0.581,0
74b136faf5134bf8,BAC_1,G3,C|I|E,0.704,13.44,12.07,12.89,1,0.783,0.492,0.374,0.576,1
bc807008ca394ea9,BAC_1,A,I|S|C,0.544,11.96,11.65,10.25,1,0.556,0.473,0.736,0.541,0
222b0d589d95491b,BAC_1,A,A|E|S,0.406,7.31,7.16,5.17,1,0.403,0.859,0.406,0.632,0
f2c6db53f35b48b0,BAC_1,D,S|C|E,0.49,9.86,8.73,9.67,1,0.455,0.956,0.591,0.726,1
06b078fa18344649,BAC_1,D,I|C|A,0.444,10.25,9.17,9.13,1,0.472,0.406,0.66,0.467,0
3adb288397a1470e,BAC_1,D,I|S|R,0.44,7.62,7.71,8.92,-1,0.381,0.5,0.3,0.428,0
5327f843f6f34586,BAC_1,A,S|A|I,0.42,9.96,8.83,8.23,1,0.509,0.541,0.963,0.593,0
3d4e0aae5fd242fd,BAC_1,D,S|E|C,0.542,13.09,13.15,12.83,-1,0.417,0.709,0.562,0.585,1
ab824024c2b84368,BAC_1,D,S|I|C,0.604,12.42,12.53,10.94,-1,0.529,0.592,0.35,0.534,1
3fa89bffaba64a17,BAC_1,A,S|I|C,0.529,12.63,12.82,13.74,-1,0.602,0.845,0.62,0.726,1
d759b9473fea41da,BAC_1,A,I|A|S,0.446,4.01,3.44,3.44,1,0.489,0.74,0.158,0.565,0
9a6430080169484c,BAC_1,D,R|I|E,0.537,9.11,8.73,8.72,1,0.432,0.385,0.374,0.4,1
cc2e5f22e5104f85,BAC_1,G2,C|E|A,0.676,7.78,7.6,6.62,1,0.587,0.548,0.534,0.56,0
5dca0ca141ac4400,BAC_1,D,E|C|I,0.562,13.08,12.88,13.73,1,0.574,0.665,0.487,0.606,1
9f3e923e48b24f6d,BAC_1,A,S|E|C,0.518,9.63,9.72,11.32,-1,0.466,0.504,0.849,0.542,0
d9bfe331f9d74afa,BAC_1,D,E|C|I,0.648,11.41,10.01,10.66,1,0.753,0.583,0.366,0.61,1
4bc57117ba3946f1,BAC_1,A,E|S|A,0.574,14.71,14.4,15.01,1,0.445,0.838,0.577,0.661,1
cbcc4b7b9f144e50,BAC_1,D,A|E|S,0.597,13.14,12.59,11.78,1,0.524,0.528,0.464,0.517,1
e6c0d0bb50e94134,BAC_1,A,A|E|C,0.652,8.44,7.34,6.72,1,0.745,0.661,0.203,0.622,0
0e864c8a568a4b33,BAC_1,D,A|S|I,0.437,8.85,9.23,8.05,-1,0.475,0.34,0.135,0.357,0
25d0eb6c5ff44937,BAC_1,D,I|R|C,0.571,12.84,12.25,11.37,1,0.52,0.841,0.648,0.7,0
eea602594c9a4447,BAC_1,D,A|I|S,0.479,10.03,9.53,9.97,1,0.437,0.401,0.516,0.431,0
aacfc2b02ec44ab7,BAC_1,A,A|E|S,0.503,13.58,12.97,12.96,1,0.395,0.885,0.7,0.686,1
f061a643d5df43de,BAC_1,B,S|I|A,0.427,8.32,8.21,8.02,1,0.452,0.792,0.384,0.612,1
17afa39107fe456d,BAC_1,A,S|A|I,0.398,12.83,12.56,12.26,1,0.265,0.307,0.392,0.305,1
7c874cc13baa443c,BAC_1,F4,R|E|I,0.563,14.49,15.21,12.87,-1,0.562,0.941,0.459,0.736,1
3e9d3bd7d1e04e23,BAC_1,D,I|R|S,0.515,14.25,14.7,13.68,-1,0.417,0.646,0.525,0.548,0
1c662b1cece344cf,BAC_1,D,I|C|S,0.534,10.11,9.7,9.55,1,0.564,0.99,0.441,0.758,0
025dca68ec304d0c,BAC_1,A,E|S|A,0.505,11.57,9.96,10.93,1,0.683,0.436,0.614,0.549,0
5bfa423d9aff471f,BAC_1,G2,C|E|I,0.424,13.12,13.02,12.28,1,0.417,0.496,0.641,0.49,0
e31d6acc0af8409f,BAC_1,A,A|I|C,0.507,10.78,10.13,9.84,1,0.566,0.552,0.35,0.526,0
e297eeb7985a4e62,BAC_1,D,S|I|A,0.583,11.09,9.26,9.23,1,0.486,0.772,0.376,0.612,0
33f8baa13d0c4b99,BAC_1,A,S|C|A,0.462,9.5,8.88,8.81,1,0.399,0.901,0.477,0.662,1
8b2fee21002848da,BAC_1,A,I|E|S,0.48,10.76,9.67,10.85,1,0.416,0.761,0.562,0.611,1
41ccb17ed04545a1,BAC_1,A,A|S|I,0.442,14.17,14.16,15.21,1,0.317,0.847,0.181,0.562,1
a2f47c7f38824116,BAC_1,D,S|I|R,0.513,12.79,13.98,11.53,-1,0.84,0.821,0.455,0.773,0
aecbdec9984d4602,BAC_1,G3,E|S|C,0.443,9.45,9.39,7.04,1,0.334,0.637,0.694,0.54,0
9888f48a410f4e59,BAC_1,A,E|A|I,0.635,8.5,7.75,8.22,1,0.636,0.577,0.242,0.547,0
9c3c06e821494cf6,BAC_1,A,E|I|C,0.492,9.31,8.51,8.25,1,0.498,0.942,0.258,0.684,1
f28314ba39974150,BAC_1,D,R|I|C,0.54,7.28,8.19,5.71,-1,0.641,0.195,0.588,0.41,0
5b6eb5e1fe9e4147,BAC_1,D,R|I|C,0.547,8.7,8.77,8.29,-1,0.661,0.299,0.624,0.475,0
5a13cab0078b4ed2,BAC_1,A,A|S|I,0.493,9.02,9.04,9.55,-1,0.557,0.524,0.497,0.531,0
3a4340f4aa4b400c,BAC_1,D,R|E|S,0.532,9.13,10.16,7.26,-1,0.505,0.156,0.479,0.327,0
b4c7461441b046f2,BAC_1,D,R|S|E,0.474,11.99,10.48,10.95,1,0.469,0.24,0.875,0.416,0
5ccc2265fa904139,BAC_1,A,S|E|I,0.541,9.22,8.86,7.44,1,0.574,0.493,0.222,0.48,1
6a0f67729ac64d8c,BAC_1,A,S|C|A,0.478,11.83,10.34,11.02,1,0.5,0.844,0.339,0.648,1
a43bbaf40035432e,BAC_1,A,S|A|C,0.516,10.08,9.59,9.88,1,0.48,0.822,0.321,0.627,1
8d7a900dbadc45ad,BAC_1,D,S|A|E,0.549,10.12,10.76,7.45,-1,0.497,0.57,0.632,0.554,0
0c4938268a0a4533,BAC_1,A,E|S|C,0.53,9.38,8.1,9.2,1,0.655,0.608,0.407,0.595,0
45e23cb50a1d4db3,BAC_1,D,S|A|R,0.525,11.38,11.48,11.84,-1,0.491,0.599,0.444,0.538,1
ad66f2681b2c42b5,BAC_1,A,E|I|A,0.437,8.14,8.5,8.47,-1,0.491,0.546,0.61,0.537,1
f52838c5af6549e1,BAC_1,D,I|A|S,0.531,12.37,12.75,12.87,-1,0.444,0.813,0.296,0.606,0
327ccc4ab5084920,BAC_1,F1,A|R|S,0.602,8.55,8.98,9.01,-1,0.466,0.801,0.228,0.598,0
e316aaf98c6144a1,BAC_1,A,S|E|I,0.631,12.04,12.39,10.78,-1,0.646,0.333,0.668,0.493,0
19185924c8f14ba0,BAC_1,A,S|C|A,0.557,13.43,12.83,12.14,1,0.599,0.807,0.38,0.67,1
e6ae230288334014,BAC_1,A,S|R|A,0.504,11.85,11.62,9.66,1,0.625,0.776,0.123,0.625,1
cd85cb793b2146d1,BAC_1,D,E|C|I,0.629,10.91,9.65,9.5,1,0.535,0.734,0.638,0.65,1
dc9dbd0d24df4658,BAC_1,D,R|I|C,0.432,8.67,7.91,7.6,1,0.408,0.79,0.503,0.613,1
de0953ca11cf417c,BAC_1,A,C|I|E,0.518,8.86,8.59,9.19,1,0.292,0.543,0.684,0.476,0
ff6b5463e58e4fb6,BAC_1,D,I|A|S,0.516,12.56,11.81,10.87,1,0.38,0.1,0.246,0.22,1
aeb4391965104306,BAC_1,D,S|C|I,0.55,12.02,12.15,11.07,-1,0.565,0.594,0.693,0.599,1
4deab6e909de46c6,BAC_1,D,R|S|I,0.476,9.33,8.42,8.08,1,0.399,0.99,0.702,0.74,1
e04733fdb8824dc2,BAC_1,D,I|S|A,0.482,14.11,13.84,12.46,1,0.446,0.335,0.245,0.361,1
0634d8d57517422a,BAC_1,A,A|I|R,0.418,11.53,12.17,11.2,-1,0.426,0.376,0.528,0.416,0
62477bbc826047c0,BAC_1,D,R|A|I,0.535,8.08,8.09,8.51,-1,0.574,0.64,0.293,0.565,0
0e09eada848c4a85,BAC_1,D,S|E|C,0.521,8.8,8.15,8.61,1,0.493,0.1,0.626,0.317,0
79111640b21b4147,BAC_1,D,R|I|C,0.493,8.74,7.73,7.53,1,0.567,0.27,0.75,0.446,0
825897e0cffb41ec,BAC_1,D,C|E|S,0.581,9.68,8.29,8.84,1,0.517,0.632,0.677,0.599,1
724bce32700f4ad0,BAC_1,D,I|A|S,0.458,11.22,10.4,11.52,1,0.462,0.849,0.406,0.647,1
87b46cf491e548cd,BAC_1,A,E|C|I,0.451,10.0,9.9,8.95,1,0.268,0.865,0.337,0.577,0
7069388477a54922,BAC_1,G3,S|C|E,0.497,9.71,8.82,8.61,1,0.503,0.519,0.707,0.542,0
9fc30574d3214af8,BAC_1,A,E|C|R,0.508,11.47,10.14,10.4,1,0.512,0.99,0.913,0.811,0
bb1477b5bcd74ab5,BAC_1,D,I|S|C,0.529,17.61,16.93,17.45,1,0.457,0.394,0.718,0.465,0
aad6267925894289,BAC_1,D,S|A|C,0.447,8.74,7.58,8.69,1,0.435,0.99,0.28,0.689,0
e6db0c6409824bc1,BAC_1,A,E|S|I,0.527,10.57,9.82,10.38,1,0.538,0.202,0.541,0.37,0
327fada91fff48a4,BAC_1,A,C|S|E,0.503,11.13,11.0,10.51,1,0.53,0.558,0.586,0.552,0
ec6ca6b2497c4bdd,BAC_1,A,S|E|C,0.504,8.7,9.12,7.02,-1,0.587,0.511,0.5,0.536,1
422513a60f97484a,BAC_1,D,C|I|R,0.537,8.11,7.73,7.22,1,0.418,0.548,0.469,0.491,0
0bd50223554047db,BAC_1,A,S|A|I,0.53,11.71,9.26,12.15,1,0.473,0.99,0.681,0.763,0
6103e9f0f2984cb5,BAC_1,D,R|I|C,0.548,12.49,11.06,12.14,1,0.451,0.954,0.386,0.693,1
216c8f5d6c6b4674,BAC_1,A,A|C|I,0.432,11.61,11.18,10.02,1,0.479,0.854,0.581,0.682,0
3ba2419ca7554bb3,BAC_1,A,S|C|A,0.45,11.42,9.7,10.63,1,0.337,0.99,0.39,0.672,1
93ad3d1cb2c742a6,BAC_1,A,S|E|I,0.505,11.14,10.92,10.11,1,0.802,0.582,0.319,0.619,1
b02e2399d2ff42be,BAC_1,A,S|A|C,0.549,13.53,13.36,12.51,1,0.547,0.717,0.211,0.582,1
8072338b23114490,BAC_1,D,C|R|I,0.508,9.41,8.92,9.05,1,0.435,0.28,0.449,0.36,0
20758dc4362a4422,BAC_1,D,C|I|E,0.606,8.67,8.18,6.73,1,0.616,0.631,0.895,0.665,1
8e15755d98db45f1,BAC_1,A,S|A|I,0.488,11.77,11.89,11.25,-1,0.478,0.451,0.426,0.457,0
f55bb7bba43e4927,BAC_1,B,A|C|S,0.582,9.47,9.92,9.04,-1,0.521,0.709,0.464,0.606,1
56206ccd15a6459f,BAC_1,A,E|A|S,0.515,9.09,9.4,7.85,-1,0.571,0.607,0.514,0.58,1
0e3b69db24c04442,BAC_1,G3,C|E|I,0.47,7.62,7.32,6.92,1,0.415,0.649,0.836,0.595,1
b254b0e0ac004b12,BAC_1,A,A|I|E,0.425,8.17,8.07,7.7,1,0.439,0.339,0.557,0.407,0
1d90a993e7df4d1f,BAC_1,D,E|C|I,0.51,10.61,9.63,9.96,1,0.586,0.783,0.502,0.672,0
5281dfb7e5904156,BAC_1,A,S|I|A,0.441,8.12,7.36,7.33,1,0.591,0.726,0.796,0.69,0
a2de13bfa16f4b08,BAC_1,D,I|R|S,0.561,14.41,14.89,13.82,-1,0.497,0.377,0.378,0.419,0
303bd19efea843db,BAC_1,A,S|A|I,0.496,11.27,10.49,9.99,1,0.389,0.866,0.821,0.692,0
9d9b8840769c4890,BAC_1,B,A|S|I,0.465,11.38,10.27,12.18,1,0.129,0.739,0.1,0.429,1
1d0a1a5d1e7d4128,BAC_1,A,R|A|S,0.629,12.89,12.44,11.54,1,0.596,0.99,0.285,0.746,1
57d01319c0c747e5,BAC_1,A,A|S|I,0.386,9.93,10.77,9.63,-1,0.452,0.876,0.213,0.629,0
8e000147be06480a,BAC_1,D,R|A|I,0.551,7.98,7.39,8.61,1,0.623,0.768,0.515,0.679,0
3b121188c5984838,BAC_1,A,S|A|I,0.458,11.03,10.79,10.51,1,0.4,0.511,0.507,0.472,0
9da99522890945a7,BAC_1,D,S|A|R,0.567,6.57,5.81,4.99,1,0.372,0.573,0.213,0.449,0
8c3f448634e24363,BAC_1,D,I|R|C,0.482,12.48,11.93,11.36,1,0.424,0.233,0.436,0.33,0
7214c5ca8ea64c85,BAC_1,A,S|A|I,0.422,11.63,11.28,9.59,1,0.339,0.509,0.234,0.408,0
44ba0ae19fee4a59,BAC_1,D,C|E|I,0.493,11.19,10.95,11.37,1,0.482,0.812,0.649,0.672,0
0d431ac77be0476b,BAC_1,A,A|I|C,0.445,11.44,10.49,11.52,1,0.549,0.774,0.582,0.666,1
fc1e34d589ea4a2f,BAC_1,D,I|E|C,0.544,7.5,6.97,7.75,1,0.5,0.892,0.647,0.718,1
2a3a84d6dcf6422c,BAC_1,D,S|I|E,0.462,10.67,10.06,10.63,1,0.326,0.657,0.866,0.572,0
6fc07fa5f25047c0,BAC_1,A,S|A|E,0.528,9.02,7.96,8.41,1,0.285,0.828,0.679,0.616,0
50aada72fe5040b1,BAC_1,B,A|S|I,0.494,9.17,8.39,8.59,1,0.575,0.682,0.176,0.569,0
500b659412444f61,BAC_1,A,S|E|A,0.516,10.19,10.13,8.87,1,0.601,0.454,0.482,0.51,0
aad49ab25bef4e14,BAC_1,A,E|C|A,0.607,11.22,10.87,8.99,1,0.577,0.986,0.683,0.798,0
b3017168ca5e472e,BAC_1,D,E|S|C,0.572,10.06,8.71,8.68,1,0.397,0.386,0.537,0.413,1
74335b453dfe43ab,BAC_1,A,C|S|A,0.388,10.53,10.97,11.52,-1,0.622,0.872,0.408,0.715,1
99f4b99ef2534ff6,BAC_1,D,S|I|A,0.573,11.61,10.82,10.29,1,0.698,0.675,0.513,0.659,1
7e3199b9486240df,BAC_1,A,A|C|S,0.565,12.12,12.33,10.9,-1,0.498,0.593,0.614,0.563,1
5865c428ddd74d21,BAC_1,D,S|I|C,0.549,11.74,10.3,10.64,1,0.58,0.417,0.662,0.511,0
f327ab605b304281,BAC_1,A,I|C|E,0.623,8.76,8.43,9.56,1,0.485,0.35,0.63,0.439,1
235cb322b1da4794,BAC_1,A,R|S|A,0.499,10.1,10.6,8.93,-1,0.589,0.75,0.942,0.723,1
fae017ef2cf04b0a,BAC_1,F1,R|I|E,0.482,14.66,15.01,13.0,-1,0.707,0.899,0.65,0.794,1
9b8df85b23b7495c,BAC_1,D,S|I|R,0.437,11.09,10.73,8.45,1,0.339,0.703,0.556,0.554,0
5abf245626f64202,BAC_1,A,S|A|I,0.56,10.15,9.94,10.52,1,0.528,0.742,0.214,0.588,0
88401c92e1a64a9b,BAC_1,A,I|A|R,0.5,13.08,12.68,11.44,1,0.544,0.68,0.105,0.546,1
36d9cbcf233c4c33,BAC_1,A,I|A|S,0.554,12.56,12.69,11.99,-1,0.387,0.713,0.535,0.572,1
818e73b20eed49f5,BAC_1,D,C|R|I,0.478,14.6,14.26,12.86,1,0.548,0.754,0.709,0.675,0
08ed1dc517da4fc3,BAC_1,D,E|C|I,0.54,11.71,11.68,9.38,1,0.722,0.246,0.262,0.415,0
4a5644bc08974d0e,BAC_1,D,S|I|C,0.458,8.78,7.57,9.0,1,0.423,0.915,0.457,0.674,1
b5f4b74a08da42d0,BAC_1,D,I|E|C,0.512,14.26,12.07,14.11,1,0.765,0.99,0.378,0.819,1
1fae4d2cd764487e,BAC_1,D,C|I|S,0.661,12.37,11.98,10.62,1,0.57,0.967,0.551,0.765,0
55f428588f5843ed,BAC_1,A,A|C|E,0.388,12.17,12.4,11.11,-1,0.471,0.9,0.371,0.671,1
2df21fbf028a47a6,BAC_1,A,S|A|C,0.512,9.66,9.75,8.31,-1,0.629,0.921,0.443,0.747,1
780b9e14714348ef,BAC_1,D,A|S|C,0.483,6.15,6.01,6.4,1,0.365,0.794,0.421,0.588,1
37ba267e9cde4bd3,BAC_1,A,S|I|A,0.553,10.33,9.68,9.31,1,0.331,0.403,0.41,0.379,1
07f0a5b23329444c,BAC_1,D,I|C|S,0.426,10.91,10.48,11.69,1,0.277,0.99,0.468,0.662,1
2375e54395ca4af6,BAC_1,D,E|C|I,0.494,9.3,9.03,7.65,1,0.518,0.99,0.269,0.717,1
38fdc026abb041d9,BAC_1,A,S|C|R,0.587,12.58,12.67,12.09,-1,0.751,0.827,0.252,0.714,1
207e43d80791463e,BAC_1,A,S|C|A,0.491,10.36,10.92,9.99,-1,0.606,0.491,0.554,0.54,1
7dab68edce994580,BAC_1,G2,C|S|E,0.596,9.92,10.04,10.3,-1,0.45,0.439,0.59,0.465,0
579fa436cf2a42d2,BAC_1,A,S|A|C,0.548,11.14,10.5,11.84,1,0.641,0.441,0.99,0.593,0
1018887ce6ed4fe8,BAC_1,D,E|A|S,0.431,11.02,10.99,13.15,1,0.377,0.367,0.845,0.442,1
54ee14e4a71445aa,BAC_1,D,E|C|I,0.546,10.13,9.67,9.65,1,0.381,0.583,0.398,0.485,1
2914ef8ffb654e88,BAC_1,D,E|C|I,0.501,11.48,11.57,10.19,-1,0.27,0.949,0.539,0.65,0
8d82364b8018464b,BAC_1,D,S|I|E,0.393,10.34,9.13,9.44,1,0.286,0.99,0.246,0.632,0
ee39d309829a4d50,BAC_1,A,S|C|I,0.524,8.69,7.52,8.38,1,0.309,0.719,0.665,0.568,0
67745bfa72064178,BAC_1,A,A|S|C,0.447,10.3,10.41,7.99,-1,0.326,0.425,0.54,0.408,0
c1fbfdad1e7b4207,BAC_1,D,S|R|I,0.497,11.56,11.67,11.99,-1,0.36,0.64,0.461,0.515,0
7e9032d1e9a64b20,BAC_1,D,R|S|I,0.495,11.37,11.38,10.32,-1,0.813,0.99,0.292,0.824,1
e55150ab007043c8,BAC_1,D,E|S|C,0.619,9.8,8.83,7.24,1,0.752,0.819,0.625,0.766,1
d0e5d89ce94c4d58,BAC_1,A,I|C|A,0.526,9.64,9.09,8.74,1,0.509,0.71,0.319,0.581,0
a00f7691e38a4561,BAC_1,D,E|S|R,0.549,6.63,5.03,6.41,1,0.557,0.938,0.296,0.708,1
f1efa1ca85a14ad0,BAC_1,A,S|A|I,0.535,12.77,12.27,12.57,1,0.709,0.742,0.708,0.725,1
6f85a9e90f7b4e9b,BAC_1,D,I|C|E,0.52,8.99,9.36,8.33,-1,0.396,0.636,0.469,0.527,0
620cd2f3c4a64b12,BAC_1,D,R|C|I,0.498,9.93,9.15,8.9,1,0.557,0.987,0.505,0.764,0
3ee99296f5b14761,BAC_1,D,I|C|R,0.516,8.44,8.0,7.59,1,0.509,0.71,0.426,0.597,0
b335f247f5d749aa,BAC_1,D,R|A|I,0.565,13.85,12.66,12.76,1,0.418,0.774,0.74,0.644,1
13bc38052f9644c6,BAC_1,A,A|C|E,0.567,7.63,6.34,7.3,1,0.559,0.611,0.407,0.562,0
127ba2bcc0924253,BAC_1,D,S|E|C,0.55,11.71,11.84,10.98,-1,0.562,0.872,0.314,0.68,0
bb0e935c3fa64566,BAC_1,A,S|I|C,0.437,6.72,7.02,6.96,-1,0.428,0.918,0.72,0.717,0
fa42208a5c9745e7,BAC_1,D,I|C|E,0.57,14.18,14.3,14.7,-1,0.514,0.868,0.399,0.674,1
189f48dbc8684520,BAC_1,D,R|S|I,0.555,13.35,12.62,12.81,1,0.676,0.57,0.376,0.578,1
64774bd684b74723,BAC_1,G2,C|I|E,0.522,9.96,9.55,8.13,1,0.626,0.728,0.765,0.698,0
87a31258b9af4fd8,BAC_1,A,E|C|S,0.485,14.87,13.84,13.2,1,0.409,0.753,0.48,0.592,1
96a5edc6f55e4f99,BAC_1,D,A|C|E,0.602,12.17,11.55,11.52,1,0.74,0.652,0.409,0.646,0
8ac01d443d2e4d84,BAC_1,F2,E|C|I,0.36,9.87,9.48,9.61,1,0.15,0.29,0.632,0.292,0
b67267a3d81840c9,BAC_1,A,C|A|E,0.652,7.85,8.65,7.48,-1,0.574,0.901,0.671,0.752,1
03d922a8b3ec4018,BAC_1,D,C|S|I,0.512,14.53,14.32,13.3,1,0.554,0.431,0.466,0.479,0
6f4cc840188c4f09,BAC_1,A,C|S|E,0.667,10.66,9.63,8.93,1,0.592,0.814,0.257,0.653,1
97df56f1760e4269,BAC_1,D,E|S|I,0.483,10.83,10.65,8.08,1,0.626,0.19,0.635,0.409,0
da3897184e2e4cc2,BAC_1,D,I|R|C,0.532,13.04,12.56,12.73,1,0.514,0.733,0.618,0.639,1
64fae537c065496f,BAC_1,A,A|C|E,0.467,10.7,8.85,10.13,1,0.416,0.357,0.595,0.414,0
1027b697ffa846ba,BAC_1,A,S|I|A,0.553,13.26,14.58,11.88,-1,0.571,0.918,0.325,0.708,1
762a638a72c04433,BAC_1,A,S|C|E,0.55,10.21,10.52,9.77,-1,0.615,0.615,0.612,0.615,1
159a7e76d8b74aff,BAC_1,D,R|C|I,0.552,9.68,9.53,9.38,1,0.546,0.608,0.576,0.582,0
45abc218c8d249a6,BAC_1,D,R|E|C,0.553,8.06,9.04,6.19,-1,0.542,0.218,0.698,0.403,0
f7b4c9c085d94af3,BAC_1,A,S|C|E,0.521,14.23,13.65,13.41,1,0.721,0.631,0.407,0.629,0
f7424ca740364178,BAC_1,D,C|A|I,0.515,10.91,11.51,8.73,-1,0.384,0.419,0.321,0.392,0
22d5d9d2b5614e2b,BAC_1,A,S|E|I,0.415,9.75,9.5,8.26,1,0.482,0.944,0.265,0.681,1
39e2b9ff24744b39,BAC_1,D,S|I|A,0.562,12.56,12.64,10.44,-1,0.467,0.99,0.829,0.783,1
2cc6375babce4435,BAC_1,D,I|A|S,0.376,7.66,8.32,7.0,-1,0.276,0.526,0.732,0.469,0
66bbe6052b174b1c,BAC_1,D,A|I|C,0.487,9.48,10.27,8.73,-1,0.603,0.278,0.517,0.427,0
ed108ce6ff56493c,BAC_1,D,E|C|S,0.572,10.31,9.03,9.97,1,0.439,0.892,0.557,0.683,1
40fc2afc89dd4d4a,BAC_1,A,C|A|E,0.582,14.42,13.95,14.95,1,0.437,0.448,0.41,0.438,1
0651f27c46fc48c6,BAC_1,A,A|S|C,0.553,9.58,9.99,9.28,-1,0.289,0.541,0.645,0.468,0
a94b88d7322945aa,BAC_1,D,C|S|I,0.524,12.87,11.53,11.34,1,0.533,0.298,0.5,0.411,0
f274fc40868246b2,BAC_1,D,E|I|A,0.575,10.88,11.24,10.36,-1,0.62,0.786,0.443,0.676,0
7fa172f48c354dd6,BAC_1,A,S|E|A,0.489,12.3,11.02,12.07,1,0.531,0.798,0.78,0.702,1
a96f927437be48c1,BAC_1,A,A|E|S,0.559,10.2,11.09,10.26,-1,0.679,0.689,0.343,0.634,1
8e3efc53e4884794,BAC_1,D,C|I|S,0.622,12.17,11.2,12.44,1,0.823,0.407,0.676,0.593,0
b0443afe219d448e,BAC_1,A,E|S|I,0.585,9.42,8.31,9.78,1,0.628,0.661,0.602,0.641,0
d5d1f17caec245fa,BAC_1,D,E|S|A,0.393,9.69,7.45,10.23,1,0.333,0.588,0.317,0.458,0
14528eb4ba194ffa,BAC_1,D,S|I|A,0.518,7.87,8.47,6.87,-1,0.498,0.756,0.48,0.624,0
32a46a5b67d74168,BAC_1,A,A|S|I,0.398,10.15,9.84,10.27,1,0.4,0.91,0.436,0.661,0
d92b5e851852445e,BAC_1,D,E|I|C,0.457,6.19,6.56,5.42,-1,0.47,0.317,0.571,0.409,0
da023db421e243c9,BAC_1,D,E|I|C,0.501,8.68,8.66,8.63,1,0.37,0.642,0.512,0.527,0
77903619d6454b9f,BAC_1,A,S|A|E,0.452,8.88,8.94,6.12,-1,0.385,0.51,0.304,0.435,0
fff28854abe34650,BAC_1,G3,E|S|I,0.519,9.54,9.34,8.05,1,0.642,0.646,0.834,0.673,0
7349e4b75fcf4d4e,BAC_1,A,C|S|E,0.577,10.99,10.88,10.46,1,0.646,0.988,0.1,0.735,1
7ee136429a894246,BAC_1,G3,C|E|I,0.59,9.69,9.42,7.89,1,0.874,0.418,0.328,0.564,0
fde233a5312b4816,BAC_1,F2,C|I|R,0.581,13.91,14.2,14.23,-1,0.555,0.295,0.752,0.455,0
310a5ed77c984cd0,BAC_1,A,I|E|C,0.477,12.46,12.55,13.24,-1,0.471,0.433,0.661,0.481,1
3a500fde19184791,BAC_1,D,S|A|C,0.584,6.73,6.23,5.43,1,0.659,0.882,0.827,0.795,1
090f808167e7440e,BAC_1,A,E|A|C,0.59,9.43,9.41,9.8,1,0.552,0.585,0.318,0.534,1
4dc36e3817d4435e,BAC_1,D,R|I|E,0.489,9.87,10.4,8.29,-1,0.418,0.539,0.435,0.481,0
1b82dcaa3b964a5e,BAC_1,A,R|I|S,0.445,7.99,7.52,7.18,1,0.555,0.877,0.663,0.732,1
ab4bd2fb41ad4ed9,BAC_1,D,S|I|E,0.575,12.09,12.42,10.16,-1,0.387,0.668,0.294,0.514,1
e9f0340d26564ae1,BAC_1,A,C|E|S,0.581,13.43,14.14,12.21,-1,0.704,0.574,0.642,0.63,1
3e1041c3810c4bda,BAC_1,D,I|E|C,0.479,5.95,5.13,5.36,1,0.532,0.595,0.783,0.601,0
31cf40fdc6ad4a25,BAC_1,D,I|S|C,0.496,9.11,8.72,10.24,1,0.62,0.304,0.208,0.4,0
f46f960320d54d7d,BAC_1,A,S|E|C,0.491,9.24,8.8,9.34,1,0.533,0.69,0.42,0.594,0
6ce6d6cbfb5b4876,BAC_1,D,S|I|C,0.508,15.54,14.81,15.07,1,0.541,0.99,0.476,0.756,0
1131e41515eb460f,BAC_1,D,E|C|S,0.608,9.12,7.53,9.58,1,0.793,0.619,0.644,0.684,1
1c1ede6c39b94d33,BAC_1,A,C|E|A,0.488,8.23,8.66,8.23,-1,0.454,0.352,0.1,0.35,0
29fc9a1f2cf941b8,BAC_1,D,I|R|A,0.469,11.88,11.97,10.38,-1,0.599,0.574,0.563,0.581,1
c447d5e79ff2454c,BAC_1,A,S|A|C,0.505,8.69,8.73,8.06,-1,0.444,0.748,0.431,0.594,0
3cb0d1232fd64cf6,BAC_1,A,I|S|A,0.453,10.32,9.24,9.18,1,0.402,0.894,0.1,0.603,1
31f14abe086543a5,BAC_1,C,R|I|E,0.612,8.58,8.41,7.83,1,0.459,0.706,0.336,0.564,1
1aa61767b1094458,BAC_1,A,E|S|I,0.506,14.75,14.3,14.57,1,0.597,0.99,0.401,0.764,1
b697e53142824322,BAC_1,A,S|I|E,0.621,13.13,12.48,11.88,1,0.636,0.75,0.543,0.679,0
8e8f8acea52541ae,BAC_1,D,R|C|I,0.484,10.3,9.68,10.57,1,0.515,0.546,0.274,0.494,1
a219453a915f48b6,BAC_1,D,S|A|C,0.527,9.36,8.56,9.05,1,0.628,0.312,0.844,0.503,1
585b45440d5b405d,BAC_1,A,S|R|E,0.632,11.5,12.31,9.65,-1,0.525,0.568,0.474,0.539,0
98e8e977a2d4455f,BAC_1,A,S|E|A,0.683,7.87,8.23,8.75,-1,0.572,0.833,0.488,0.69,1
947effd75a3044c3,BAC_1,A,C|A|S,0.41,8.91,8.36,8.29,1,0.419,0.705,0.326,0.548,0
cf61b353d8654d4b,BAC_1,D,R|S|I,0.628,12.96,10.97,11.84,1,0.716,0.911,0.629,0.801,0
0b0da40b491c4c08,BAC_1,A,A|S|E,0.482,12.0,10.88,11.79,1,0.445,0.191,0.353,0.304,1
8f568f9287654ded,BAC_1,D,A|I|S,0.494,9.05,8.03,9.04,1,0.369,0.525,0.866,0.522,0
ffc1a23218ac4631,BAC_1,A,A|C|S,0.489,8.53,7.21,7.75,1,0.508,0.205,0.396,0.34,0
17a48a35342b447c,BAC_1,A,C|E|I,0.56,11.22,11.16,11.49,1,0.534,0.218,0.386,0.354,1
4db213fd99f34011,BAC_1,D,I|R|C,0.612,11.77,11.56,11.51,1,0.557,0.413,0.533,0.481,0
7f6d024251904b38,BAC_1,A,E|C|I,0.628,10.85,10.32,10.16,1,0.471,0.853,0.822,0.715,1
c7785b4263d84266,BAC_1,A,S|A|I,0.587,10.86,11.86,9.71,-1,0.439,0.927,0.497,0.692,1
8e573bb9b81d4f66,BAC_1,D,S|C|E,0.432,10.52,10.94,9.97,-1,0.612,0.614,0.519,0.599,0
7a3613e5464e4c09,BAC_1,D,C|R|I,0.579,10.74,11.38,11.22,-1,0.522,0.845,0.273,0.646,0
4f06935d8833477d,BAC_1,A,C|E|R,0.4,11.58,11.57,8.75,1,0.428,0.253,0.903,0.412,1
8319b324af39443f,BAC_1,A,A|S|E,0.448,6.88,5.99,4.75,1,0.537,0.888,0.493,0.706,0
88652d63286f4227,BAC_1,D,C|E|I,0.65,8.83,8.02,8.51,1,0.58,0.411,0.317,0.456,0
77aa3ad787814fdb,BAC_1,A,S|A|C,0.387,11.39,10.45,11.72,1,0.347,0.802,0.407,0.584,0
72001c77cb464e16,BAC_1,A,I|A|E,0.529,9.89,9.75,9.4,1,0.614,0.56,0.635,0.59,1
6347487c955044ce,BAC_1,D,I|C|S,0.57,11.86,11.04,11.7,1,0.458,0.67,0.356,0.549,0
9c0f6904f07c442f,BAC_1,D,S|I|C,0.554,11.34,12.26,11.48,-1,0.736,0.99,0.57,0.838,1
2a15d19cb51a4ba3,BAC_1,D,A|E|I,0.476,8.62,8.17,8.22,1,0.437,0.937,0.395,0.681,0
c249b33b74d04e28,BAC_1,D,S|I|E,0.385,10.35,11.08,10.19,-1,0.465,0.465,0.628,0.489,0
560b42aeabcc4d08,BAC_1,D,E|C|S,0.51,11.64,11.14,12.04,1,0.388,0.655,0.801,0.584,0
a11a27ca711a4e4c,BAC_1,D,R|E|C,0.54,8.15,8.32,6.73,-1,0.44,0.676,0.51,0.569,1
83d6c5d52e644569,BAC_1,D,R|I|C,0.507,9.75,10.34,11.08,-1,0.554,0.99,0.424,0.753,1
4175852a43d641c6,BAC_1,A,A|I|S,0.449,9.59,8.84,9.51,1,0.555,0.837,0.887,0.746,1
02c8074cad374778,BAC_1,D,S|I|A,0.497,8.62,8.71,6.17,-1,0.507,0.288,0.724,0.43,1
6dc9d88769ef4760,BAC_1,D,S|A|I,0.383,10.28,9.67,9.59,1,0.295,0.844,0.466,0.595,1
ccdb47921fd24f66,BAC_1,G3,C|I|S,0.392,10.22,9.71,9.41,1,0.431,0.626,0.244,0.501,0
98fc102edc6a46e7,BAC_1,A,S|E|C,0.47,12.05,10.09,10.57,1,0.358,0.779,0.49,0.588,1
712a90c6f35146d9,BAC_1,D,A|I|S,0.438,8.51,7.97,5.78,1,0.523,0.4,0.543,0.465,0
1186f25d6d1d406b,BAC_1,F3,R|S|C,0.479,11.29,11.53,9.37,-1,0.541,0.671,0.531,0.604,0
ed8331282d0c43cd,BAC_1,A,C|A|S,0.511,11.04,11.17,11.89,-1,0.583,0.762,0.339,0.636,0
b4f1f41a55b649a7,BAC_1,D,E|C|S,0.596,9.08,7.32,7.03,1,0.59,0.411,0.47,0.483,0
1182a72766b048f4,BAC_1,D,A|E|C,0.533,8.85,7.9,8.25,1,0.498,0.185,0.474,0.338,0
d96939cf8f6a4695,BAC_1,D,C|I|R,0.507,11.33,10.82,11.73,1,0.57,0.61,0.395,0.564,0
dd65c07e83534956,BAC_1,A,E|C|I,0.413,10.5,9.56,10.1,1,0.378,0.787,0.444,0.592,1
f0da6564e5004888,BAC_1,A,A|E|S,0.516,8.04,7.59,7.12,1,0.462,0.99,0.447,0.724,1
2e7ecb38bd1f491d,BAC_1,C,S|A|I,0.542,14.29,14.39,12.42,-1,0.527,0.808,0.636,0.684,0
339928495af54102,BAC_1,D,I|R|C,0.513,12.15,12.11,11.34,1,0.583,0.814,0.535,0.691,0
08e72325deb943eb,BAC_1,A,E|C|I,0.511,11.91,12.21,11.51,-1,0.574,0.99,0.603,0.786,1
a05824ed27354b15,BAC_1,A,A|C|S,0.461,9.06,8.89,9.71,1,0.265,0.826,0.196,0.535,0
1a5995c70f5440c1,BAC_1,A,C|E|S,0.48,11.58,10.46,12.35,1,0.477,0.843,0.545,0.67,0
256403178f954e25,BAC_1,D,A|S|I,0.482,8.31,6.14,6.94,1,0.49,0.808,0.191,0.604,1
75fede0891d1488f,BAC_1,D,I|R|E,0.531,11.61,11.29,9.06,1,0.566,0.627,0.529,0.591,0
3f61c01515a9437a,BAC_1,D,E|S|C,0.485,8.66,7.97,5.8,1,0.492,0.412,0.482,0.451,0
8cfee40b54f046b4,BAC_1,A,S|A|E,0.519,11.97,12.42,10.63,-1,0.453,0.99,0.229,0.688,0
816435bab58642ec,BAC_1,A,C|S|E,0.537,7.74,8.29,7.59,-1,0.476,0.99,0.662,0.761,1
3df62fe894c245d6,BAC_1,B,A|C|E,0.519,14.16,13.35,13.84,1,0.512,0.571,0.454,0.533,1
a0766ce735a14d53,BAC_1,A,A|S|I,0.556,8.72,9.08,8.73,-1,0.626,0.745,0.431,0.656,1
e8c5a70ca61b4330,BAC_1,F4,C|I|S,0.567,9.55,9.59,10.09,-1,0.593,0.587,0.446,0.568,0
7a6821d7cf004ea1,BAC_1,D,R|I|S,0.391,9.5,8.68,10.11,1,0.427,0.236,0.468,0.337,1
639262e026114480,BAC_1,D,I|S|C,0.588,8.19,7.47,8.17,1,0.704,0.99,0.478,0.813,0
54af9320dd6246a1,BAC_1,D,R|I|C,0.587,7.74,7.64,7.18,1,0.626,0.826,0.454,0.7,0
e29aab9d9b8a4371,BAC_1,A,S|A|I,0.552,10.15,9.56,7.14,1,0.682,0.795,0.627,0.731,0
1b4da1d428cd4ca0,BAC_1,A,A|E|C,0.648,9.93,8.77,10.38,1,0.645,0.942,0.83,0.821,1
965f3594f8644b59,BAC_1,D,I|R|E,0.565,8.56,6.51,8.0,1,0.415,0.704,0.47,0.568,0
01568247008e412f,BAC_1,D,S|C|I,0.511,12.0,11.57,10.71,1,0.395,0.387,0.421,0.395,0
a784ab18cfae4e91,BAC_1,F3,R|E|A,0.561,11.52,11.61,13.06,-1,0.428,0.559,0.194,0.458,1
9b774cbe848e4a60,BAC_1,E,I|C|S,0.629,9.93,8.88,7.8,1,0.671,0.846,0.408,0.719,0
d4d81358c4b24e71,BAC_1,A,E|S|I,0.581,11.57,10.89,9.76,1,0.537,0.92,0.39,0.706,0
3406d273aee647cc,BAC_1,D,C|E|I,0.554,8.89,8.18,7.74,1,0.54,0.133,0.69,0.359,0
048976de6bd94c33,BAC_1,D,C|I|A,0.503,11.69,10.72,11.07,1,0.679,0.288,0.539,0.463,0
be42d9fa1f07490b,BAC_1,D,R|S|E,0.679,11.46,12.4,11.17,-1,0.55,0.65,0.808,0.639,1
9170d0293bf14a7b,BAC_1,G2,I|C|A,0.6,9.71,9.69,8.77,1,0.403,0.569,0.62,0.519,1
f5afc42535454ca9,BAC_1,A,I|A|E,0.422,10.01,8.66,9.55,1,0.333,0.264,0.818,0.371,0
e17f1ee2806b40b3,BAC_1,D,I|E|C,0.537,10.67,10.5,10.06,1,0.44,0.918,0.648,0.71,0
3afd26279bce4d0c,BAC_1,D,I|S|E,0.577,11.65,10.74,10.63,1,0.699,0.547,0.344,0.57,0
1bb27ac486394d22,BAC_1,G3,C|I|E,0.571,9.53,8.35,9.92,1,0.538,0.466,0.409,0.482,0
79f3580fddeb4278,BAC_1,A,S|I|A,0.487,6.79,8.24,5.13,-1,0.472,0.727,0.456,0.597,0
128cc385ac754522,BAC_1,A,S|I|E,0.441,11.54,12.31,12.05,-1,0.41,0.857,0.626,0.666,1
7a2ba2d3237344c9,BAC_1,D,I|C|R,0.611,11.85,10.62,10.13,1,0.557,0.583,0.41,0.548,0
613cf902974a4892,BAC_1,G2,I|E|C,0.525,11.39,9.48,9.68,1,0.434,0.444,0.395,0.433,1
ad620a0b4bf84e18,BAC_1,D,S|I|C,0.52,9.53,9.56,9.73,-1,0.491,0.325,0.145,0.356,0
b0ea198320d34604,BAC_1,D,I|C|A,0.556,10.77,10.67,10.39,1,0.577,0.935,0.586,0.758,0
6097ab9e049c42b3,BAC_1,A,S|I|A,0.668,9.41,9.34,8.35,1,0.779,0.422,0.638,0.579,0
417482d1c5c54f96,BAC_1,A,S|I|C,0.474,8.98,8.52,8.09,1,0.434,0.6,0.553,0.535,1
66e3641fc72c4d98,BAC_1,A,S|C|A,0.515,7.85,6.94,6.93,1,0.594,0.636,0.302,0.572,1
569eff5a256b4a6c,BAC_1,A,S|A|I,0.448,14.39,13.07,14.8,1,0.409,0.924,0.558,0.689,1
8e9a3afa795e40cc,BAC_1,D,A|E|S,0.465,7.91,7.03,8.14,1,0.28,0.91,0.555,0.636,0
23d5653e4069446f,BAC_1,D,R|E|C,0.526,8.72,7.5,7.76,1,0.507,0.838,0.104,0.612,0
747135dc94d84ac7,BAC_1,D,I|S|A,0.508,7.81,6.29,7.96,1,0.537,0.724,0.521,0.628,0
072ce2f89c27426b,BAC_1,B,S|C|I,0.431,7.79,7.33,7.09,1,0.279,0.742,0.273,0.509,0
95dd0422a10543b1,BAC_1,T1,R|S|E,0.628,13.93,13.1,12.04,1,0.722,0.977,0.674,0.842,1
a1f68f4568c7417b,BAC_1,A,C|S|I,0.508,7.88,7.4,7.83,1,0.384,0.624,0.443,0.513,1
e75131302fdd462a,BAC_1,A,C|I|A,0.486,8.64,6.77,6.97,1,0.6,0.698,0.581,0.646,0
7bada049676f4631,BAC_1,B,S|E|A,0.548,14.35,14.28,13.69,1,0.416,0.615,0.584,0.541,1
3572d9eba57d4e21,BAC_1,D,R|E|I,0.481,11.47,11.04,12.3,1,0.422,0.426,0.576,0.447,1
87d1fd42506047aa,BAC_1,D,I|E|R,0.618,12.55,11.66,11.09,1,0.659,0.368,0.504,0.49,0
bcdd761dfb50416b,BAC_1,A,S|A|I,0.477,10.56,10.82,9.34,-1,0.48,0.861,0.398,0.659,1
75c8ab9a74bd453d,BAC_1,A,A|S|E,0.496,12.67,12.82,13.46,-1,0.299,0.621,0.51,0.492,0
60efc69f8cbc431e,BAC_1,D,C|R|I,0.474,8.68,7.72,7.07,1,0.616,0.574,0.28,0.545,1
c5efe4089a684724,BAC_1,D,S|I|C,0.519,8.19,7.43,6.76,1,0.528,0.543,0.499,0.531,1
72a86d76b6494498,BAC_1,A,A|S|E,0.477,10.04,8.99,9.58,1,0.593,0.9,0.76,0.771,0
18e02623c41442af,BAC_1,D,R|I|S,0.606,10.76,11.26,9.39,-1,0.714,0.496,0.364,0.552,0
34e1d77dbe5e42df,BAC_1,A,S|I|E,0.457,11.66,12.47,12.43,-1,0.44,0.493,0.608,0.492,0
44daecb160ca436b,BAC_1,A,E|A|R,0.617,9.3,9.01,8.69,1,0.611,0.972,0.353,0.753,0
36ff8de0894f4d9e,BAC_1,A,A|R|S,0.462,8.07,7.84,6.59,1,0.46,0.99,0.536,0.736,1
f383bcf2694f46bc,BAC_1,D,C|E|I,0.518,12.94,13.45,11.97,-1,0.549,0.549,0.462,0.536,1
7ba6be20429445cd,BAC_1,D,E|C|I,0.485,8.27,9.43,6.8,-1,0.411,0.672,0.621,0.573,1
d2ec15921da447ce,BAC_1,D,R|E|I,0.537,10.47,10.59,8.69,-1,0.577,0.775,0.137,0.61,0
1f85081f65d44938,BAC_1,D,C|E|I,0.548,8.58,7.75,8.5,1,0.556,0.728,0.429,0.623,1
cd55e6d3f60c4d71,BAC_1,A,R|C|A,0.537,9.56,9.29,8.5,1,0.42,0.597,0.279,0.487,0
90828b824fa14a7e,BAC_1,D,R|I|S,0.422,13.84,14.07,13.44,-1,0.273,0.576,0.598,0.474,1
0cee21ad1d9f40a2,BAC_1,A,A|S|I,0.483,10.09,10.32,9.89,-1,0.44,0.857,0.477,0.654,0
c05d8dc90de945a9,BAC_1,A,A|R|S,0.59,8.1,8.46,6.77,-1,0.686,0.728,0.409,0.665,0
02d6cf47ccec40ea,BAC_1,A,A|S|C,0.485,12.56,12.01,12.13,1,0.562,0.302,0.527,0.427,0
bf4f409a6d344470,BAC_1,D,I|E|A,0.577,8.73,9.33,9.02,-1,0.506,0.326,0.457,0.409,0
c6455bb8656d43fe,BAC_1,D,R|E|I,0.415,8.43,8.28,8.37,1,0.462,0.334,0.356,0.382,0
df2f5b5ba409423f,BAC_1,F1,R|I|C,0.573,10.89,9.77,10.21,1,0.607,0.836,0.669,0.731,0
ef54c54910d547c0,BAC_1,A,A|S|C,0.5,9.48,8.86,9.61,1,0.407,0.332,0.357,0.362,0
b1365c49a9964774,BAC_1,D,C|S|I,0.486,10.84,11.7,10.27,-1,0.507,0.954,0.571,0.74,0
78b0dfaab33b4b5d,BAC_1,G3,C|S|A,0.598,10.36,10.16,10.29,1,0.683,0.467,0.461,0.542,0
9e8d044d6faa44de,BAC_1,B,A|C|I,0.446,9.88,9.83,9.42,1,0.247,0.708,0.269,0.481,0
9e9bb2401e924298,BAC_1,D,C|S|E,0.551,11.02,10.49,8.68,1,0.578,0.614,0.54,0.59,0
6b0d0b24ff2b4290,BAC_1,D,S|E|A,0.572,10.82,10.03,9.8,1,0.565,0.456,0.587,0.514,0
86df73c63edc4065,BAC_1,A,E|I|C,0.539,10.14,9.13,9.64,1,0.505,0.903,0.566,0.713,1
0447da3004bb4d9b,BAC_1,F1,R|I|C,0.588,7.06,7.31,8.29,-1,0.662,0.792,0.43,0.692,1
47387c3728d54f1f,BAC_1,A,S|A|E,0.472,10.58,10.55,10.71,1,0.347,0.742,0.911,0.629,0
5f32e59d1fda441d,BAC_1,D,E|A|S,0.451,10.26,11.17,10.63,-1,0.422,0.412,0.594,0.442,0
aeb7d2ceb65c4714,BAC_1,A,S|C|I,0.577,10.07,9.04,10.5,1,0.555,0.648,0.686,0.621,1
a35b8a22748a4878,BAC_1,D,S|A|C,0.417,9.37,10.77,8.32,-1,0.354,0.573,0.679,0.512,0
403d3ee7349b4902,BAC_1,A,A|E|S,0.375,11.42,9.96,10.36,1,0.251,0.278,0.252,0.264,0
f448ba7e75ec4b47,BAC_1,A,R|A|S,0.584,10.81,9.87,11.96,1,0.702,0.557,0.575,0.611,0
342402343c66451a,BAC_1,D,I|S|C,0.658,10.69,10.46,10.56,1,0.717,0.99,0.166,0.771,0
a361b8c56424439b,BAC_1,D,C|E|I,0.575,11.64,10.64,12.24,1,0.546,0.768,0.2,0.605,0
f3a4f47997654038,BAC_1,A,S|C|A,0.457,12.99,13.49,11.6,-1,0.554,0.373,0.229,0.415,1
be4658ada5b24c51,BAC_1,A,I|S|E,0.511,9.6,9.64,9.56,-1,0.431,0.809,0.771,0.671,0
edd17edfc8694795,BAC_1,A,E|I|S,0.635,12.86,13.05,12.45,-1,0.662,0.212,0.737,0.448,0
ffb188a3074549b1,BAC_1,D,S|I|R,0.5,12.34,11.77,11.69,1,0.323,0.747,0.355,0.54,0
819892bac7e545de,BAC_1,D,S|E|R,0.518,11.13,11.07,10.71,1,0.422,0.49,0.523,0.471,1
c9ac0672a33d4b19,BAC_1,D,I|S|C,0.524,12.53,10.94,12.45,1,0.406,0.557,0.385,0.478,0
5a8d4907de8f4c44,BAC_1,D,E|C|A,0.646,8.84,7.44,7.26,1,0.662,0.761,0.689,0.715,0
eaebd02e139444d0,BAC_1,A,S|I|A,0.524,7.51,7.09,7.29,1,0.49,0.498,0.809,0.542,1
aa2632dbe75a4791,BAC_1,B,S|I|E,0.522,11.41,10.59,10.16,1,0.626,0.758,0.661,0.697,0
122bd79b2f5546aa,BAC_1,D,C|E|I,0.461,9.83,7.78,8.21,1,0.393,0.4,0.608,0.428,0
6d26caa49b61422b,BAC_1,D,I|S|R,0.55,10.08,9.48,7.98,1,0.67,0.676,0.319,0.621,0
5f0a4a91d4b94704,BAC_1,A,E|R|A,0.555,10.04,9.58,11.54,1,0.772,0.663,0.611,0.694,0
f1f661db54be476f,BAC_1,G2,C|S|E,0.575,13.15,12.05,12.53,1,0.482,0.671,0.487,0.577,0
a10cf1b88d3d427f,BAC_1,A,I|A|E,0.512,12.13,12.73,12.78,-1,0.511,0.979,0.385,0.726,1
8eb664ee418e4711,BAC_1,D,R|I|A,0.424,10.88,9.41,10.38,1,0.433,0.461,0.337,0.433,0
6e39621b9a5649c1,BAC_1,A,E|S|C,0.649,11.87,11.68,11.95,1,0.603,0.52,0.611,0.563,0
11060d39a2cc44ea,BAC_1,G2,C|S|I,0.497,7.05,5.57,7.15,1,0.351,0.581,0.376,0.47,1
fbf175df85644749,BAC_1,A,A|C|S,0.56,9.62,9.67,8.74,-1,0.66,0.644,0.284,0.595,0
77e87d179f5649f4,BAC_1,A,E|S|C,0.398,10.28,9.91,8.35,1,0.364,0.817,0.483,0.609,1
65b904aff2c342fd,BAC_1,A,S|E|A,0.535,8.76,8.4,9.19,1,0.635,0.306,0.586,0.463,0
55e7079bbd624f73,BAC_1,A,S|A|C,0.523,10.64,9.99,9.67,1,0.513,0.692,0.579,0.612,0
7600b6b40a84469b,BAC_1,D,E|C|S,0.427,10.02,9.56,8.44,1,0.611,0.711,0.431,0.634,1
6b7360efbb034ec1,BAC_1,D,C|S|I,0.527,13.11,13.73,11.58,-1,0.654,0.48,0.771,0.584,1
0a655daf2bdc45fb,BAC_1,G3,E|C|S,0.523,10.35,10.38,9.41,-1,0.666,0.482,0.14,0.495,1
d67a03e51c4b4c19,BAC_1,A,C|E|I,0.629,8.73,9.06,9.05,-1,0.607,0.219,0.406,0.383,1
28039e19b4f54ad6,BAC_1,A,C|S|I,0.507,9.92,10.8,9.16,-1,0.437,0.396,0.72,0.459,0
ec5475f9ede94aa9,BAC_1,D,R|I|C,0.535,11.36,11.51,10.09,-1,0.609,0.614,0.689,0.623,0
a62fa02df07847ef,BAC_1,A,S|I|C,0.494,8.89,9.52,9.43,-1,0.451,0.644,0.405,0.54,1
991761215b254c86,BAC_1,A,E|C|A,0.655,12.92,12.88,11.75,1,0.857,0.627,0.76,0.727,0
39c0ad3c1f2c4522,BAC_1,A,I|S|A,0.495,11.18,11.31,12.68,-1,0.55,0.573,0.326,0.528,1
535862dda1784724,BAC_1,A,A|I|S,0.549,12.38,11.93,11.41,1,0.514,0.768,0.488,0.637,1
11505d3fe5ac4f0f,BAC_1,D,I|R|E,0.563,8.84,7.9,8.81,1,0.472,0.614,0.431,0.537,0
cf644814b6a8493c,BAC_1,A,E|R|A,0.458,11.4,10.54,10.45,1,0.468,0.99,0.531,0.738,1
665078551dea4c02,BAC_1,D,R|C|E,0.556,11.63,11.02,11.48,1,0.658,0.85,0.702,0.76,0
da56b6f6ecc34799,BAC_1,D,C|E|I,0.633,7.85,8.18,8.12,-1,0.728,0.99,0.374,0.806,1
8ec3b858a3cf4430,BAC_1,D,I|S|A,0.431,8.76,8.27,8.67,1,0.32,0.974,0.236,0.635,1
04ac9a7b675345ad,BAC_1,D,I|R|A,0.532,9.33,9.32,9.73,1,0.331,0.459,0.298,0.39,0
8a64bdff4fa041a8,BAC_1,A,A|C|R,0.418,9.88,9.88,10.27,1,0.43,0.657,0.187,0.507,1
6d67f1e7df964288,BAC_1,D,I|R|E,0.598,13.86,13.7,14.36,1,0.764,0.466,0.1,0.515,0
2c70211bad8c434d,BAC_1,A,I|S|A,0.39,10.54,9.94,6.96,1,0.436,0.888,0.509,0.673,1
8ce5f1bf77d140c7,BAC_1,D,R|C|I,0.502,6.99,6.14,5.22,1,0.277,0.47,0.3,0.377,1
6b52a0c6281544ce,BAC_1,D,E|I|R,0.479,11.72,10.74,11.55,1,0.448,0.977,0.1,0.66,1
bb175bb673724ddc,BAC_1,G1,E|C|I,0.555,10.76,10.17,10.8,1,0.535,0.758,0.488,0.639,0
37a51520d1d14454,BAC_1,A,E|C|I,0.589,9.27,8.96,7.8,1,0.717,0.615,0.518,0.636,1
eee04a13aa9447ea,BAC_1,A,I|S|A,0.504,9.34,9.71,7.5,-1,0.449,0.304,0.603,0.399,0
30c6a31191be4c79,BAC_1,A,A|I|E,0.452,12.95,11.88,13.99,1,0.388,0.345,0.525,0.387,1
b02efee97d214449,BAC_1,D,E|S|R,0.47,7.78,7.39,6.41,1,0.475,0.372,0.85,0.48,0
2e8b36632ea04891,BAC_1,D,E|R|A,0.652,9.48,9.53,8.9,-1,0.611,0.586,0.506,0.583,1
c4fa028f41c145d7,BAC_1,A,E|C|A,0.451,10.33,10.24,9.75,1,0.434,0.99,0.646,0.744,0
f544eeac61714951,BAC_1,D,I|A|C,0.496,9.45,9.38,7.77,1,0.411,0.262,0.663,0.374,0
b1521acbdf62419b,BAC_1,D,E|S|A,0.566,9.95,9.7,10.41,1,0.448,0.415,0.449,0.432,0
d18149d4463641b2,BAC_1,D,C|I|E,0.59,10.56,11.7,9.11,-1,0.594,0.486,0.797,0.57,0
0b3425790165441c,BAC_1,D,I|E|R,0.448,11.34,11.29,9.79,1,0.547,0.985,0.378,0.74,1
f89e6ec8f4cf4ef1,BAC_1,A,A|S|I,0.509,8.52,9.55,9.11,-1,0.503,0.637,0.332,0.544,0
aeced5e18bb24cc5,BAC_1,A,E|C|A,0.547,8.26,8.27,8.54,-1,0.459,0.942,0.238,0.667,0
25a93a51662e426e,BAC_1,A,I|C|A,0.486,10.5,11.67,9.85,-1,0.529,0.897,0.597,0.723,0
5ee87af20c23487f,BAC_1,D,I|A|C,0.508,6.48,6.6,4.81,-1,0.505,0.4,0.373,0.433,1
0e11889b185a437c,BAC_1,A,I|S|C,0.51,14.04,14.43,12.68,-1,0.588,0.867,0.468,0.71,1
620a862ab75f4f36,BAC_1,A,R|S|C,0.65,8.9,7.84,7.67,1,0.632,0.828,0.558,0.719,1
32ebbe6330bb419f,BAC_1,A,A|R|S,0.611,10.73,10.32,9.74,1,0.67,0.363,0.286,0.459,1
d6c6c07fe60846db,BAC_1,A,A|I|E,0.52,11.6,11.04,10.94,1,0.569,0.46,0.716,0.536,0
e3ff13785f724921,BAC_1,G2,C|I|E,0.489,9.68,8.46,10.3,1,0.349,0.556,0.448,0.467,0
f1bd7439f0dc42ce,BAC_1,A,A|I|E,0.495,10.7,9.73,9.53,1,0.421,0.935,0.384,0.673,0
8986e92cf1584d94,BAC_1,A,A|E|I,0.506,13.71,14.55,14.22,-1,0.563,0.45,0.4,0.482,1
dbcfab7e044a4a51,BAC_1,A,S|C|E,0.437,7.75,7.26,5.59,1,0.392,0.56,0.436,0.483,0
9036454484b142a8,BAC_1,A,S|I|A,0.464,10.08,10.69,8.39,-1,0.452,0.474,0.597,0.485,1
51ba357721184272,BAC_1,D,R|E|I,0.543,12.21,11.39,11.8,1,0.584,0.724,0.784,0.684,1
28cec56bbb954033,BAC_1,D,R|E|I,0.558,7.27,6.86,7.68,1,0.58,0.657,0.402,0.592,1
15c05b83216045de,BAC_1,D,I|R|C,0.579,7.76,7.4,7.29,1,0.52,0.405,0.192,0.413,0
fb3d369685804a43,BAC_1,D,C|E|S,0.604,8.38,7.34,5.72,1,0.389,0.845,0.308,0.605,1
563c193595c24271,BAC_1,A,E|C|I,0.466,12.87,11.81,15.77,1,0.618,0.99,0.759,0.825,1
75e37865bb8842e2,BAC_1,B,C|E|S,0.613,9.9,9.96,11.03,-1,0.581,0.936,0.489,0.745,1
7ee13bf370d74379,BAC_1,B,S|E|R,0.57,10.21,11.03,10.99,-1,0.558,0.707,0.449,0.616,0
a5354ad961bc4360,BAC_1,A,E|A|S,0.47,11.33,10.63,11.19,1,0.376,0.487,0.558,0.459,1
7382c96fdf4640cf,BAC_1,D,C|S|E,0.526,14.71,13.49,14.89,1,0.378,0.548,0.609,0.498,0
33baaae83b41486d,BAC_1,D,S|A|I,0.583,10.15,9.83,9.71,1,0.534,0.612,0.827,0.617,0
9fa010c3ae544b07,BAC_1,A,C|I|E,0.513,10.41,9.57,9.89,1,0.439,0.598,0.577,0.539,1
b7f87bbd9e8a4ee3,BAC_1,A,C|I|S,0.551,9.29,8.26,7.83,1,0.531,0.74,0.444,0.622,0
35c09e737c594d36,BAC_1,D,R|I|C,0.527,10.85,10.55,10.43,1,0.608,0.373,0.662,0.499,0
e861cb9186d14118,BAC_1,A,S|A|I,0.453,11.23,11.68,11.28,-1,0.48,0.898,0.344,0.669,1
571fe9c5b88749c8,BAC_1,A,E|C|A,0.666,8.58,7.73,7.48,1,0.546,0.3,0.1,0.356,1
c1b43bccd758426b,BAC_1,A,S|C|E,0.566,11.04,11.53,11.24,-1,0.623,0.441,0.503,0.514,0
f9bf995b0e37421b,BAC_1,A,A|E|I,0.496,11.76,10.29,11.49,1,0.465,0.234,0.568,0.365,0
6348022bab714c03,BAC_1,A,I|E|A,0.436,11.32,9.98,10.03,1,0.47,0.845,0.781,0.704,1
88501574c7c34293,BAC_1,A,S|A|E,0.486,9.19,8.91,9.08,1,0.462,0.618,0.656,0.569,1
1f10c833fad34a14,BAC_1,A,A|S|E,0.568,9.89,8.43,7.67,1,0.655,0.836,0.472,0.718,1
c3c2fd0f3c854e1d,BAC_1,A,A|S|E,0.47,12.13,13.03,10.18,-1,0.377,0.905,0.416,0.647,1
4d2ba8df414c4a04,BAC_1,A,I|C|E,0.613,12.27,11.46,11.52,1,0.618,0.788,0.458,0.679,0
b519db42e41f4c86,BAC_1,A,A|S|R,0.395,7.85,8.62,7.12,-1,0.428,0.633,0.475,0.537,0
592c8bdc7195429d,BAC_1,D,S|C|I,0.5,10.63,10.6,10.92,1,0.544,0.322,0.251,0.389,0
ceb3ec89854f4698,BAC_1,D,C|I|E,0.507,11.92,11.55,10.79,1,0.308,0.509,0.731,0.472,1
3c4decc5c7de43c8,BAC_1,A,I|C|A,0.401,12.09,11.81,11.18,1,0.447,0.735,0.463,0.593,1
3e0d544376b74422,BAC_1,A,S|A|I,0.557,10.75,10.93,10.46,-1,0.511,0.423,0.645,0.487,0
8d83b788db984287,BAC_1,A,I|S|C,0.516,8.2,8.04,7.64,1,0.4,0.603,0.839,0.567,1
a60c1a3f4ef44ef9,BAC_1,G2,E|C|I,0.599,14.0,12.11,13.9,1,0.623,0.594,0.272,0.556,1
d8ebfe7955be423b,BAC_1,D,I|R|E,0.548,8.13,7.91,6.04,1,0.574,0.337,0.451,0.437,0
761ce9f47751488a,BAC_1,D,E|C|A,0.618,11.53,12.06,10.84,-1,0.664,0.491,0.377,0.534,1
a2c537cfcca447b8,BAC_1,D,E|C|I,0.566,10.82,11.01,10.3,-1,0.549,0.892,0.267,0.678,0
fc18fdb40a784f40,BAC_1,B,S|I|E,0.566,12.17,11.91,11.65,1,0.627,0.576,0.432,0.572,1
cfdb42cc08bd4b7b,BAC_1,D,I|S|C,0.435,8.56,8.11,7.4,1,0.436,0.472,0.671,0.489,1
3c1a5ab917d54fbf,BAC_1,D,S|E|I,0.407,11.1,10.56,10.89,1,0.486,0.768,0.401,0.614,1
c8bdd1ba95ea4bb1,BAC_1,A,S|I|E,0.496,12.46,12.67,12.66,-1,0.499,0.816,0.453,0.651,1
e7e2445d8b8c441f,BAC_1,A,A|S|C,0.421,13.44,12.19,12.66,1,0.514,0.858,0.593,0.698,1
39c857a2c2894117,BAC_1,D,S|E|A,0.506,9.84,9.14,10.2,1,0.614,0.528,0.405,0.54,0
e0c87e68501f4b11,BAC_1,G2,E|I|S,0.484,8.86,8.99,8.27,-1,0.645,0.637,0.701,0.649,0
b3f5f4a5d5e44c3c,BAC_1,D,R|I|S,0.536,12.65,13.67,12.92,-1,0.621,0.443,0.799,0.559,0
34bda457ac8f48b7,BAC_1,A,R|A|I,0.41,12.62,12.34,10.08,1,0.31,0.228,0.521,0.301,0
629a4b22f3774233,BAC_1,D,E|C|I,0.655,10.82,11.06,11.26,-1,0.817,0.77,0.811,0.793,0
2a81d4179d104c65,BAC_1,D,R|I|C,0.544,9.31,9.22,8.72,1,0.465,0.779,0.608,0.643,1
e6d96a621b374154,BAC_1,A,I|E|S,0.6,6.89,6.45,7.68,1,0.705,0.444,0.735,0.579,1
9382fae7ff484db9,BAC_1,D,R|E|I,0.539,9.54,9.52,7.94,1,0.511,0.816,0.419,0.65,1
8a0eca2d31f744a4,BAC_1,A,S|A|I,0.493,8.86,8.91,6.56,-1,0.456,0.745,0.154,0.555,0
560c0d96c14f411c,BAC_1,A,S|C|A,0.563,11.94,10.88,11.51,1,0.482,0.99,0.1,0.679,1
456b08e308264dc4,BAC_1,D,R|S|A,0.536,9.07,9.22,9.03,-1,0.677,0.696,0.517,0.662,1
0c8996c6fa3a450f,BAC_1,D,I|S|E,0.482,9.23,9.39,8.74,-1,0.409,0.873,0.563,0.664,0
e2276fb452164ab2,BAC_1,A,S|R|C,0.513,11.11,12.04,10.0,-1,0.439,0.979,0.603,0.734,0
834ebe36f95144f2,BAC_1,A,A|S|E,0.452,11.27,11.2,10.75,1,0.489,0.945,0.543,0.725,0
721ef7d7344c4048,BAC_1,A,S|C|A,0.626,10.73,9.87,10.4,1,0.526,0.601,0.439,0.551,0
1e240bf378c548c8,BAC_1,D,C|S|I,0.667,12.82,13.29,13.16,-1,0.704,0.846,0.46,0.738,0
9882335379244f26,BAC_1,D,S|E|C,0.582,10.36,9.35,8.97,1,0.593,0.808,0.246,0.649,0
c205e76b5fd2444b,BAC_1,A,A|S|I,0.507,11.28,9.98,10.62,1,0.51,0.29,0.454,0.392,1
26227903a3d54df3,BAC_1,D,I|R|S,0.573,11.88,12.01,12.37,-1,0.612,0.938,0.377,0.74,1
85a4f18fd618403b,BAC_1,D,S|C|R,0.571,11.73,10.27,11.36,1,0.446,0.972,0.465,0.712,1
9a0a2f7f0b004a68,BAC_1,A,S|A|E,0.556,11.25,11.41,11.83,-1,0.592,0.161,0.1,0.302,0
3eeaf81c6f1f465e,BAC_1,A,C|S|A,0.646,14.37,12.4,14.75,1,0.664,0.536,0.99,0.649,0
c707da2720714e5a,BAC_1,D,E|C|S,0.497,10.24,10.29,8.3,-1,0.428,0.561,0.273,0.471,0
69be382e281445e1,BAC_1,A,A|E|I,0.504,7.85,7.67,8.32,1,0.401,0.175,0.48,0.3,1
fe0425c822e744d4,BAC_1,D,R|E|I,0.467,9.04,8.68,8.8,1,0.518,0.394,0.292,0.422,0
66a91056fd3246af,BAC_1,A,S|A|C,0.477,8.89,7.88,7.8,1,0.437,0.657,0.265,0.521,0
d966e0609dcc4c4a,BAC_1,A,A|I|S,0.469,11.17,10.23,11.62,1,0.49,0.967,0.285,0.698,1
9e6bf4a8039e4450,BAC_1,A,A|S|E,0.639,7.43,7.58,7.98,-1,0.594,0.979,0.646,0.795,1
6e4680f543534e08,BAC_1,A,S|A|I,0.592,10.66,9.53,11.03,1,0.546,0.818,0.624,0.694,1
fa02d572b6f8432c,BAC_1,B,I|C|E,0.533,6.26,4.97,4.95,1,0.53,0.701,0.667,0.636,0
498b7504f51945f3,BAC_1,A,S|C|A,0.521,9.76,8.63,9.39,1,0.403,0.99,0.618,0.729,1
a64ce094d21d4a3c,BAC_1,A,S|I|C,0.517,8.73,10.36,8.33,-1,0.666,0.316,0.521,0.469,0
7483ae2b4bfd4eab,BAC_1,A,S|C|E,0.503,8.79,8.13,8.69,1,0.458,0.99,0.547,0.737,0
64853d6fa3534236,BAC_1,D,I|C|A,0.573,11.05,11.05,10.7,-1,0.597,0.424,0.378,0.478,1
a90df70479de49d4,BAC_1,A,S|A|E,0.409,7.65,8.04,6.78,-1,0.374,0.99,0.436,0.691,1
2fe80f0717d9413c,BAC_1,A,A|S|C,0.506,9.08,8.61,7.6,1,0.641,0.693,0.528,0.65,0
6cd90b7caf2b4991,BAC_1,A,C|S|I,0.44,11.7,11.69,10.58,1,0.446,0.876,0.475,0.666,1
43405727ce034dc5,BAC_1,D,R|I|C,0.486,8.14,8.35,7.65,-1,0.552,0.577,0.54,0.563,0
9a0e9e89245448ad,BAC_1,A,S|C|I,0.373,10.58,10.7,8.17,-1,0.401,0.99,0.198,0.665,1
107f2342ee004320,BAC_1,A,C|S|I,0.477,9.98,10.04,10.19,-1,0.591,0.458,0.278,0.478,0
dd61db6900464111,BAC_1,D,C|E|A,0.49,11.3,11.72,11.63,-1,0.404,0.165,0.475,0.295,0
74fdd8b9f65f40c8,BAC_1,D,S|I|C,0.414,6.13,6.15,4.51,-1,0.581,0.44,0.346,0.475,0
23ec6dc98da54fae,BAC_1,A,S|A|C,0.476,11.56,10.17,11.7,1,0.469,0.248,0.45,0.356,0
19fe8ba2558e40fb,BAC_1,A,I|E|A,0.498,7.57,8.26,6.75,-1,0.39,0.654,0.572,0.55,0
0c467df36874472f,BAC_1,A,S|E|I,0.576,10.65,10.91,10.02,-1,0.618,0.324,0.514,0.455,1
d369751eb0404cc5,BAC_1,A,A|S|C,0.422,11.46,10.95,9.4,1,0.421,0.784,0.335,0.59,0
0979a7ff20724dfb,BAC_1,D,R|C|E,0.579,9.05,8.68,9.53,1,0.616,0.543,0.81,0.609,0
b37f3270625846ba,BAC_1,A,A|E|I,0.59,6.95,7.41,7.08,-1,0.911,0.705,0.611,0.763,0
7777b707706547ee,BAC_1,D,E|S|A,0.623,8.73,8.78,8.0,-1,0.853,0.731,0.287,0.707,0
b09cbd9e589d402d,BAC_1,A,E|A|S,0.511,10.52,9.44,8.59,1,0.546,0.99,0.536,0.766,0
606f11f179924700,BAC_1,A,A|S|C,0.522,8.21,7.24,6.64,1,0.371,0.735,0.588,0.586,1
d673a7368e7348fd,BAC_1,A,I|S|C,0.482,7.74,8.37,7.42,-1,0.428,0.947,0.62,0.716,0
f470654b69dc497a,BAC_1,D,E|A|S,0.565,10.13,9.58,10.26,1,0.533,0.85,0.529,0.691,0
f1ab53bf6ac54c26,BAC_1,D,S|I|R,0.516,16.06,15.97,15.0,1,0.56,0.223,0.388,0.366,1
069a2fad848345fc,BAC_1,A,I|C|E,0.635,8.38,7.69,7.76,1,0.684,0.533,0.685,0.609,0
648c8f0bf6694c90,BAC_1,A,A|S|I,0.543,12.97,12.54,12.63,1,0.475,0.76,0.294,0.59,1
a0ad4061eb5e409a,BAC_1,D,E|C|S,0.535,5.75,4.69,5.95,1,0.552,0.737,0.451,0.629,0
b604e063ce2b46f7,BAC_1,D,S|I|C,0.527,10.05,10.93,9.54,-1,0.608,0.613,0.65,0.617,0
e08b7ca660bd442d,BAC_1,A,E|C|I,0.491,10.7,10.23,11.15,1,0.223,0.608,0.627,0.476,0
f411c125adef4f32,BAC_1,A,A|C|E,0.387,10.23,9.68,8.85,1,0.377,0.92,0.428,0.656,0
ac9cc0d46e9f4e90,BAC_1,A,A|S|C,0.418,11.76,11.83,11.84,-1,0.448,0.966,0.546,0.722,1
1b0c42f032dc441c,BAC_1,A,S|E|I,0.573,9.71,9.51,9.08,1,0.525,0.827,0.408,0.658,0
e8b7c4cfda864c85,BAC_1,D,C|A|S,0.503,6.7,7.09,5.9,-1,0.542,0.73,0.676,0.656,1
c6f6d088cbd14831,BAC_1,D,I|C|R,0.439,9.09,8.27,9.85,1,0.353,0.349,0.385,0.356,0
eb0d40fba1e94d95,BAC_1,A,A|S|C,0.457,9.82,9.48,8.46,1,0.421,0.982,0.558,0.722,1
5e2b7d12d8294197,BAC_1,A,C|E|S,0.507,8.73,7.94,8.4,1,0.606,0.918,0.124,0.69,0
6270d76764054153,BAC_1,D,I|R|C,0.532,8.06,6.95,8.22,1,0.615,0.1,0.671,0.366,0
d6c9c50288194f13,BAC_1,A,S|A|R,0.436,8.52,7.65,7.6,1,0.285,0.56,0.472,0.45,1
533ea63454ec4e98,BAC_1,A,A|S|E,0.554,11.78,12.48,10.0,-1,0.477,0.475,0.52,0.482,1
12440f98eee3412d,BAC_1,D,S|E|A,0.477,11.07,11.26,10.92,-1,0.619,0.523,0.558,0.562,0
dfe7818307bd419b,BAC_1,A,S|E|C,0.571,10.68,10.77,10.44,-1,0.563,0.106,0.543,0.331,0
67449e4212fb4b48,BAC_1,D,C|S|E,0.399,10.36,9.52,7.45,1,0.39,0.704,0.619,0.581,0
a8112d6d517746b8,BAC_1,A,C|E|S,0.591,8.31,7.68,8.93,1,0.495,0.502,0.832,0.549,0
8bd028c675d7488d,BAC_1,A,S|E|A,0.504,7.83,7.76,6.59,1,0.519,0.449,0.408,0.467,0
07c0fd38bcac4ad5,BAC_1,A,S|C|E,0.46,11.5,11.1,11.78,1,0.483,0.55,0.515,0.521,1
5057d626e28342c0,BAC_1,A,A|E|S,0.581,10.87,10.19,9.08,1,0.707,0.746,0.74,0.732,0
1892a4876ade4835,BAC_1,A,R|S|E,0.488,13.17,14.17,12.5,-1,0.553,0.564,0.383,0.533,0
0dd9e2f75a9d4b75,BAC_1,D,A|C|I,0.357,8.92,9.91,7.29,-1,0.379,0.921,0.582,0.681,0
391e9d1cdc3e45bb,BAC_1,A,S|E|I,0.542,8.27,7.21,6.99,1,0.464,0.968,0.517,0.724,0
a813e7af1df84ebf,BAC_1,D,R|I|C,0.521,9.24,10.39,8.1,-1,0.454,0.516,0.716,0.524,0
4ca007f7538a4766,BAC_1,A,S|I|C,0.592,10.61,10.42,9.91,1,0.551,0.596,0.494,0.565,0
68b1d97ea9144974,BAC_1,F2,I|A|S,0.416,10.04,9.59,9.15,1,0.375,0.427,0.668,0.445,0
e6364b4aa6e54ea0,BAC_1,D,C|E|A,0.489,9.44,9.64,9.94,-1,0.538,0.369,0.415,0.435,0
203fc0be49e649a7,BAC_1,C,I|R|C,0.597,9.94,8.22,8.94,1,0.522,0.938,0.329,0.701,1
b3d5e83eeeca45cc,BAC_1,D,C|E|I,0.526,11.33,10.77,9.95,1,0.397,0.165,0.648,0.318,0
ed55d11c15ee40b3,BAC_1,A,A|S|I,0.452,8.71,8.68,7.99,1,0.341,0.99,0.734,0.724,1
c7d22d6eae7846f4,BAC_1,A,A|E|I,0.524,11.6,11.28,10.48,1,0.737,0.448,0.758,0.596,0
f87ddd1270aa4049,BAC_1,G2,I|S|A,0.532,11.23,9.63,11.82,1,0.463,0.841,0.462,0.652,0
bd08c4db783d447d,BAC_1,A,C|S|I,0.562,10.32,9.54,10.69,1,0.555,0.767,0.542,0.659,1
cd4b6a02f4b24906,BAC_1,D,S|I|A,0.438,10.74,10.21,10.78,1,0.23,0.389,0.369,0.33,0
9b570d5244fd4ba2,BAC_1,D,I|R|A,0.587,10.13,9.33,8.31,1,0.683,0.131,0.56,0.389,0
fcf5929c7fe34fde,BAC_1,A,S|I|A,0.498,10.1,9.39,9.16,1,0.511,0.976,0.666,0.767,0
994f0104ef9d4ecc,BAC_1,F3,R|I|E,0.511,10.9,12.6,8.62,-1,0.517,0.743,0.652,0.65,1
2c6a9768aeed4ab7,BAC_1,A,A|I|S,0.427,8.78,8.49,9.17,1,0.415,0.904,0.401,0.657,1
bafb92448dc3469b,BAC_1,A,A|I|S,0.44,10.22,10.52,10.12,-1,0.363,0.294,0.51,0.351,0
f3aa0f28a6e24c53,BAC_1,D,I|R|A,0.44,9.12,8.12,8.96,1,0.333,0.609,0.462,0.49,1
a3b6ba537adc446d,BAC_1,A,S|C|E,0.615,9.15,9.51,8.59,-1,0.497,0.557,0.461,0.522,0
05308a710c8f413d,BAC_1,A,S|A|I,0.482,12.18,12.39,9.7,-1,0.49,0.788,0.821,0.689,0
fedfac329bf64c7b,BAC_1,A,S|A|I,0.468,11.38,11.17,11.63,1,0.497,0.816,0.396,0.641,1
ce91a5ec857b430a,BAC_1,A,S|C|A,0.543,12.15,11.62,11.38,1,0.474,0.99,0.481,0.733,1
e0df8de2ac3e4fc4,BAC_1,A,A|S|E,0.437,10.42,11.38,8.74,-1,0.308,0.975,0.389,0.653,1
7e5bcfbb13d043ba,BAC_1,A,A|R|S,0.411,8.32,7.82,8.23,1,0.483,0.441,0.374,0.446,1
5fcd1510681d415e,BAC_1,D,I|R|S,0.544,13.68,13.35,13.05,1,0.572,0.99,0.123,0.714,1
30ee3b12ec4e459b,BAC_1,D,I|A|C,0.537,11.72,10.59,12.69,1,0.624,0.288,0.351,0.415,0
b87ded148c2444d1,BAC_1,D,C|I|E,0.621,10.23,8.69,10.83,1,0.673,0.533,0.473,0.573,0
6c42217fb3f14aa5,BAC_1,D,I|S|E,0.535,13.98,13.99,12.51,-1,0.545,0.426,0.105,0.419,1
617829ab75204fae,BAC_1,A,S|A|E,0.61,9.08,8.47,8.61,1,0.695,0.472,0.645,0.576,0
622d15caaaf54924,BAC_1,D,R|E|A,0.586,11.87,10.66,12.69,1,0.603,0.654,0.173,0.564,0
30e9ef2609664095,BAC_1,D,S|C|I,0.556,10.51,10.48,9.87,1,0.424,0.746,0.492,0.595,1
7b7fa40261f5412d,BAC_1,A,S|C|I,0.535,12.52,11.72,13.31,1,0.517,0.54,0.683,0.553,0
a45b94d0f3c54e60,BAC_1,D,R|I|C,0.62,11.26,9.99,9.2,1,0.68,0.454,0.502,0.54,1
258efa9d1a004040,BAC_1,A,S|E|I,0.444,11.29,11.14,10.88,1,0.551,0.99,0.1,0.703,1
0673236a01bf4f81,BAC_1,A,E|A|C,0.573,11.4,12.0,10.13,-1,0.532,0.772,0.468,0.642,0
22d7f430b71549c9,BAC_1,A,C|A|I,0.554,11.96,11.5,11.23,1,0.488,0.572,0.446,0.524,1
1a26217855d3467f,BAC_1,D,S|E|C,0.461,10.35,10.09,10.93,1,0.432,0.557,0.439,0.495,1
b50e1c3ffdb24fac,BAC_1,A,I|S|E,0.566,10.05,9.86,8.83,1,0.51,0.99,0.533,0.754,0
732e0fe686a84d75,BAC_1,A,E|C|I,0.566,11.15,11.47,10.82,-1,0.331,0.425,0.606,0.419,0
b792367809a640fa,BAC_1,F4,C|R|E,0.467,5.95,6.34,4.75,-1,0.567,0.75,0.601,0.664,0
7e693945d7fa4765,BAC_1,D,R|A|S,0.539,11.62,11.94,12.58,-1,0.611,0.489,0.425,0.522,0
a995bb13d76f4291,BAC_1,A,S|C|A,0.455,12.34,12.56,12.5,-1,0.61,0.508,0.321,0.516,1
97b2455902144f65,BAC_1,F4,I|R|S,0.573,8.42,8.51,8.08,-1,0.566,0.849,0.721,0.731,0
7f20bfdbbb2441ca,BAC_1,A,S|E|C,0.594,10.13,9.42,8.26,1,0.548,0.566,0.512,0.552,1
30809a695c8b44d1,BAC_1,D,C|E|A,0.511,8.94,8.22,7.71,1,0.434,0.76,0.575,0.618,0
dd8d0f504a06460d,BAC_1,A,A|C|I,0.45,7.81,6.32,7.39,1,0.51,0.921,0.427,0.703,0
3d4fd01feab94e28,BAC_1,D,I|R|E,0.569,10.71,10.21,12.46,1,0.662,0.934,0.368,0.754,0
291504c6164f422e,BAC_1,D,S|A|E,0.517,12.95,12.94,13.28,1,0.556,0.572,0.651,0.578,1
844d3d3f0c974883,BAC_1,A,S|E|C,0.53,8.56,8.58,7.71,-1,0.553,0.259,0.111,0.34,1
f1ca466618e341f1,BAC_1,A,A|C|S,0.403,8.7,8.71,7.98,-1,0.319,0.678,0.433,0.516,1
b210d5185d094e43,BAC_1,A,S|C|A,0.506,14.54,14.82,14.33,-1,0.473,0.99,0.374,0.717,0
424353b02b7c4288,BAC_1,A,S|A|I,0.428,8.39,8.91,7.11,-1,0.475,0.706,0.659,0.618,0
bfa7043719784c8a,BAC_1,D,E|A|C,0.438,10.83,11.83,8.8,-1,0.384,0.811,0.255,0.578,0
6d911793ce8c4777,BAC_1,D,R|C|I,0.471,5.61,3.82,3.89,1,0.453,0.717,0.452,0.585,0
805e45baf1294493,BAC_1,A,A|S|C,0.503,9.86,9.33,8.71,1,0.473,0.514,0.529,0.502,0
f72bc15b6f414bcb,BAC_1,D,E|S|C,0.605,7.84,6.81,8.19,1,0.62,0.815,0.504,0.7,1
6167b46d51824b97,BAC_1,A,S|C|E,0.505,10.46,9.54,9.55,1,0.556,0.635,0.605,0.603,0
f3fcf9def8884814,BAC_1,D,S|C|A,0.584,13.03,12.33,12.29,1,0.345,0.687,0.633,0.559,0
ed9a7adc66254271,BAC_1,A,E|A|S,0.487,9.52,8.85,9.73,1,0.512,0.527,0.637,0.538,1
35182d52050449eb,BAC_1,A,I|A|S,0.487,10.43,10.63,10.65,-1,0.56,0.834,0.664,0.713,1
4dafc0c53d9f43d5,BAC_1,A,A|C|S,0.448,9.59,7.83,8.05,1,0.464,0.99,0.507,0.734,0
94fe93cf0e384ed9,BAC_1,A,I|S|A,0.532,11.43,12.57,10.55,-1,0.583,0.443,0.177,0.452,0
f63cdaf88c9b4734,BAC_1,A,I|A|E,0.411,12.15,10.28,11.54,1,0.468,0.985,0.458,0.725,1
3be4825acbee406f,BAC_1,A,S|A|C,0.455,9.38,8.81,8.13,1,0.382,0.356,0.537,0.392,1
64ed5c1ae45c44b9,BAC_1,A,E|A|S,0.468,8.61,8.12,8.02,1,0.476,0.604,0.348,0.521,0
b28735a452504798,BAC_1,A,S|A|E,0.564,11.62,12.85,11.74,-1,0.503,0.766,0.387,0.617,1
676f2f2fa6834e6b,BAC_1,F1,R|C|I,0.454,7.01,7.9,4.93,-1,0.588,0.99,0.482,0.773,1
5841f891a2c94fae,BAC_1,D,C|I|E,0.481,9.76,9.43,9.38,1,0.468,0.56,0.33,0.493,1
89ff216841884139,BAC_1,D,I|R|C,0.531,11.4,10.45,11.36,1,0.451,0.551,0.421,0.496,1
7954b2f1e6854d3e,BAC_1,D,C|E|I,0.504,8.49,8.17,8.36,1,0.559,0.77,0.482,0.653,0
b3f0ef926933483b,BAC_1,A,A|S|I,0.452,10.74,10.14,10.98,1,0.332,0.465,0.176,0.375,0
bfe08478bf8d4474,BAC_1,A,S|A|C,0.568,8.26,7.53,6.84,1,0.515,0.819,0.469,0.66,1
ef901823671e48dd,BAC_1,A,C|A|E,0.519,10.56,10.33,10.54,1,0.481,0.881,0.366,0.664,0
292f90b101064bcf,BAC_1,D,I|E|R,0.511,11.77,11.33,12.59,1,0.517,0.1,0.546,0.313,0
9632f926d95f42bd,BAC_1,A,A|S|C,0.454,13.05,12.05,12.04,1,0.506,0.475,0.684,0.517,1
4ecc74c7ae604f2f,BAC_1,D,S|R|I,0.55,11.36,10.4,11.69,1,0.714,0.426,0.395,0.522,1
d55c82c52c624de6,BAC_1,G2,E|C|R,0.57,12.17,11.85,11.11,1,0.563,0.758,0.367,0.631,1
951388186e754ca7,BAC_1,F3,C|R|E,0.533,9.11,8.21,8.52,1,0.541,0.473,0.541,0.507,0
7f15d9b09d244560,BAC_1,A,S|A|C,0.417,13.07,12.02,12.47,1,0.399,0.672,0.541,0.557,1
13cf1d204d4f4253,BAC_1,F4,R|I|C,0.483,10.18,9.14,10.82,1,0.601,0.657,0.869,0.669,0
25b97485b3b74884,BAC_1,A,A|E|S,0.605,11.35,10.4,9.72,1,0.549,0.595,0.607,0.581,0
26244b8fff804f71,BAC_1,A,A|I|C,0.403,10.52,11.37,10.05,-1,0.302,0.399,0.438,0.371,0
7b5f561a8b894eec,BAC_1,D,S|I|A,0.463,13.4,12.14,14.22,1,0.504,0.785,0.483,0.641,0
d72d6786a16d4e08,BAC_1,A,S|A|E,0.488,10.1,9.44,10.15,1,0.614,0.341,0.706,0.491,0
15aff0a9626c4fb3,BAC_1,A,A|S|C,0.427,8.2,6.86,8.09,1,0.533,0.311,0.612,0.434,0
1e18a3c32d9a44c9,BAC_1,A,S|E|A,0.533,12.65,11.3,11.49,1,0.463,0.938,0.267,0.671,1
8a81764a11ea4a9b,BAC_1,A,C|E|S,0.544,12.24,11.5,12.25,1,0.622,0.99,0.61,0.804,1
ff2604b76d2d49f3,BAC_1,A,S|A|I,0.554,6.94,6.49,7.31,1,0.478,0.276,0.732,0.415,0
0dfbe7d44a554100,BAC_1,D,I|A|S,0.349,6.44,6.45,5.76,-1,0.359,0.99,0.619,0.714,0
4a8d337415154c45,BAC_1,D,I|R|C,0.459,11.04,11.33,11.12,-1,0.588,0.99,0.608,0.792,1
e107d1cb39944d49,BAC_1,D,R|I|C,0.586,10.38,9.29,11.98,1,0.605,0.99,0.624,0.8,0
9468e3a523ab497b,BAC_1,T1,R|I|C,0.613,11.11,11.19,10.19,-1,0.681,0.917,0.122,0.715,1
f56de0ed676e41c4,BAC_1,D,I|S|E,0.415,12.1,11.77,12.57,1,0.362,0.686,0.515,0.547,0
92ea6769367e4a61,BAC_1,A,A|S|E,0.6,12.95,11.61,13.24,1,0.664,0.711,0.241,0.624,1
dce1593c5a344517,BAC_1,A,S|C|E,0.446,11.94,11.48,11.23,1,0.468,0.604,0.361,0.52,1
417a9161cf3f4515,BAC_1,D,S|A|I,0.448,9.23,9.3,8.44,-1,0.533,0.635,0.291,0.548,0
b2ac3d3445794166,BAC_1,D,E|C|S,0.529,13.11,11.96,12.19,1,0.517,0.738,0.649,0.648,1
810e76da0c4b4f02,BAC_1,A,A|I|R,0.527,10.99,10.28,10.69,1,0.592,0.982,0.509,0.774,1
8cd0da2efc484ebf,BAC_1,A,A|I|S,0.538,11.17,11.16,11.66,1,0.789,0.769,0.174,0.687,1
9eacfa7c7e374b5e,BAC_1,B,C|E|S,0.616,9.63,9.14,9.26,1,0.65,0.714,0.122,0.603,0
71c485ecdd17402c,BAC_1,A,E|S|A,0.576,7.6,6.81,5.75,1,0.545,0.99,0.339,0.737,0
26837007415a47be,BAC_1,D,S|C|I,0.563,11.3,10.87,10.11,1,0.621,0.359,0.454,0.465,1
b76e8011c4464fa9,BAC_1,A,C|I|E,0.546,7.28,7.52,5.2,-1,0.619,0.647,0.13,0.56,0
307873a526414ace,BAC_1,A,A|S|E,0.549,11.41,11.47,12.29,-1,0.6,0.837,0.54,0.71,0
55416cee266f4fea,BAC_1,D,S|C|I,0.487,12.88,12.92,11.76,-1,0.572,0.934,0.553,0.75,0
8dba9af144694d87,BAC_1,A,A|I|S,0.527,9.47,9.25,9.15,1,0.534,0.799,0.346,0.638,0
0105b1a8f11b4291,BAC_1,A,S|I|C,0.47,10.57,11.63,10.78,-1,0.512,0.509,0.443,0.5,0
ee1f85979e974bd9,BAC_1,A,A|I|E,0.472,8.78,8.67,8.63,1,0.499,0.982,0.453,0.733,1
1fbca78a343047e1,BAC_1,D,E|C|I,0.512,8.13,7.57,7.18,1,0.414,0.402,0.568,0.431,0
f1025d9198a44681,BAC_1,A,A|S|I,0.563,9.49,8.88,9.8,1,0.48,0.99,0.348,0.715,1
8c5c1d6d17a64a86,BAC_1,A,I|C|E,0.441,11.12,11.26,10.62,-1,0.444,0.99,0.658,0.749,1
f227c00447fd468e,BAC_1,A,A|S|R,0.465,8.8,8.96,8.52,-1,0.444,0.351,0.67,0.431,1
54795d4327784195,BAC_1,A,S|I|C,0.449,10.53,9.82,10.13,1,0.505,0.826,0.465,0.66,0
c22cd9938a98479d,BAC_1,G3,S|C|I,0.553,9.42,8.83,8.65,1,0.85,0.58,0.489,0.661,0
13f84f25c2114c72,BAC_1,A,R|A|I,0.571,10.82,12.17,9.91,-1,0.533,0.797,0.571,0.67,1
a1d587c8e75e4d17,BAC_1,D,S|I|C,0.457,12.71,12.26,11.84,1,0.415,0.849,0.588,0.658,1
962dac730a264ad6,BAC_1,D,E|C|I,0.578,15.11,14.88,15.86,1,0.483,0.42,0.539,0.46,1
d058a53590514a34,BAC_1,D,I|R|E,0.528,7.94,7.83,8.09,1,0.5,0.563,0.475,0.528,0
133600c66f7f4c40,BAC_1,D,R|C|I,0.519,9.65,8.25,6.5,1,0.524,0.377,0.401,0.432,0
e979d2c6eabd400e,BAC_1,D,S|I|C,0.507,12.28,11.66,12.94,1,0.595,0.864,0.843,0.767,0
b3cffeefb7a94855,BAC_1,D,E|S|C,0.613,10.11,9.68,10.2,1,0.557,0.213,0.53,0.381,0
b08c7429154d408d,BAC_1,G3,E|S|A,0.585,11.09,11.26,10.53,-1,0.703,0.357,0.666,0.524,0
d554a7b2d0224ee8,BAC_1,G3,E|S|A,0.558,10.59,10.33,10.88,1,0.634,0.283,0.323,0.412,0
a69223161bcd42ac,BAC_1,A,S|A|C,0.461,11.13,11.94,11.18,-1,0.56,0.99,0.678,0.793,1
86b9fc1500554a70,BAC_1,D,I|E|A,0.586,11.93,11.59,9.89,1,0.671,0.721,0.709,0.702,0
a0fe2409b60c4758,BAC_1,D,A|E|C,0.551,9.01,7.83,8.93,1,0.524,0.855,0.876,0.742,0
2358bf5d6f5748d4,BAC_1,D,R|I|C,0.592,8.61,8.08,7.25,1,0.814,0.815,0.898,0.827,1
d45f03d9c91140f1,BAC_1,A,E|S|A,0.561,11.66,12.92,10.56,-1,0.685,0.601,0.262,0.58,0
9681f255b69e4c05,BAC_1,A,S|C|I,0.518,8.93,8.55,8.16,1,0.297,0.794,0.444,0.567,1
e4a5a7a7e2854c39,BAC_1,A,S|C|A,0.617,10.93,10.04,10.06,1,0.512,0.792,0.374,0.631,0
dd33cf1acc7b4610,BAC_1,A,A|S|I,0.486,11.14,11.17,10.05,-1,0.436,0.833,0.1,0.584,1
0c958160ded04ec0,BAC_1,A,S|E|I,0.557,11.22,10.24,10.06,1,0.551,0.866,0.505,0.702,0
6e17217b3dc2465e,BAC_1,D,S|C|I,0.584,11.43,12.11,10.45,-1,0.428,0.904,0.49,0.675,1
bff7a8b8defc47cd,BAC_1,D,C|E|S,0.476,8.74,8.19,9.15,1,0.529,0.528,0.476,0.52,0
a1e88884eed347eb,BAC_1,A,S|E|A,0.601,11.15,10.07,12.93,1,0.685,0.966,0.167,0.748,1
480b6b227fa14a98,BAC_1,A,S|A|E,0.543,10.76,10.02,9.99,1,0.518,0.811,0.356,0.64,1
f649b5ae56144039,BAC_1,D,R|E|I,0.547,12.56,10.42,12.28,1,0.607,0.677,0.598,0.641,0
6174b9b1275e4630,BAC_1,A,E|C|A,0.624,11.67,12.49,11.82,-1,0.719,0.239,0.185,0.399,0
607dc594376e4064,BAC_1,A,S|A|C,0.511,12.19,11.15,11.79,1,0.619,0.946,0.521,0.768,1
c5d5ecac336f4e4b,BAC_1,A,A|S|C,0.481,11.93,11.09,11.22,1,0.626,0.958,0.663,0.798,0
af896c0553fb4447,BAC_1,G2,C|I|A,0.556,12.04,12.0,11.54,1,0.546,0.675,0.886,0.661,1
31e53c009c0b437e,BAC_1,D,R|I|E,0.488,10.16,10.25,8.36,-1,0.442,0.527,0.757,0.532,0
fd39eebf879a487f,BAC_1,A,S|C|A,0.54,9.34,10.31,9.97,-1,0.598,0.774,0.602,0.687,1
c5008de1f7b74af1,BAC_1,A,E|A|S,0.441,11.26,11.11,10.06,1,0.438,0.618,0.327,0.511,0
0b908e041b814546,BAC_1,D,I|C|E,0.477,14.38,14.88,12.83,-1,0.439,0.698,0.511,0.579,0
f8df84b1abb34831,BAC_1,D,R|C|I,0.529,10.12,10.26,9.59,-1,0.357,0.468,0.401,0.419,1
c58e98cc31834daf,BAC_1,A,S|A|I,0.603,11.67,11.2,11.55,1,0.479,0.889,0.612,0.704,1
b47569ccdb444910,BAC_1,D,I|E|R,0.55,9.26,9.13,8.39,1,0.427,0.949,0.488,0.697,0
6dfdb7aaf2ff4590,BAC_1,A,S|A|E,0.522,11.08,11.52,9.88,-1,0.483,0.934,0.286,0.679,1
f2d924246e65416e,BAC_1,G3,E|C|S,0.59,12.85,12.93,12.02,-1,0.506,0.499,0.334,0.477,0
198477e28f424be2,BAC_1,A,I|A|E,0.541,10.67,9.86,9.94,1,0.551,0.62,0.534,0.583,0
8378e67dfbff48d0,BAC_1,A,S|E|R,0.573,13.34,13.58,12.2,-1,0.442,0.476,0.48,0.465,0
de4e9e5b892a4c7b,BAC_1,A,E|S|A,0.443,10.72,10.23,11.92,1,0.336,0.928,0.315,0.629,0
82593e0f68ed4fca,BAC_1,D,R|I|C,0.565,9.49,8.99,8.47,1,0.583,0.544,0.371,0.532,0
e9725f97eecd48d4,BAC_1,D,I|C|S,0.533,8.83,8.39,8.45,1,0.684,0.6,0.341,0.591,0
c66be1f35ac64222,BAC_1,B,S|C|E,0.424,7.87,6.93,8.33,1,0.444,0.633,0.453,0.54,1
c441555fd1fc4a86,BAC_1,D,S|E|C,0.464,7.49,7.15,5.47,1,0.547,0.567,0.298,0.519,0
3077d0310c7b4ff8,BAC_1,D,S|C|E,0.553,11.34,11.55,11.14,-1,0.725,0.388,0.474,0.519,0
0144d3698be54011,BAC_1,D,R|S|I,0.483,12.08,12.54,10.69,-1,0.563,0.665,0.422,0.593,1
78c334dd528645fb,BAC_1,D,S|A|E,0.522,10.34,9.44,7.17,1,0.55,0.53,0.432,0.522,1
f359c0a77f984847,BAC_1,A,C|A|R,0.474,11.84,11.28,12.12,1,0.429,0.431,0.788,0.484,1
1719a9c65b614bb1,BAC_1,D,E|C|A,0.47,10.37,10.3,9.64,1,0.422,0.533,0.729,0.524,1
06932d923e5749ff,BAC_1,D,I|C|E,0.584,11.24,11.44,11.86,-1,0.511,0.447,0.73,0.512,1
cd3ccf4c5651438b,BAC_1,A,S|E|A,0.469,9.43,10.37,9.36,-1,0.496,0.515,0.616,0.524,0
dc23c03362384c8a,BAC_1,D,C|I|R,0.508,8.25,7.56,7.66,1,0.436,0.768,0.496,0.611,0
214a1859e7e74512,BAC_1,A,A|I|S,0.524,12.2,12.55,11.41,-1,0.596,0.679,0.335,0.598,1
a5124e99cbd2467d,BAC_1,B,A|I|S,0.336,8.55,8.63,6.13,-1,0.269,0.564,0.883,0.509,0
8548b58aedf84ee2,BAC_1,A,E|C|I,0.502,10.38,9.67,8.76,1,0.405,0.898,0.365,0.645,0
4af83d74fbd2466c,BAC_1,A,E|S|C,0.602,6.13,5.11,5.51,1,0.535,0.887,0.671,0.732,0
0000ea5ec96d44c9,BAC_1,A,C|A|E,0.482,10.88,9.94,11.51,1,0.384,0.99,0.438,0.695,1
0ae17396555f446b,BAC_1,A,A|I|S,0.512,12.2,11.97,11.96,1,0.44,0.86,0.493,0.658,1
a0ecf5570b6346d3,BAC_1,D,S|C|A,0.499,10.38,10.08,9.41,1,0.609,0.32,0.282,0.416,0
add41b1b4be24c4c,BAC_1,D,C|R|I,0.64,12.56,12.33,9.59,1,0.661,0.308,0.668,0.485,0
befdf3c0d4ca4692,BAC_1,D,S|C|I,0.46,12.73,12.86,11.41,-1,0.454,0.528,0.523,0.502,1
ffe2fc40fe584fb3,BAC_1,B,E|I|C,0.497,11.89,11.33,10.76,1,0.49,0.308,0.343,0.377,0
458e77d8cf6141af,BAC_1,A,I|A|E,0.453,10.62,9.52,7.68,1,0.557,0.155,0.234,0.308,0
dd6be52b279546b0,BAC_1,A,C|E|A,0.547,7.76,6.29,7.14,1,0.566,0.801,0.581,0.686,1
507e04febce449a3,BAC_1,A,I|A|E,0.487,14.29,15.5,12.26,-1,0.717,0.99,0.462,0.815,1
850c70c033e94748,BAC_1,D,S|I|C,0.577,13.37,11.9,12.27,1,0.561,0.464,0.179,0.455,1
e65bba6a787e4cb7,BAC_1,D,S|I|C,0.475,12.29,12.03,11.67,1,0.433,0.52,0.489,0.485,0
9679fb97c2684227,BAC_1,G3,C|S|E,0.557,10.95,10.58,12.02,1,0.623,0.691,0.354,0.617,0
52c1202bc58340f0,BAC_1,B,E|I|A,0.583,15.0,15.2,16.48,-1,0.689,0.668,0.691,0.679,1
26c2968156074cec,BAC_1,D,A|S|C,0.611,11.05,11.31,10.29,-1,0.565,0.417,0.73,0.516,0
a01f445cbe794d69,BAC_1,A,C|A|S,0.464,11.43,11.42,12.13,1,0.502,0.632,0.399,0.552,0
3b3f3f365dc942bb,BAC_1,D,I|C|S,0.464,13.03,12.01,11.61,1,0.574,0.657,0.335,0.58,1
b827911b224b4393,BAC_1,G1,C|E|S,0.594,11.01,10.7,8.69,1,0.495,0.706,0.705,0.632,1
35106900660349b7,BAC_1,A,A|C|I,0.485,9.55,8.57,10.06,1,0.477,0.749,0.421,0.605,1
1290d60292c74baa,BAC_1,D,E|S|C,0.54,10.45,9.22,7.45,1,0.668,0.751,0.395,0.669,0
7764d09dce2e4439,BAC_1,G3,E|C|I,0.633,12.05,11.0,9.79,1,0.584,0.719,0.522,0.642,0
7119f89a7f6c4bf2,BAC_1,D,R|I|C,0.556,7.47,7.46,6.71,1,0.686,0.634,0.403,0.618,1
0b45205ce38844e0,BAC_1,D,S|A|I,0.535,10.78,11.04,10.21,-1,0.706,0.755,0.51,0.701,0
4cbeea96635641ad,BAC_1,A,S|C|E,0.465,10.62,10.88,11.73,-1,0.482,0.716,0.609,0.618,0
898dcec67ecc4649,BAC_1,D,C|E|S,0.516,10.35,10.39,10.04,-1,0.508,0.757,0.353,0.609,0
dac377be34a04f56,BAC_1,A,A|E|I,0.458,9.1,9.2,10.05,-1,0.427,0.292,0.544,0.377,0
56df4d86341e4bdf,BAC_1,C,C|E|I,0.544,10.99,10.9,9.83,1,0.632,0.542,0.544,0.574,0
00f14c4d9b1b4782,BAC_1,D,R|C|E,0.545,10.77,10.57,11.27,1,0.423,0.458,0.301,0.422,0
84ba76b8daae4bea,BAC_1,D,S|R|E,0.579,10.53,11.67,8.81,-1,0.502,0.641,0.288,0.539,0
7b88b7527ed649ad,BAC_1,A,E|C|A,0.585,11.59,10.76,10.78,1,0.557,0.99,0.405,0.751,0
1f898a7975144dc6,BAC_1,D,S|C|I,0.592,12.84,12.87,12.16,-1,0.47,0.518,0.783,0.541,1
886612d520664c5b,BAC_1,D,R|A|I,0.604,9.62,9.16,8.1,1,0.632,0.401,0.674,0.523,0
fc57848053194a1e,BAC_1,B,A|S|E,0.536,10.41,10.19,7.55,1,0.54,0.796,0.875,0.718,1
aab8541d931a4114,BAC_1,D,I|R|C,0.566,10.58,10.1,9.59,1,0.393,0.341,0.481,0.38,0
00fd1b6dd114447a,BAC_1,G3,C|E|I,0.491,12.72,12.99,12.55,-1,0.492,0.546,0.526,0.524,1
c9c9f23b82b1417a,BAC_1,D,S|E|I,0.5,10.07,9.75,10.18,1,0.637,0.71,0.286,0.621,0
b5e082c3599c4147,BAC_1,D,I|E|R,0.611,9.99,10.53,9.08,-1,0.579,0.99,0.781,0.815,0
9ed7c2b8f2d14487,BAC_1,D,I|R|C,0.485,11.84,11.69,9.93,1,0.369,0.637,0.551,0.53,1
b8cad826faa445fd,BAC_1,A,R|I|E,0.52,7.11,6.35,6.91,1,0.675,0.635,0.537,0.634,1
3be7645d02da465b,BAC_1,D,S|E|I,0.605,9.67,10.63,8.58,-1,0.57,0.803,0.552,0.684,0
c86d787194544a22,BAC_1,D,A|C|E,0.569,8.5,7.88,8.86,1,0.6,0.802,0.469,0.681,0
3aca4177f54b4b5e,BAC_1,D,I|R|S,0.548,11.0,9.94,11.0,1,0.573,0.883,0.292,0.686,1
b92cf4620f89453b,BAC_1,D,I|S|E,0.506,13.35,12.31,13.72,1,0.47,0.624,0.449,0.544,1
87385a1569814f45,BAC_1,A,S|C|I,0.538,9.33,8.97,9.08,1,0.611,0.984,0.604,0.797,1
4e832522a14646bd,BAC_1,A,S|E|A,0.49,9.98,8.93,10.13,1,0.678,0.814,0.579,0.731,0
1a69dc4f963c4709,BAC_1,A,A|E|S,0.487,11.96,11.5,11.42,1,0.501,0.99,0.581,0.758,1
20f08e623baa48f1,BAC_1,D,E|C|A,0.644,9.76,10.05,10.29,-1,0.552,0.638,0.736,0.622,1
deee107bd96c450e,BAC_1,D,I|C|R,0.595,13.97,13.98,13.74,-1,0.57,0.339,0.301,0.414,0
322bc32cd68b45dc,BAC_1,D,R|E|C,0.501,5.9,5.58,4.88,1,0.279,0.248,0.714,0.329,0
8d0e5244e53e4d89,BAC_1,D,S|A|E,0.56,9.38,9.65,9.17,-1,0.365,0.534,0.465,0.465,0
bf21fb1192594be5,BAC_1,A,A|S|E,0.517,11.59,12.25,11.47,-1,0.545,0.322,0.671,0.452,1
189edbe85bf94dc6,BAC_1,A,A|C|I,0.566,11.47,12.35,10.11,-1,0.598,0.472,0.343,0.497,1
7b20191671964110,BAC_1,D,C|E|I,0.555,10.49,8.95,9.93,1,0.501,0.727,0.47,0.609,0
ed10a24ecafb4bff,BAC_1,A,E|S|I,0.561,9.81,9.51,10.02,1,0.472,0.678,0.462,0.573,1
79435e0c888d4736,BAC_1,A,C|S|I,0.521,10.93,10.03,11.26,1,0.45,0.724,0.657,0.618,1
29aece6f9acf442b,BAC_1,D,S|C|I,0.485,3.56,2.79,2.99,1,0.366,0.585,0.581,0.508,1
1326a0a6b83e4a3c,BAC_1,A,A|S|E,0.51,11.43,11.2,11.03,1,0.368,0.771,0.378,0.571,1
1aee17ac61814e9f,BAC_1,D,S|A|C,0.562,9.89,9.81,9.7,1,0.539,0.447,0.507,0.488,0
8a324823dd5148a0,BAC_1,D,E|C|S,0.459,10.64,10.21,11.12,1,0.519,0.311,0.261,0.376,1
5cb506ea6048416d,BAC_1,A,A|C|E,0.655,10.85,10.16,10.69,1,0.681,0.818,0.611,0.739,0
618719fc5497466b,BAC_1,D,E|R|I,0.445,11.92,10.74,10.99,1,0.18,0.107,0.453,0.185,0
842d074c27044f23,BAC_1,D,A|C|E,0.466,14.99,14.63,14.91,1,0.381,0.319,0.6,0.383,0
c8605ca53add4baf,BAC_1,G3,S|E|I,0.561,10.67,9.8,10.18,1,0.745,0.737,0.591,0.718,1
9a4de4afabc14504,BAC_1,D,C|A|I,0.505,9.69,8.61,9.09,1,0.588,0.902,0.363,0.711,0
57f3be582b4c404e,BAC_1,D,I|R|C,0.598,10.75,10.55,10.89,1,0.569,0.68,0.1,0.554,1
9956cec8ea7246b5,BAC_1,A,I|C|E,0.481,12.31,10.77,12.25,1,0.392,0.947,0.273,0.652,0
ed0f0bf8efed4016,BAC_1,A,S|E|I,0.597,11.58,11.13,10.08,1,0.515,0.551,0.668,0.556,1
71e2d47bc0e54647,BAC_1,D,I|A|C,0.565,11.14,10.37,12.82,1,0.526,0.756,0.227,0.596,1
ad8878cb62b845b3,BAC_1,D,R|E|C,0.606,12.54,12.62,11.92,-1,0.658,0.744,0.361,0.657,1
b19abe69172b4da7,BAC_1,D,C|E|I,0.506,11.06,11.11,10.99,-1,0.549,0.928,0.472,0.727,1
798d1ea9bc224ae7,BAC_1,D,I|R|A,0.468,9.69,9.57,8.25,1,0.427,0.69,0.495,0.568,0
9933afc825bb4295,BAC_1,D,E|C|I,0.578,10.41,9.91,9.79,1,0.523,0.99,0.272,0.719,0
7e004afb358d435e,BAC_1,A,S|A|E,0.551,11.3,11.94,10.48,-1,0.536,0.622,0.649,0.596,1
c7843d50cf8342f0,BAC_1,A,A|S|I,0.512,13.71,13.91,12.22,-1,0.401,0.82,0.229,0.584,1
8631beed853f454e,BAC_1,D,C|E|I,0.599,9.44,10.39,8.18,-1,0.653,0.662,0.514,0.637,0
326ecb4b9182446d,BAC_1,A,S|I|C,0.443,13.61,14.03,12.41,-1,0.616,0.698,0.145,0.586,0
baf71576e5b345d1,BAC_1,A,S|A|E,0.543,10.77,11.24,11.0,-1,0.562,0.912,0.752,0.766,1
1b649b6263554b78,BAC_1,D,C|A|I,0.543,9.87,9.32,10.5,1,0.579,0.772,0.663,0.688,1
645abd1814fa4422,BAC_1,A,E|A|C,0.555,10.99,11.04,8.94,-1,0.688,0.241,0.509,0.437,1
41112a1d50cd4444,BAC_1,A,C|E|A,0.494,8.89,9.23,6.13,-1,0.485,0.873,0.465,0.676,1
cbf3d21021424cda,BAC_1,D,S|I|R,0.599,7.9,7.48,7.01,1,0.418,0.51,0.309,0.448,1
1f25612d6c464c94,BAC_1,B,E|I|S,0.54,11.63,11.47,11.61,1,0.579,0.957,0.728,0.79,0
8005edd806f54ce7,BAC_1,D,R|C|E,0.461,11.13,11.51,8.76,-1,0.423,0.85,0.506,0.649,1
5d4ab16899bd49f7,BAC_1,D,S|I|R,0.496,11.37,10.89,10.77,1,0.565,0.304,0.462,0.419,0
7d717056201e4234,BAC_1,D,C|I|E,0.551,7.21,7.31,5.24,-1,0.558,0.735,0.515,0.64,1
7fa530974d004906,BAC_1,D,R|E|A,0.51,9.34,10.19,9.31,-1,0.775,0.224,0.441,0.449,0
4cd55ec69e434a59,BAC_1,D,S|E|C,0.453,13.31,13.12,12.07,1,0.432,0.724,0.399,0.573,1
e0102f4e67d145ab,BAC_1,D,I|A|S,0.642,18.62,17.84,17.74,1,0.472,0.708,0.42,0.582,1
789715a112b5421e,BAC_1,A,S|I|A,0.465,14.07,13.45,12.96,1,0.429,0.54,0.412,0.482,1
966e7b10ed8148c4,BAC_1,D,A|I|S,0.399,11.63,11.72,10.96,-1,0.428,0.539,0.593,0.508,1
53ac9f57dc654dc2,BAC_1,A,E|A|C,0.612,14.33,14.67,13.11,-1,0.623,0.678,0.471,0.628,0
0c97c188cda84a6e,BAC_1,A,S|A|I,0.525,10.75,10.73,8.95,1,0.494,0.974,0.532,0.74,0
bf3a184df2384ced,BAC_1,A,A|S|E,0.571,10.26,10.03,8.62,1,0.691,0.666,0.592,0.664,0
9a422fdcf285441e,BAC_1,D,A|S|I,0.509,10.69,9.6,8.59,1,0.475,0.221,0.357,0.33,0
7964a412cb92476b,BAC_1,D,R|E|I,0.52,10.79,10.94,10.39,-1,0.661,0.772,0.52,0.695,0
edab1af23add4dbd,BAC_1,A,S|A|C,0.46,7.47,6.17,6.07,1,0.409,0.665,0.535,0.556,0
b824cd3e55b149ae,BAC_1,D,S|I|C,0.581,13.1,12.42,12.15,1,0.517,0.696,0.508,0.605,1
b823501aedbb4f9e,BAC_1,D,I|E|R,0.532,9.09,9.53,9.68,-1,0.539,0.627,0.414,0.564,0
899a5da5e3dd4cc4,BAC_1,A,I|A|S,0.519,13.5,13.09,14.82,1,0.369,0.99,0.716,0.732,1
712a32a771434853,BAC_1,A,I|S|A,0.508,8.05,7.06,6.52,1,0.546,0.871,0.603,0.717,1
e92b3c1ec50b4721,BAC_1,C,C|E|S,0.566,11.08,10.02,11.11,1,0.612,0.985,0.432,0.771,1
9ab1f2c3f27e4e3c,BAC_1,A,I|A|C,0.496,12.13,12.47,11.69,-1,0.344,0.949,0.756,0.708,1
d529871f56384231,BAC_1,A,S|E|C,0.486,11.12,11.81,10.82,-1,0.478,0.406,0.508,0.446,0
86cb3ee57895428e,BAC_1,D,C|E|R,0.436,9.57,9.31,9.15,1,0.453,0.358,0.733,0.448,1
53a2fd231d09478d,BAC_1,D,S|E|A,0.547,12.5,12.2,11.54,1,0.447,0.685,0.393,0.558,0
9837c922a6f747a7,BAC_1,A,S|A|C,0.488,9.69,9.67,9.74,1,0.244,0.473,0.365,0.376,0
5ff53121f72047a3,BAC_1,D,E|R|I,0.521,11.48,10.62,10.09,1,0.465,0.555,0.743,0.552,1
b35946c1e1cc4e99,BAC_1,A,A|E|R,0.439,10.33,9.02,10.6,1,0.45,0.504,0.372,0.465,0
da6ddb399cce4698,BAC_1,D,S|E|A,0.523,11.15,9.85,8.94,1,0.519,0.859,0.545,0.693,0
b4a3a430c88642f2,BAC_1,D,S|R|C,0.508,13.81,13.32,13.0,1,0.388,0.99,0.528,0.71,1
e16393b9f2094aa9,BAC_1,B,A|S|C,0.502,12.09,11.43,11.09,1,0.459,0.693,0.437,0.572,1
dbf1f08faf194f83,BAC_1,G2,C|I|S,0.541,11.53,11.21,10.14,1,0.492,0.397,0.33,0.42,0
a1a07a50c5144d67,BAC_1,D,I|S|R,0.541,10.88,10.68,10.19,1,0.496,0.49,0.394,0.478,1
9f7c3096eef84c9e,BAC_1,D,I|C|R,0.549,13.84,13.26,12.39,1,0.591,0.734,0.576,0.66,0
75371075a9b54b98,BAC_1,A,S|I|A,0.576,8.49,9.15,8.12,-1,0.655,0.563,0.63,0.605,0
043ffe094df44695,BAC_1,A,S|A|C,0.457,12.82,12.8,13.76,1,0.545,0.402,0.434,0.457,0
6102cf1db5c8441a,BAC_1,D,I|R|C,0.571,5.71,6.02,4.77,-1,0.431,0.247,0.235,0.309,0
70d028e434a9482f,BAC_1,A,A|S|E,0.378,11.04,10.49,11.29,1,0.285,0.917,0.637,0.654,1
aa1e50dae69a4b52,BAC_1,A,S|I|A,0.406,10.12,9.74,9.58,1,0.416,0.752,0.756,0.635,1
5dd6e9218a944406,BAC_1,A,S|I|C,0.382,8.74,8.08,8.01,1,0.328,0.397,0.572,0.399,1
c1ce3ce31dd74990,BAC_1,D,S|A|R,0.539,13.15,13.53,11.77,-1,0.737,0.754,0.253,0.673,1
e7d5da30b9694280,BAC_1,T1,I|R|E,0.528,8.72,8.44,8.79,1,0.565,0.972,0.67,0.784,1
53b7070f35f44dbe,BAC_1,G2,A|E|C,0.495,15.02,13.74,15.07,1,0.439,0.657,0.508,0.559,1
ca67896fe17540fc,BAC_1,A,E|I|S,0.53,13.8,13.18,14.06,1,0.492,0.861,0.452,0.67,1
ecc7fd1499d14a56,BAC_1,A,S|A|I,0.497,8.19,6.32,7.59,1,0.402,0.713,0.441,0.563,0
06c75ade16f740c6,BAC_1,A,S|I|E,0.443,8.12,8.92,6.61,-1,0.446,0.984,0.577,0.734,0
a67dd56d17de493d,BAC_1,D,S|E|I,0.622,10.32,9.6,11.3,1,0.648,0.821,0.365,0.692,0
a66b2a6e27cc4ef1,BAC_1,A,E|I|A,0.445,11.51,10.93,10.8,1,0.691,0.613,0.621,0.642,0
15d6316ed6a54cfe,BAC_1,A,A|S|I,0.42,10.1,8.85,10.29,1,0.508,0.552,0.492,0.528,0
14fe1fb7182c4700,BAC_1,A,A|I|C,0.481,11.89,12.0,11.26,-1,0.628,0.51,0.451,0.542,1
7dace6b886e44023,BAC_1,B,S|A|E,0.587,9.06,6.86,8.92,1,0.784,0.518,0.606,0.624,1
83a04908a9ff43e4,BAC_1,D,E|C|S,0.533,7.43,7.46,7.22,-1,0.54,0.614,0.441,0.562,1
7f803dda6ba04617,BAC_1,A,S|C|A,0.502,9.18,9.71,8.57,-1,0.505,0.952,0.557,0.736,1
af1274d01e8c4543,BAC_1,A,S|E|I,0.495,12.15,11.6,11.57,1,0.469,0.795,0.215,0.594,1
e7cc9acc12334b82,BAC_1,A,A|S|I,0.505,9.46,10.08,8.1,-1,0.292,0.712,0.614,0.55,0
0c9d936c5f72418f,BAC_1,D,I|R|C,0.602,11.58,11.59,10.84,-1,0.659,0.359,0.351,0.463,0
4a2ea393baf74455,BAC_1,A,I|S|A,0.452,7.86,7.84,7.43,1,0.464,0.701,0.268,0.553,1
26078403096842d8,BAC_1,A,C|S|A,0.53,8.88,9.64,7.54,-1,0.507,0.338,0.162,0.371,0
339ea76d50164490,BAC_1,D,I|R|E,0.607,8.9,8.86,8.82,1,0.526,0.463,0.7,0.521,1
63ba0ef2fc66421b,BAC_1,A,A|I|S,0.602,11.33,11.36,10.17,-1,0.529,0.512,0.34,0.492,0
8236a6be67da4e14,BAC_1,D,C|R|I,0.514,12.14,11.46,12.99,1,0.676,0.531,0.65,0.6,0
1d4f1b168a68472a,BAC_1,D,S|C|A,0.668,13.64,13.07,14.39,1,0.689,0.1,0.396,0.351,0
5e7c54ae6822429f,BAC_1,A,S|C|A,0.494,7.08,6.55,6.17,1,0.521,0.81,0.87,0.718,1
f8cd3d42894c446e,BAC_1,A,S|I|A,0.535,9.85,9.45,10.92,1,0.663,0.865,0.633,0.76,0
b4ae473e1aff4218,BAC_1,A,A|S|C,0.539,12.39,12.83,11.76,-1,0.538,0.639,0.361,0.562,0
5d9ff7599024410e,BAC_1,A,A|C|S,0.451,10.06,9.97,9.86,1,0.4,0.674,0.329,0.526,1
b141ef4a1bcd41e3,BAC_1,D,I|S|C,0.5,12.64,10.88,11.85,1,0.405,0.191,0.389,0.296,0
e420e2e89636430f,BAC_1,A,E|S|C,0.605,6.38,5.21,7.04,1,0.603,0.667,0.521,0.623,0
db503139f1084fcd,BAC_1,A,S|I|A,0.513,7.84,7.9,7.25,-1,0.519,0.894,0.42,0.691,0
b5faac631c8a42d9,BAC_1,D,A|C|S,0.522,8.58,9.08,9.37,-1,0.314,0.705,0.589,0.551,0
5445405a912a4abc,BAC_1,E,R|I|E,0.495,11.33,10.27,10.4,1,0.405,0.951,0.569,0.703,1
fd4d4e6fca2f4a84,BAC_1,D,R|I|A,0.481,12.92,12.4,12.82,1,0.376,0.442,0.589,0.441,1
1b4a042c034e44ed,BAC_1,D,A|I|R,0.548,11.15,10.12,10.08,1,0.527,0.751,0.794,0.679,1
c9955a05f08c4fb3,BAC_1,D,S|I|E,0.471,11.59,11.51,11.55,1,0.563,0.241,0.361,0.372,0
ee6d18b097b3495c,BAC_1,D,S|A|C,0.651,10.88,11.13,11.44,-1,0.699,0.629,0.524,0.638,0
1341b7494d6f4ac1,BAC_1,A,S|A|R,0.459,12.32,12.39,13.72,-1,0.355,0.777,0.676,0.614,0
2da6ba7888d1419a,BAC_1,A,S|C|I,0.508,9.13,8.32,7.89,1,0.415,0.572,0.518,0.509,0
df868b826969413f,BAC_1,D,E|C|I,0.537,14.32,14.68,12.55,-1,0.484,0.727,0.808,0.654,1
5051ca2fd2434392,BAC_1,A,S|A|I,0.435,9.46,9.42,9.31,1,0.529,0.51,0.31,0.487,0
b6090ea90f144255,BAC_1,D,C|E|S,0.524,10.92,10.29,10.14,1,0.504,0.445,0.476,0.47,0
1008b8d0b62846f1,BAC_1,A,S|C|I,0.473,11.54,10.84,10.55,1,0.37,0.982,0.376,0.677,1
09226a1a2ade44c0,BAC_1,D,E|S|I,0.598,8.78,8.69,7.66,1,0.58,0.532,0.6,0.559,0
3ab4d8d763254dbf,BAC_1,A,S|A|E,0.666,11.64,10.26,11.29,1,0.712,0.647,0.462,0.642,1
6fca41de236943fc,BAC_1,A,S|I|C,0.472,9.37,9.03,7.3,1,0.536,0.533,0.895,0.588,1
0c40b9781e3b442a,BAC_1,A,S|A|C,0.514,6.86,7.08,4.23,-1,0.65,0.288,0.248,0.409,0
907fac4322e34e5c,BAC_1,E,R|C|I,0.425,12.83,12.92,12.14,-1,0.313,0.949,0.867,0.714,0
c92582cd644b4f4c,BAC_1,D,C|R|E,0.514,9.29,8.18,8.92,1,0.653,0.512,0.775,0.601,0
73febeb4440e4639,BAC_1,D,S|I|R,0.59,11.63,11.55,10.62,1,0.498,0.445,0.52,0.475,0
dc191c1617f145c8,BAC_1,D,R|E|I,0.592,11.24,9.71,11.23,1,0.548,0.826,0.383,0.662,1
14c3ce74b5884db9,BAC_1,A,S|C|E,0.466,8.64,7.94,7.64,1,0.59,0.717,0.692,0.669,0
a54333c4415f4db5,BAC_1,A,S|I|E,0.509,12.55,12.57,10.75,-1,0.546,0.799,0.261,0.63,1
07b33b552cb54209,BAC_1,A,S|A|I,0.425,10.89,10.89,9.84,-1,0.359,0.434,0.557,0.426,1
49538ffbb891464c,BAC_1,G2,E|I|R,0.412,10.92,9.94,11.33,1,0.288,0.768,0.363,0.539,0
41be64ed00714d10,BAC_1,A,S|I|C,0.471,9.43,8.6,8.3,1,0.452,0.652,0.393,0.543,0
a18de87536c84e43,BAC_1,A,A|S|C,0.387,9.78,9.24,7.91,1,0.275,0.99,0.355,0.645,0
e2341da1be6b4ea3,BAC_1,A,S|I|C,0.475,8.18,7.39,7.95,1,0.59,0.389,0.344,0.453,0
f6a4e9b530f6442e,BAC_1,A,E|A|C,0.534,8.77,8.74,9.76,1,0.415,0.362,0.238,0.362,1
33571a8aa0e24a6e,BAC_1,D,I|E|R,0.458,12.61,12.78,11.76,-1,0.5,0.481,0.346,0.467,0
b7ab71e5ebf74b7b,BAC_1,A,S|E|A,0.454,8.08,5.87,7.86,1,0.454,0.99,0.536,0.734,0
2a8a46cea25044e5,BAC_1,A,E|I|S,0.472,9.23,9.64,8.72,-1,0.417,0.759,0.482,0.598,0
2a14f36b8d394cb7,BAC_1,F3,R|C|E,0.555,9.86,9.49,8.86,1,0.505,0.565,0.199,0.489,0
c9e8a3b310eb4088,BAC_1,A,S|C|I,0.693,8.6,8.55,7.93,1,0.693,0.99,0.215,0.77,0
7d486703c5cf4142,BAC_1,A,E|S|I,0.651,11.08,10.01,9.2,1,0.516,0.285,0.398,0.383,0
1e3c900b2697493d,BAC_1,D,I|C|S,0.533,10.24,9.17,9.04,1,0.517,0.64,0.607,0.592,0
d9cdb0e902884049,BAC_1,A,S|I|E,0.465,9.99,9.25,8.06,1,0.376,0.751,0.563,0.591,1
3cdab6fae2ed490c,BAC_1,A,E|C|S,0.551,11.64,12.6,12.07,-1,0.627,0.694,0.4,0.627,1
d9114e255d524144,BAC_1,A,S|A|I,0.523,8.22,6.97,6.17,1,0.441,0.951,0.85,0.757,0
5dadaf37af844163,BAC_1,D,I|R|E,0.527,7.85,7.16,9.0,1,0.566,0.99,0.642,0.79,0
6eba7e842a124d3e,BAC_1,A,E|S|I,0.467,12.89,12.59,13.5,1,0.458,0.518,0.685,0.522,0
575be2e6ffb54fdc,BAC_1,G2,E|C|S,0.507,11.32,10.69,11.7,1,0.628,0.743,0.536,0.672,1
4e452abae6a048f8,BAC_1,D,I|S|E,0.562,9.38,8.64,9.29,1,0.743,0.166,0.711,0.45,1
c235170cfe2f4e36,BAC_1,D,C|S|A,0.397,9.63,9.15,9.31,1,0.333,0.316,0.61,0.366,0
9211c73f4ce44d8e,BAC_1,D,I|C|A,0.455,5.96,6.26,6.66,-1,0.539,0.386,0.301,0.426,0
fe8091ee88274e7c,BAC_1,A,S|E|A,0.385,10.69,10.62,9.66,1,0.215,0.99,0.362,0.624,1
06de2dee2f6a48e6,BAC_1,A,A|S|C,0.442,12.0,11.98,10.74,1,0.433,0.57,0.711,0.543,1
a3e4b98d44f04efd,BAC_1,D,E|C|I,0.454,7.9,7.3,8.68,1,0.214,0.365,0.652,0.355,1
2945314a075c4f18,BAC_1,A,A|E|S,0.448,11.91,12.44,11.4,-1,0.546,0.967,0.492,0.748,1
3f5708fbe70d459a,BAC_1,D,I|C|E,0.596,9.14,9.87,8.43,-1,0.538,0.99,0.69,0.787,1
d0905b11862348e6,BAC_1,D,I|R|A,0.603,9.5,8.54,8.64,1,0.603,0.629,0.273,0.567,0
b5fb0b3f7988484a,BAC_1,A,A|C|S,0.488,10.68,10.22,9.97,1,0.589,0.663,0.421,0.601,0
2d36f49f3add45f1,BAC_1,A,S|A|I,0.484,10.79,10.79,10.91,1,0.462,0.563,0.49,0.517,1
d6c0b675c2b3428f,BAC_1,D,S|A|C,0.525,11.45,10.47,9.53,1,0.563,0.476,0.66,0.534,1
540c1477619845e6,BAC_1,A,A|I|C,0.517,7.21,7.08,5.04,1,0.679,0.51,0.594,0.581,1
f5c1e04501ed4132,BAC_1,D,S|C|I,0.604,7.65,7.25,6.93,1,0.675,0.415,0.7,0.549,0
09aecf3f771443fa,BAC_1,D,S|R|A,0.594,12.08,10.97,11.29,1,0.582,0.459,0.41,0.495,0
6faf9b672d0d4a3f,BAC_1,D,R|C|A,0.482,10.28,9.44,9.99,1,0.613,0.501,0.455,0.533,0
bd8ce1b9bec5414c,BAC_1,D,C|I|R,0.457,8.47,7.66,6.71,1,0.379,0.241,0.256,0.292,0
76243db94c10445e,BAC_1,D,R|I|C,0.427,10.01,9.81,10.59,1,0.51,0.618,0.737,0.598,0
97ad00feeab84a26,BAC_1,D,I|C|R,0.59,13.71,13.52,11.66,1,0.632,0.689,0.155,0.589,1
504d46c4c9044ba5,BAC_1,D,S|C|I,0.446,10.67,11.12,9.79,-1,0.504,0.362,0.572,0.443,0
c75ab5e157b34cf0,BAC_1,A,S|I|A,0.611,10.94,10.99,10.69,-1,0.704,0.978,0.162,0.76,0
39519baeb30c4009,BAC_1,F1,R|C|E,0.638,10.59,9.26,9.96,1,0.537,0.99,0.99,0.832,1
241aca263ca14b0e,BAC_1,D,C|E|S,0.603,9.11,8.89,9.86,1,0.763,0.478,0.251,0.544,0
a7e97a6525a44db1,BAC_1,A,A|S|I,0.523,7.76,8.04,5.95,-1,0.391,0.99,0.45,0.699,1
a11273d8681d4e2e,BAC_1,D,C|I|E,0.587,9.63,10.45,9.8,-1,0.637,0.788,0.693,0.721,0
664ede8c4de04969,BAC_1,A,A|I|S,0.484,7.31,7.26,7.53,1,0.313,0.744,0.525,0.56,1
b9a4cd94bf664880,BAC_1,A,A|C|I,0.527,7.43,6.17,6.3,1,0.426,0.692,0.605,0.586,0
3f740f1dcb34416b,BAC_1,A,I|A|C,0.53,9.95,10.35,8.97,-1,0.652,0.752,0.656,0.703,1
67eb9e5b0dc647a3,BAC_1,A,C|E|S,0.493,10.26,9.33,8.44,1,0.505,0.613,0.796,0.603,0
c520cc5492cb4c95,BAC_1,F3,R|C|I,0.451,8.61,9.33,8.41,-1,0.398,0.789,0.546,0.615,1
c6fef1a2610d410d,BAC_1,D,A|S|I,0.439,7.03,6.29,6.43,1,0.403,0.76,0.452,0.589,1
282e2eee4bb64808,BAC_1,A,S|C|E,0.57,10.28,9.12,9.33,1,0.457,0.206,0.374,0.319,0
c211d0d8142147db,BAC_1,A,S|A|E,0.415,8.15,7.31,7.08,1,0.453,0.696,0.486,0.58,1
0af439c97f05421e,BAC_1,A,S|A|I,0.543,8.93,7.28,8.19,1,0.406,0.743,0.785,0.631,0
7520ac5172104836,BAC_1,A,A|I|C,0.488,9.63,9.93,10.73,-1,0.474,0.463,0.454,0.465,0
7bc45bfe76c3485b,BAC_1,D,C|S|A,0.49,13.67,14.54,13.85,-1,0.453,0.1,0.56,0.292,0
c0c2a8fdf13d4130,BAC_1,A,A|C|I,0.475,11.69,10.14,10.33,1,0.362,0.99,0.707,0.728,0
9406a777f0d54392,BAC_1,D,I|E|C,0.504,9.48,9.21,8.6,1,0.531,0.601,0.538,0.567,0
5fc0dcd02b1b4205,BAC_1,D,S|E|I,0.626,11.16,10.15,9.95,1,0.78,0.9,0.494,0.797,0
1ece876bc5ba4c16,BAC_1,E,I|C|E,0.575,10.53,10.87,8.42,-1,0.633,0.848,0.464,0.715,1
1c8e457c0924445b,BAC_1,D,I|R|E,0.615,11.58,9.21,10.76,1,0.43,0.816,0.678,0.66,1
c788330fc927478f,BAC_1,A,C|I|E,0.555,12.95,12.68,11.34,1,0.569,0.687,0.397,0.602,1
81d98d7094a44a95,BAC_1,A,S|E|A,0.501,11.43,12.33,9.99,-1,0.476,0.756,0.58,0.632,1
9431f53bfe2645b3,BAC_1,D,I|C|R,0.515,7.63,7.71,7.09,-1,0.509,0.315,0.298,0.381,0
066e202a7f8c4e78,BAC_1,A,S|A|E,0.428,9.14,10.27,9.1,-1,0.645,0.274,0.462,0.432,0
c4e4b8ee782f479b,BAC_1,A,S|A|E,0.454,8.87,8.22,7.22,1,0.479,0.461,0.657,0.497,0
3e7f894e42a441d0,BAC_1,D,A|S|I,0.42,11.34,11.28,9.41,1,0.355,0.572,0.171,0.436,0
c52488ae55774a7f,BAC_1,D,I|C|A,0.624,12.74,13.12,11.16,-1,0.454,0.755,0.455,0.604,0
4c3f0167a12a47ce,BAC_1,D,E|C|I,0.572,8.85,9.5,8.04,-1,0.473,0.483,0.744,0.518,1
a82ca4a672704ae4,BAC_1,A,S|C|A,0.46,10.2,8.29,10.28,1,0.481,0.797,0.706,0.673,0
6f2ec84558e04a23,BAC_1,A,R|C|E,0.541,9.35,8.9,8.67,1,0.406,0.685,0.461,0.554,0
fb6b702b65c24524,BAC_1,D,A|C|S,0.515,7.59,7.76,7.3,-1,0.431,0.916,0.621,0.702,1
6ddd59ab5bbc4a48,BAC_1,A,E|A|C,0.553,10.31,10.22,10.07,1,0.613,0.885,0.3,0.702,1
a77123dad33c4563,BAC_1,A,S|A|C,0.58,8.95,8.48,8.31,1,0.559,0.735,0.277,0.605,0
7ec02db3360a4035,BAC_1,A,I|S|E,0.504,11.91,10.33,11.35,1,0.681,0.84,0.729,0.767,1
03d6994f7d7a492a,BAC_1,D,C|I|E,0.575,11.31,11.17,10.5,1,0.449,0.448,0.553,0.464,0
27a1d7c2064e48af,BAC_1,D,R|C|S,0.51,8.83,8.5,9.37,1,0.447,0.707,0.385,0.567,0
4b02e2318d7447d1,BAC_1,G2,E|S|A,0.653,11.15,11.13,11.5,1,0.694,0.582,0.679,0.636,1
501423ff98a34c09,BAC_1,D,R|E|I,0.573,9.32,9.28,8.67,1,0.573,0.594,0.661,0.597,0
0f9d250697ea456e,BAC_1,D,I|R|S,0.551,10.59,9.6,10.26,1,0.603,0.267,0.428,0.408,1
9521703f9ae34b8b,BAC_1,E,R|I|S,0.67,14.36,13.09,14.59,1,0.847,0.913,0.643,0.849,0
60b9fc3ff46b47e0,BAC_1,A,C|I|E,0.65,11.14,10.67,11.18,1,0.467,0.608,0.291,0.511,0
4cbf04f68bae44e3,BAC_1,D,R|S|C,0.39,9.28,9.75,9.89,-1,0.444,0.624,0.548,0.55,1
9eb08bfd02944eea,BAC_1,A,A|C|S,0.583,8.68,8.12,8.63,1,0.575,0.737,0.366,0.625,1
1761971c0f9e4a14,BAC_1,A,C|S|A,0.515,11.24,11.06,10.65,1,0.504,0.452,0.527,0.481,0
f34b27a8f3d84e12,BAC_1,A,A|S|C,0.57,11.12,10.63,9.26,1,0.623,0.497,0.299,0.511,1
d77ead3516944d33,BAC_1,D,I|S|C,0.413,9.76,9.78,9.59,-1,0.378,0.705,0.647,0.582,0
8ad4570928ef41c4,BAC_1,D,A|I|E,0.543,11.89,11.33,9.87,1,0.675,0.842,0.764,0.772,0
b03ae98601ea4e5a,BAC_1,A,S|I|C,0.469,13.28,12.97,12.31,1,0.488,0.606,0.148,0.496,1
72761bdcc6894d89,BAC_1,D,E|C|I,0.574,11.31,11.57,10.15,-1,0.341,0.501,0.226,0.404,0
1f50f6b0cf234082,BAC_1,D,E|A|C,0.46,10.81,9.47,10.41,1,0.476,0.684,0.278,0.55,0
eda89c68ab7e49ad,BAC_1,A,E|A|S,0.46,11.39,10.91,10.07,1,0.376,0.251,0.766,0.372,0
f61a7b5d33b64c04,BAC_1,G3,E|A|I,0.532,7.92,7.09,8.7,1,0.649,0.571,0.739,0.624,1
c54682bfd3944d1b,BAC_1,D,R|C|I,0.555,11.15,9.78,9.31,1,0.46,0.153,0.346,0.29,0
acd6ecf51b9d412f,BAC_1,A,S|E|A,0.572,10.03,8.42,10.66,1,0.618,0.76,0.616,0.689,1
59b7137808064db0,BAC_1,A,S|I|C,0.568,8.16,8.71,8.5,-1,0.54,0.767,0.662,0.672,1
9d6d48e108934af8,BAC_1,A,S|I|C,0.473,9.47,7.93,8.95,1,0.383,0.99,0.422,0.693,1
5d78161a7bb24129,BAC_1,D,E|C|I,0.519,12.08,11.79,11.95,1,0.437,0.482,0.396,0.453,1
4e706f5c9d1c44a2,BAC_1,A,A|I|E,0.398,8.71,7.93,7.9,1,0.281,0.99,0.405,0.654,0
0354bf6a2b2746b7,BAC_1,A,R|S|I,0.485,8.77,7.38,8.06,1,0.558,0.458,0.684,0.527,0
af50464d5f3c4a60,BAC_1,D,S|I|C,0.485,15.11,14.55,14.73,1,0.693,0.393,0.701,0.544,0
2b6be594d9a245cd,BAC_1,D,I|R|E,0.587,13.84,13.25,12.76,1,0.542,0.646,0.572,0.599,1
99e22ea4676d4073,BAC_1,A,A|E|R,0.53,13.78,12.62,11.91,1,0.482,0.833,0.565,0.67,0
1a28d23cdbff44bd,BAC_1,D,C|E|S,0.562,12.64,11.95,11.54,1,0.615,0.734,0.359,0.636,0
cde850082db549a8,BAC_1,D,C|E|I,0.487,10.37,9.3,8.95,1,0.529,0.364,0.516,0.444,0
3b27815d44744091,BAC_1,D,E|R|S,0.439,12.73,13.02,10.72,-1,0.48,0.67,0.329,0.552,1
8992ac6f47754d31,BAC_1,A,C|A|I,0.521,13.38,14.02,13.46,-1,0.367,0.844,0.101,0.566,1
450832d83d9e490c,BAC_1,D,C|S|I,0.454,10.5,11.04,10.01,-1,0.551,0.828,0.278,0.648,1
ab4733b465e64a75,BAC_1,D,I|R|S,0.62,13.84,14.2,12.0,-1,0.641,0.597,0.42,0.586,0
65a05926bb3449d9,BAC_1,D,I|R|C,0.514,11.05,9.05,10.13,1,0.469,0.819,0.538,0.655,0
f2685d20da314708,BAC_1,E,R|C|E,0.57,9.03,7.96,8.27,1,0.518,0.99,0.675,0.778,0
824d4aeff5734054,BAC_1,A,E|A|S,0.489,9.37,9.79,8.88,-1,0.399,0.729,0.409,0.566,0
04b63697e3e24215,BAC_1,D,S|R|I,0.438,13.0,13.06,13.49,-1,0.451,0.429,0.734,0.482,1
182b8957dcf5485d,BAC_1,A,A|I|C,0.51,8.56,8.64,7.05,-1,0.557,0.303,0.293,0.391,0
25bd324f365d4e7b,BAC_1,D,S|R|C,0.583,11.44,11.17,9.99,1,0.587,0.378,0.519,0.473,0
04cb8836f5df40e5,BAC_1,B,I|C|E,0.626,15.5,14.63,14.32,1,0.611,0.727,0.517,0.655,1
819bf889eeb54f2d,BAC_1,A,I|C|A,0.523,11.37,11.83,11.43,-1,0.412,0.752,0.1,0.535,0
f63349858a044718,BAC_1,D,R|C|S,0.599,7.83,6.32,9.68,1,0.432,0.943,0.723,0.731,0
fad443ae5ff649ea,BAC_1,D,I|C|R,0.533,11.08,11.66,9.53,-1,0.861,0.799,0.745,0.813,1
918051c7acbc414a,BAC_1,A,S|E|C,0.67,12.36,11.38,12.53,1,0.678,0.501,0.537,0.568,1
b3295539161a40bd,BAC_1,D,R|S|I,0.448,9.62,8.42,9.06,1,0.333,0.453,0.584,0.431,0
4db6131cd3184fa6,BAC_1,D,I|C|S,0.625,11.11,11.2,9.3,-1,0.765,0.597,0.394,0.626,0
c2390b743f024ec2,BAC_1,A,A|I|E,0.472,10.41,11.01,8.42,-1,0.335,0.964,0.639,0.695,0
56f7ef27258b4708,BAC_1,A,S|C|I,0.497,4.62,4.51,5.06,1,0.57,0.397,0.306,0.444,0
9108fe5a9cbb4797,BAC_1,D,S|I|C,0.497,11.0,11.07,10.82,-1,0.354,0.99,0.491,0.692,0
b6f42a97e8ce4ddf,BAC_1,G2,E|C|I,0.559,8.72,7.63,9.77,1,0.71,0.624,0.556,0.644,1
814298d9f4be4e09,BAC_1,D,C|S|A,0.53,12.34,10.33,11.68,1,0.608,0.652,0.702,0.644,1
ac024b30998a46ac,BAC_1,A,A|E|C,0.504,9.26,8.6,8.69,1,0.338,0.904,0.145,0.592,0
ab8f0c8b71e54d89,BAC_1,A,A|I|S,0.547,10.32,9.65,8.77,1,0.447,0.629,0.67,0.571,1
4f7fc4df47a64b52,BAC_1,D,I|S|E,0.447,11.08,10.9,10.82,1,0.431,0.558,0.562,0.514,0
cd64761f0b1f4e05,BAC_1,D,S|I|E,0.583,7.9,8.01,7.5,-1,0.451,0.296,0.782,0.423,1
e35772d2b3ff4be6,BAC_1,B,S|A|I,0.496,10.68,9.96,9.05,1,0.53,0.797,0.538,0.665,0
68b19259a5b9486b,BAC_1,D,E|R|S,0.507,11.33,10.96,10.1,1,0.536,0.81,0.41,0.654,0
5a5420dfbe7d4022,BAC_1,D,E|C|A,0.496,8.71,9.54,8.29,-1,0.501,0.408,0.573,0.465,0
a27613c2f98f4ba4,BAC_1,D,S|I|C,0.484,10.15,10.63,9.72,-1,0.632,0.661,0.429,0.616,0
9d386aa150e548cf,BAC_1,A,E|S|A,0.454,10.06,11.56,10.72,-1,0.474,0.549,0.428,0.504,1
ab04f52abcea4f13,BAC_1,D,E|S|A,0.512,10.97,10.0,10.86,1,0.877,0.335,0.771,0.59,0
361ae6fb66c7415b,BAC_1,D,S|I|A,0.525,7.78,7.2,9.29,1,0.303,0.663,0.254,0.475,0
391784d8c3ef46f6,BAC_1,D,C|E|I,0.441,8.06,7.06,8.15,1,0.439,0.496,0.541,0.483,0
1bd5731bb160468d,BAC_1,D,C|E|S,0.523,10.35,10.04,9.41,1,0.45,0.459,0.439,0.453,0
e5d2796fb2e54c3d,BAC_1,A,I|A|C,0.424,10.36,11.31,8.25,-1,0.237,0.977,0.892,0.705,0
c0967952328b4426,BAC_1,E,S|R|E,0.499,11.69,11.26,10.11,1,0.74,0.915,0.538,0.797,0
8c5d9b47908542bb,BAC_1,A,A|S|E,0.52,8.24,7.97,7.93,1,0.463,0.97,0.636,0.743,1
22f07c0fd63f44d2,BAC_1,A,A|C|R,0.494,11.04,10.22,10.45,1,0.384,0.363,0.396,0.375,1
9acf9aedac244a32,BAC_1,A,S|A|E,0.461,12.68,11.46,12.19,1,0.489,0.719,0.939,0.672,1
b94219f56a36430e,BAC_1,D,A|E|R,0.564,10.76,10.52,11.5,1,0.518,0.453,0.343,0.459,1
53ad36a6d0c34151,BAC_1,A,S|A|I,0.586,8.45,7.77,9.63,1,0.527,0.745,0.33,0.606,1
ea562e28448b47e1,BAC_1,B,I|S|C,0.5,13.37,13.02,11.98,1,0.592,0.595,0.279,0.547,1
110776c427b44587,BAC_1,C,S|I|R,0.447,9.87,9.79,8.95,1,0.486,0.93,0.486,0.708,0
584b4d6c2667427a,BAC_1,A,I|E|A,0.513,9.4,9.67,10.28,-1,0.592,0.59,0.748,0.614,0
1a13601df8b149e0,BAC_1,D,C|E|I,0.389,9.94,9.29,11.5,1,0.519,0.333,0.142,0.369,0
14f8e1e6b4014b0b,BAC_1,A,A|I|C,0.5,10.96,9.91,9.81,1,0.523,0.965,0.548,0.748,0
e8dfb06035754b42,BAC_1,D,I|C|E,0.561,11.88,12.13,10.83,-1,0.488,0.631,0.636,0.582,0
f170fbeabded4c82,BAC_1,A,E|S|C,0.521,10.22,10.0,10.0,1,0.437,0.735,0.236,0.556,0
c8097b2c85d849a1,BAC_1,A,A|S|E,0.572,10.4,9.94,8.28,1,0.586,0.914,0.684,0.765,0
fb0277d23b31462d,BAC_1,D,S|A|C,0.44,10.92,11.06,10.0,-1,0.486,0.61,0.233,0.51,0
9dcc00cea6424d41,BAC_1,D,S|A|I,0.491,11.61,11.52,10.82,1,0.557,0.306,0.689,0.451,1
786bfe775b7343ea,BAC_1,A,S|C|A,0.578,11.71,10.58,10.64,1,0.656,0.436,0.553,0.53,0
b486191f22724089,BAC_1,B,A|I|E,0.383,7.69,7.77,6.81,-1,0.409,0.69,0.629,0.582,0
2717b2da9ad24429,BAC_1,A,S|A|C,0.535,13.26,13.48,14.16,-1,0.564,0.816,0.585,0.693,1
277a444cb2914408,BAC_1,D,R|I|S,0.592,9.59,8.31,9.29,1,0.672,0.632,0.726,0.66,1
f994cd57dfff4629,BAC_1,A,E|C|A,0.515,12.38,11.96,11.27,1,0.512,0.811,0.602,0.675,0
526eb9826d944d24,BAC_1,G3,C|E|I,0.54,10.33,10.71,10.36,-1,0.478,0.56,0.522,0.526,0
61b3f5855689464c,BAC_1,A,A|S|I,0.531,10.12,9.8,11.02,1,0.599,0.496,0.275,0.499,0
1e810eccc43d496b,BAC_1,A,A|E|C,0.583,10.62,9.23,11.09,1,0.626,0.487,0.676,0.564,0
28092bd926a94bc4,BAC_1,D,S|C|I,0.494,7.59,6.51,5.89,1,0.565,0.899,0.619,0.74,0
8b442056bc794b78,BAC_1,D,S|E|C,0.518,9.8,10.11,10.11,-1,0.61,0.693,0.523,0.639,0
7a50ee2fccec4931,BAC_1,A,A|E|S,0.558,8.48,7.94,7.77,1,0.576,0.827,0.232,0.65,0
627dc4427a674b5b,BAC_1,A,S|E|I,0.474,10.67,11.24,9.85,-1,0.401,0.58,0.514,0.508,1
95126d973a754323,BAC_1,E,I|E|R,0.571,13.54,13.17,12.8,1,0.567,0.882,0.35,0.692,1
d63f717202ee4f1f,BAC_1,A,C|E|I,0.489,14.76,14.36,14.3,1,0.404,0.594,0.147,0.461,1
c7975fb056a94f1b,BAC_1,A,C|A|S,0.603,14.11,14.7,13.65,-1,0.689,0.49,0.871,0.617,1
0f6c4989850a40a7,BAC_1,A,S|I|C,0.548,13.05,13.69,11.87,-1,0.424,0.644,0.621,0.563,0
ebe5d0e48f2f40e9,BAC_1,A,S|E|C,0.561,13.41,12.51,12.75,1,0.476,0.99,0.737,0.772,1
fdb1d06065e34a69,BAC_1,D,R|I|C,0.576,11.02,11.58,11.11,-1,0.403,0.608,0.626,0.539,0
6412f172de324997,BAC_1,F2,R|S|I,0.502,9.43,10.12,8.61,-1,0.489,0.26,0.534,0.381,0
bf3c3196ac8b4642,BAC_1,A,S|A|C,0.43,12.87,12.34,12.6,1,0.487,0.347,0.587,0.432,1
755e35d73ea94bd5,BAC_1,D,S|I|A,0.441,15.49,14.27,14.98,1,0.463,0.292,0.692,0.412,0
902d18ecbaf048a0,BAC_1,D,I|R|C,0.452,12.92,13.25,12.58,-1,0.389,0.845,0.546,0.64,0
4ae80567a17944a9,BAC_1,D,R|C|E,0.544,7.77,7.89,8.53,-1,0.404,0.931,0.514,0.684,1
4630b173667d4629,BAC_1,A,A|S|C,0.584,9.63,8.85,9.25,1,0.748,0.99,0.693,0.861,1
82234979ef3e4299,BAC_1,G3,E|C|I,0.531,9.0,8.4,7.75,1,0.37,0.501,0.573,0.466,0
2e975c46184d4595,BAC_1,D,R|I|C,0.461,7.84,7.29,8.27,1,0.378,0.815,0.643,0.636,0
57909c9a211b4724,BAC_1,D,E|C|I,0.558,10.67,10.38,10.44,1,0.485,0.573,0.222,0.49,0
90a19d3b36dc4239,BAC_1,B,S|I|E,0.634,13.73,14.86,14.09,-1,0.679,0.468,0.309,0.518,1
c3af894de4af4b6a,BAC_1,A,C|S|E,0.467,6.15,6.0,5.65,1,0.49,0.99,0.262,0.706,0
c364d84b9fbe426a,BAC_1,G1,I|E|C,0.432,9.79,9.92,9.49,-1,0.472,0.876,0.212,0.635,0
c1ae58c931204602,BAC_1,A,C|E|S,0.49,11.02,9.96,10.43,1,0.48,0.581,0.539,0.539,0
e40287e4a0364e8e,BAC_1,A,S|A|I,0.535,7.84,8.77,7.66,-1,0.429,0.99,0.332,0.695,0
197f018c33f64d5a,BAC_1,A,C|I|A,0.423,8.96,8.18,8.17,1,0.456,0.445,0.802,0.503,1
26af3e06e974499c,BAC_1,C,I|A|C,0.565,11.51,11.02,10.24,1,0.636,0.754,0.789,0.718,0
c214ebb25e994bfb,BAC_1,D,A|I|S,0.4,11.88,11.57,11.89,1,0.445,0.543,0.546,0.509,0
88007cbda00f4a69,BAC_1,A,E|S|A,0.545,10.29,9.5,10.9,1,0.497,0.977,0.629,0.757,1
13670861725c4dc2,BAC_1,F4,R|I|C,0.512,9.88,10.8,9.31,-1,0.495,0.725,0.613,0.628,1
51f880c734534345,BAC_1,D,S|R|A,0.621,6.72,6.47,6.58,1,0.753,0.54,0.227,0.567,0
75ee2cad88f2412c,BAC_1,A,C|I|E,0.605,9.75,9.21,9.68,1,0.545,0.286,0.123,0.352,0
7e5b4890f4e149ff,BAC_1,A,S|A|I,0.433,13.31,13.21,12.6,1,0.281,0.99,0.937,0.734,1
aad5b1de5e4c4a7c,BAC_1,D,C|E|S,0.54,9.45,9.28,10.43,1,0.606,0.461,0.663,0.542,0
fcac6f479d4647f6,BAC_1,A,S|I|C,0.566,10.92,10.25,9.78,1,0.712,0.593,0.428,0.61,1
c224c911a91c42f7,BAC_1,A,A|E|S,0.472,11.22,10.11,11.74,1,0.471,0.99,0.436,0.725,1
122c21106f384679,BAC_1,D,I|C|E,0.561,11.2,9.65,10.98,1,0.362,0.313,0.672,0.384,1
74c27aca475740cd,BAC_1,D,R|S|A,0.583,11.17,11.95,10.14,-1,0.383,0.99,0.655,0.727,0
8447b4dd16ad4e05,BAC_1,D,S|A|C,0.549,7.5,7.2,6.85,1,0.494,0.764,0.533,0.635,0
751a00c822b2404c,BAC_1,A,E|A|I,0.52,12.16,12.04,10.97,1,0.543,0.29,0.667,0.435,1
9a360ea2f8344603,BAC_1,A,S|I|A,0.566,8.97,8.05,8.0,1,0.418,0.743,0.319,0.566,0
042db86702144ba4,BAC_1,D,R|I|E,0.646,8.06,6.98,8.8,1,0.618,0.471,0.73,0.561,0
fc48b80982f047b0,BAC_1,D,I|S|E,0.449,11.3,11.31,12.49,-1,0.345,0.72,0.399,0.54,0
c151d993e7db41ab,BAC_1,D,S|I|A,0.512,11.16,11.18,9.84,-1,0.544,0.657,0.417,0.581,1
6ea6016046fa4cde,BAC_1,D,E|C|S,0.483,9.29,8.35,9.42,1,0.495,0.754,0.474,0.622,1
c1d92c9dfac44910,BAC_1,A,S|A|C,0.589,7.71,8.3,7.25,-1,0.71,0.628,0.536,0.643,0
d63862cb4b5546f4,BAC_1,A,C|S|A,0.472,10.12,10.18,8.1,-1,0.638,0.713,0.612,0.672,1
24792d8689c54823,BAC_1,D,A|I|S,0.6,9.56,8.76,6.72,1,0.656,0.99,0.414,0.787,1
3ccabd439faa473f,BAC_1,A,S|A|C,0.48,8.95,9.69,6.95,-1,0.534,0.373,0.598,0.463,0
b56eb01bd39b4a00,BAC_1,A,S|A|I,0.439,7.67,7.48,8.9,1,0.475,0.792,0.589,0.65,1
550730233b25451f,BAC_1,A,E|A|S,0.579,10.75,11.39,11.13,-1,0.698,0.769,0.26,0.668,1
f4a7a80614844aeb,BAC_1,A,S|R|E,0.462,8.02,6.95,6.53,1,0.329,0.264,0.555,0.331,0
02419a1a513846b1,BAC_1,C,S|I|C,0.58,13.8,13.17,13.34,1,0.543,0.876,0.721,0.736,0
8832b58ff22748af,BAC_1,A,S|C|A,0.509,13.95,13.04,14.62,1,0.576,0.668,0.479,0.607,1
62b498f18222406a,BAC_1,A,C|I|A,0.558,12.25,12.28,10.67,-1,0.473,0.591,0.935,0.601,1
facca1f698eb49c7,BAC_1,G3,C|E|I,0.599,12.18,11.39,10.59,1,0.444,0.622,0.163,0.491,1
2784f61a7e4b47ad,BAC_1,D,E|S|A,0.592,10.92,12.03,9.11,-1,0.575,0.27,0.458,0.405,0
fe6786a0f66644b7,BAC_1,A,S|A|C,0.445,9.86,10.01,10.44,-1,0.423,0.738,0.439,0.583,1
291b5c1ddd104a95,BAC_1,D,S|I|C,0.538,13.21,12.95,12.86,1,0.756,0.553,0.514,0.618,1
9c0b4f2f1cf94524,BAC_1,D,A|C|E,0.513,7.25,8.1,5.91,-1,0.216,0.52,0.652,0.433,0
ea34c428102b41a8,BAC_1,A,C|E|A,0.526,9.46,9.21,7.99,1,0.461,0.345,0.249,0.371,0
3f8d4d1407b54401,BAC_1,A,E|I|S,0.398,12.15,11.88,10.34,1,0.413,0.953,0.752,0.733,1
5122ba2cda554b8d,BAC_1,E,R|I|C,0.421,7.41,7.66,7.33,-1,0.566,0.916,0.311,0.703,0
6309378b7e924ca1,BAC_1,D,S|A|E,0.498,11.36,11.2,10.54,1,0.572,0.856,0.563,0.713,1
0e584f3791b74864,BAC_1,A,S|E|C,0.431,11.27,12.15,11.72,-1,0.349,0.719,0.706,0.588,0
d809db1c45f94957,BAC_1,A,A|C|E,0.476,7.78,6.79,7.38,1,0.478,0.525,0.251,0.467,0
c14eea6d68734759,BAC_1,A,A|S|I,0.435,4.73,3.73,3.48,1,0.344,0.495,0.134,0.388,0
5a344ea4ca994ae5,BAC_1,D,E|C|S,0.59,11.96,11.35,10.75,1,0.627,0.932,0.706,0.792,1
fca1a2d6ab2f4a18,BAC_1,A,A|E|C,0.587,10.09,9.4,9.38,1,0.749,0.938,0.527,0.81,1
d03147ad8b1e44f1,BAC_1,D,I|R|A,0.541,10.79,10.81,9.47,-1,0.525,0.626,0.487,0.57,0
015a95409b9d44e0,BAC_1,D,S|R|I,0.538,10.58,11.44,10.8,-1,0.491,0.893,0.46,0.688,0
ee0e522e8d584b6b,BAC_1,A,S|E|C,0.558,7.59,7.52,6.5,1,0.481,0.99,0.347,0.716,0
75377d1fe0dc4744,BAC_1,C,C|I|E,0.456,8.6,8.03,8.67,1,0.463,0.856,0.334,0.64,0
2d658bcc67e944f8,BAC_1,D,S|E|C,0.566,6.41,6.62,5.0,-1,0.556,0.8,0.428,0.659,0
a53d850a4da84cfe,BAC_1,A,S|C|I,0.54,7.59,7.35,7.75,1,0.634,0.216,0.683,0.433,0
891654e520fb4824,BAC_1,A,A|I|S,0.494,11.93,12.05,12.68,-1,0.348,0.844,0.65,0.641,1
800dbfeadddb41ae,BAC_1,A,S|E|C,0.608,9.18,10.05,9.69,-1,0.543,0.793,0.684,0.689,1
856d168a266f42cf,BAC_1,D,C|S|A,0.553,13.22,13.53,13.7,-1,0.509,0.389,0.57,0.458,0
4b3b9557872d4549,BAC_1,C,E|C|I,0.507,8.72,8.42,8.67,1,0.319,0.862,0.463,0.612,0
9e9b39d243fe43ae,BAC_1,G2,E|I|C,0.517,8.13,8.18,7.18,-1,0.313,0.496,0.374,0.414,1
e7028257ce9d4994,BAC_1,D,I|R|S,0.48,7.35,6.37,8.51,1,0.482,0.508,0.639,0.519,0
3246e17aa93649a3,BAC_1,D,S|C|A,0.507,13.69,13.64,13.23,1,0.6,0.99,0.989,0.853,1
c5b85990b3c74ccf,BAC_1,A,A|E|S,0.568,11.14,12.89,10.74,-1,0.627,0.402,0.651,0.518,1
3ef81d42c6474a4b,BAC_1,A,A|I|R,0.486,7.12,6.18,6.11,1,0.5,0.911,0.324,0.679,0
6d4cc8809583491f,BAC_1,A,A|C|E,0.503,11.09,9.69,10.88,1,0.525,0.535,0.474,0.522,0
0d4821b2253b4a08,BAC_1,A,A|S|C,0.504,7.7,8.04,6.41,-1,0.452,0.506,0.366,0.466,0
c6f7200140174a68,BAC_1,D,I|R|A,0.606,9.86,9.29,9.81,1,0.705,0.586,0.396,0.599,0
b8dcdee4ef144268,BAC_1,D,E|C|S,0.618,8.8,9.53,8.25,-1,0.548,0.522,0.706,0.559,0
9e0408010d90451d,BAC_1,G2,C|E|A,0.578,15.92,16.78,15.76,-1,0.691,0.728,0.637,0.701,0
819c46d79fbd45aa,BAC_1,A,S|I|E,0.44,10.07,9.58,8.55,1,0.44,0.464,0.564,0.471,1
2c5fe07050fa4cec,BAC_1,F3,R|E|C,0.474,9.42,8.18,7.82,1,0.32,0.705,0.5,0.539,1
94c5c238ef8e4361,BAC_1,A,I|S|C,0.524,11.81,11.91,11.98,-1,0.601,0.877,0.1,0.664,1
6d74c7bc374a4d06,BAC_1,A,A|C|E,0.473,7.58,8.32,6.5,-1,0.415,0.366,0.7,0.433,0
62efc9b67ded45c8,BAC_1,A,C|E|A,0.471,11.1,11.21,8.07,-1,0.385,0.264,0.583,0.354,0
0821b939b0cd415d,BAC_1,A,A|S|I,0.55,10.95,11.35,9.82,-1,0.502,0.862,0.411,0.668,1
4dd6e2a542514cbd,BAC_1,D,S|E|C,0.484,10.41,11.14,11.62,-1,0.401,0.627,0.383,0.511,1
3dd25c9d9f734a74,BAC_1,A,C|A|E,0.477,9.67,8.47,9.02,1,0.442,0.522,0.608,0.507,0
c5756d9342f34c54,BAC_1,D,S|E|A,0.505,10.63,10.8,8.76,-1,0.313,0.262,0.322,0.289,1
de76f3294b8b43ec,BAC_1,A,A|S|I,0.377,8.9,9.45,7.78,-1,0.246,0.662,0.63,0.512,1
27c43947cf614f30,BAC_1,D,R|E|C,0.554,10.42,9.24,7.41,1,0.477,0.393,0.548,0.445,0
5a6ee06522384e6f,BAC_1,D,E|C|A,0.552,14.48,15.04,14.44,-1,0.496,0.99,0.658,0.767,1
f7320053c0ea4869,BAC_1,A,A|R|C,0.39,9.68,9.67,9.39,1,0.417,0.777,0.372,0.59,1
8a32e96a6af84f7d,BAC_1,D,C|A|E,0.529,12.39,13.02,13.22,-1,0.452,0.534,0.469,0.496,0
11cc1da726b344a7,BAC_1,F3,I|E|R,0.563,6.87,6.62,6.24,1,0.409,0.794,0.845,0.667,0
62507ba8267f4e68,BAC_1,D,S|R|E,0.555,10.61,11.2,10.51,-1,0.505,0.395,0.706,0.48,0
5b8a6ef152034be8,BAC_1,A,S|A|E,0.568,10.62,10.73,10.23,-1,0.531,0.699,0.492,0.609,1
8c64b643afba4a8f,BAC_1,A,S|I|E,0.59,6.18,5.16,4.72,1,0.724,0.832,0.537,0.75,1
dae4fc8554164df3,BAC_1,D,I|C|E,0.566,10.37,10.33,7.71,1,0.616,0.557,0.48,0.566,0
c60b624e80fb4487,BAC_1,A,C|A|S,0.506,10.36,9.55,8.85,1,0.601,0.99,0.595,0.795,0
98a9d7c517294fef,BAC_1,B,S|C|E,0.486,10.45,10.24,10.03,1,0.45,0.689,0.4,0.562,1
3a92273d295f4280,BAC_1,D,S|C|I,0.542,13.07,12.08,13.28,1,0.46,0.803,0.494,0.637,0
593f638382da467f,BAC_1,D,C|E|I,0.575,9.02,8.3,7.13,1,0.583,0.687,0.451,0.615,0
115c23719bda4c21,BAC_1,A,C|A|E,0.534,12.62,12.44,13.51,1,0.511,0.778,0.764,0.683,1
810ffecec3e94fa4,BAC_1,A,S|I|A,0.57,14.54,14.01,11.48,1,0.518,0.953,0.584,0.745,1
bfd2a7792f7e4c82,BAC_1,A,S|C|I,0.474,9.25,8.06,8.88,1,0.421,0.851,0.423,0.636,0
e6e8e92567564c5a,BAC_1,D,S|R|I,0.484,10.46,10.67,9.91,-1,0.613,0.483,0.697,0.561,0
7c1bfadd95b54763,BAC_1,C,S|A|I,0.335,9.09,9.16,8.32,-1,0.279,0.754,0.637,0.57,0
3ea31521ae804719,BAC_1,D,R|I|C,0.569,10.02,10.12,11.79,-1,0.683,0.99,0.71,0.841,0
98a2c2970efb4c2c,BAC_1,D,I|C|R,0.474,13.47,13.36,13.92,1,0.339,0.306,0.642,0.368,0
9059a110cd37455c,BAC_1,D,I|S|R,0.433,6.61,5.95,5.79,1,0.234,0.74,0.448,0.519,1
2980e02cf83f4914,BAC_1,D,E|A|S,0.604,10.27,10.2,9.26,1,0.554,0.782,0.491,0.658,1
f44f524591b74a38,BAC_1,A,S|E|A,0.48,14.19,13.91,13.02,1,0.457,0.99,0.544,0.736,1
c015616bcb8549b9,BAC_1,A,A|S|E,0.535,10.39,11.16,10.35,-1,0.6,0.784,0.46,0.671,0
f81fb52ff3754d55,BAC_1,F4,R|I|S,0.45,8.02,9.02,6.18,-1,0.455,0.592,0.35,0.507,0
720d959857fa4bc8,BAC_1,A,A|S|C,0.455,12.09,11.65,11.85,1,0.485,0.629,0.635,0.58,1
d1fe7b4da02648ca,BAC_1,A,S|A|C,0.419,5.77,5.14,4.85,1,0.458,0.892,0.337,0.657,1
0b2b2b174e08461f,BAC_1,D,I|C|S,0.484,12.58,12.72,11.61,-1,0.549,0.99,0.748,0.799,1
a1cd3e14f9ba4ed5,BAC_1,A,E|A|I,0.472,13.63,14.32,11.92,-1,0.332,0.805,0.437,0.584,1
e3875069831c4c1b,BAC_1,D,C|I|R,0.555,7.96,7.37,7.74,1,0.63,0.716,0.521,0.656,1
93d47d8887764017,BAC_1,D,S|C|A,0.497,10.36,8.77,10.89,1,0.585,0.699,0.547,0.637,1
c8480018d4ad48ac,BAC_1,D,S|I|C,0.531,10.32,11.15,8.92,-1,0.57,0.76,0.495,0.654,0
d08c499efc184ff5,BAC_1,A,C|A|S,0.549,11.89,11.46,11.27,1,0.722,0.366,0.465,0.506,1
24c1be143e1d4b6d,BAC_1,A,A|S|C,0.49,11.71,12.39,9.88,-1,0.387,0.585,0.284,0.47,1
34d4dde3500e47fc,BAC_1,A,A|S|C,0.504,8.1,7.31,8.41,1,0.345,0.982,0.33,0.661,1
1681b7f56a674044,BAC_1,A,E|A|C,0.604,12.37,13.03,11.69,-1,0.653,0.656,0.1,0.571,0
6ac9690efb154346,BAC_1,A,R|A|E,0.512,6.57,6.72,5.06,-1,0.587,0.836,0.373,0.679,1
ae98719924ce4b98,BAC_1,D,S|E|C,0.451,12.73,11.94,10.28,1,0.41,0.652,0.501,0.545,0
490edeb063a447ac,BAC_1,D,E|C|S,0.379,7.91,7.79,7.86,1,0.466,0.99,0.313,0.705,0
0c9c4043d9f44154,BAC_1,A,C|E|I,0.535,9.36,7.45,9.03,1,0.595,0.712,0.413,0.626,0
e4afc50ec49641cc,BAC_1,D,I|R|C,0.62,12.22,11.83,12.36,1,0.456,0.579,0.593,0.538,0
26d754b0be414357,BAC_1,A,S|E|I,0.53,11.01,9.62,10.52,1,0.435,0.816,0.405,0.621,1
8144df135c9b4ad3,BAC_1,A,A|C|I,0.412,10.14,10.02,9.46,1,0.373,0.99,0.542,0.707,1
dda1c98bb94a4f1a,BAC_1,D,S|I|C,0.505,9.28,8.48,9.74,1,0.444,0.857,0.551,0.667,1
0c0b3a4f59d3408e,BAC_1,D,S|I|R,0.613,10.06,8.4,10.33,1,0.402,0.71,0.506,0.571,0
095edfca56c34a85,BAC_1,D,E|C|I,0.595,11.01,11.85,9.61,-1,0.519,0.655,0.396,0.568,0
9d690961f9224e4a,BAC_1,D,C|E|S,0.558,10.52,10.14,9.37,1,0.501,0.668,0.309,0.556,0
58844a6fef564deb,BAC_1,A,I|C|A,0.382,10.27,9.86,8.39,1,0.31,0.797,0.492,0.581,0
b95215c77cde4204,BAC_1,A,A|S|I,0.454,9.39,10.15,10.24,-1,0.481,0.803,0.617,0.662,1
84c15bce29b045ea,BAC_1,D,S|I|A,0.48,9.72,9.68,10.07,1,0.405,0.519,0.439,0.467,1
72db7b0d96064278,BAC_1,D,I|S|C,0.483,14.74,14.87,14.45,-1,0.504,0.822,0.133,0.607,1
0c41a07a0bad4fe0,BAC_1,A,S|C|A,0.58,12.61,11.96,11.27,1,0.553,0.645,0.313,0.563,0
9f1216c278af436a,BAC_1,A,A|C|I,0.383,9.98,10.1,8.8,-1,0.212,0.558,0.1,0.368,1
efba893100514cab,BAC_1,A,E|S|I,0.626,14.1,14.08,13.55,1,0.554,0.447,0.768,0.533,0
aac42b6f1b0e42cf,BAC_1,D,C|E|R,0.595,12.12,11.21,11.5,1,0.543,0.1,0.551,0.322,0
0ef6fa9eb12b471f,BAC_1,D,E|I|A,0.404,6.34,5.75,6.29,1,0.534,0.849,0.111,0.628,1
9ec0aa843abd4dda,BAC_1,A,S|A|E,0.555,11.18,11.57,10.42,-1,0.684,0.684,0.339,0.632,1
32bf7b4c3f084e07,BAC_1,A,A|C|I,0.339,6.03,5.77,5.08,1,0.453,0.409,0.484,0.436,0
182a277918134cab,BAC_1,D,C|S|E,0.583,10.01,10.51,10.18,-1,0.598,0.861,0.453,0.708,1
fa914d8937e74898,BAC_1,A,A|R|S,0.54,9.26,9.11,9.12,1,0.625,0.99,0.776,0.83,1
3cd2d120c90742d5,BAC_1,G2,I|C|S,0.486,11.05,9.89,9.22,1,0.442,0.487,0.335,0.448,1
ccab711ec0e2469e,BAC_1,D,R|I|C,0.541,8.52,7.89,8.41,1,0.809,0.482,0.527,0.603,0
cc4e96230253472d,BAC_1,D,S|E|C,0.51,12.31,11.07,11.71,1,0.681,0.619,0.618,0.64,0
6ee986bee9734b71,BAC_1,A,S|C|I,0.414,15.1,14.87,15.62,1,0.56,0.687,0.58,0.626,1
52a0b7c124564297,BAC_1,A,A|E|S,0.557,10.91,10.72,10.6,1,0.655,0.838,0.45,0.716,1
b552ebf7cc224fe1,BAC_1,D,S|I|C,0.596,14.78,14.31,15.08,1,0.642,0.495,0.513,0.549,0
a267dcc04f784107,BAC_1,D,S|C|E,0.5,14.18,14.53,12.62,-1,0.487,0.118,0.543,0.311,0
b25709fc83054487,BAC_1,A,S|E|C,0.545,10.53,11.59,11.25,-1,0.473,0.869,0.617,0.692,1
1695360528bd4689,BAC_1,D,I|R|C,0.536,9.42,9.14,8.54,1,0.571,0.519,0.79,0.578,0
c2a6fd48239f4b96,BAC_1,D,S|C|A,0.56,6.49,5.83,4.9,1,0.439,0.374,0.723,0.449,0
2f38e01b32a643b1,BAC_1,A,S|I|A,0.521,13.65,12.22,12.56,1,0.525,0.447,0.592,0.496,0
14f1391c1b5c4b3e,BAC_1,A,A|I|S,0.504,11.75,11.22,11.31,1,0.497,0.297,0.752,0.435,0
161e49dfbfca4f74,BAC_1,D,I|R|C,0.571,11.56,11.92,10.57,-1,0.668,0.82,0.662,0.743,0
4fed61dc266a4961,BAC_1,A,A|S|E,0.471,10.23,9.18,9.72,1,0.452,0.99,0.1,0.668,0
6469a48db14e4b0a,BAC_1,A,A|E|S,0.402,8.28,8.15,7.35,1,0.311,0.922,0.637,0.666,0
cf7353a44feb43ad,BAC_1,D,C|I|S,0.573,13.6,14.9,12.32,-1,0.489,0.321,0.245,0.368,1
cb3f233b4a2a4426,BAC_1,D,E|C|S,0.629,10.24,9.62,9.56,1,0.483,0.382,0.616,0.452,0
7a1defd25d0b4faf,BAC_1,A,S|I|C,0.536,9.82,8.5,10.76,1,0.585,0.823,0.628,0.71,0
25fea78d47394e4a,BAC_1,D,S|I|E,0.51,8.73,8.22,7.88,1,0.654,0.252,0.604,0.445,0
33f83fd4e8404306,BAC_1,D,A|I|R,0.407,11.2,10.2,10.71,1,0.437,0.423,0.365,0.419,1
1b8c5f27cbad414a,BAC_1,D,S|C|A,0.483,10.41,10.29,11.05,1,0.541,0.661,0.32,0.568,0
c47e7b2aa47042d5,BAC_1,D,E|C|I,0.635,7.98,7.91,8.16,1,0.552,0.391,0.704,0.494,0
318bb904860a4b26,BAC_1,D,I|R|E,0.518,9.11,8.66,7.23,1,0.4,0.428,0.634,0.449,0
ae75198d47bb452c,BAC_1,D,R|A|I,0.559,12.59,12.54,11.31,1,0.451,0.99,0.456,0.721,0
9e4400a5eb484927,BAC_1,D,S|I|E,0.51,10.14,8.51,10.1,1,0.553,0.666,0.463,0.596,0
5d23c3c16ac24257,BAC_1,D,S|I|A,0.42,11.66,11.15,10.9,1,0.321,0.48,0.616,0.445,0
ee640849e35e4bd7,BAC_1,A,S|I|A,0.558,10.82,10.53,10.16,1,0.445,0.814,0.729,0.672,0
c01ae5d38ac047d1,BAC_1,D,I|C|R,0.56,12.31,13.29,12.62,-1,0.737,0.789,0.291,0.696,1
a3955977fa754b93,BAC_1,A,I|S|A,0.5,12.05,10.86,9.94,1,0.433,0.387,0.523,0.423,1
b7e4be64833f4884,BAC_1,D,I|S|A,0.485,10.76,10.16,9.97,1,0.654,0.866,0.617,0.754,1
43d17ceab95e4a37,BAC_1,A,S|A|C,0.427,11.06,10.14,9.87,1,0.46,0.477,0.803,0.52,1
553a09cec0fe4c14,BAC_1,D,I|A|R,0.561,14.3,12.26,12.78,1,0.532,0.27,0.613,0.413,0
0e4b1efaf56a44bb,BAC_1,A,S|C|E,0.291,11.71,10.69,13.14,1,0.279,0.372,0.437,0.349,1
6cb41d7e3f1643ed,BAC_1,D,R|C|I,0.57,9.28,8.98,8.69,1,0.573,0.445,0.325,0.472,0
5c31b48c98c44dce,BAC_1,A,A|C|S,0.651,11.27,10.31,12.7,1,0.853,0.982,0.573,0.876,1
24e35e466d594355,BAC_1,D,E|C|S,0.545,11.07,10.93,11.08,1,0.544,0.639,0.587,0.598,1
fcf3557048e04526,BAC_1,A,S|A|E,0.42,9.85,8.44,10.24,1,0.496,0.99,0.409,0.73,1
d2a1cb0dcef14132,BAC_1,A,E|S|I,0.501,13.25,12.16,13.17,1,0.428,0.653,0.396,0.536,0
70e3273883e4440c,BAC_1,D,R|C|A,0.588,10.02,9.92,8.06,1,0.566,0.446,0.321,0.469,1
29ff68a1eb68450d,BAC_1,B,E|C|A,0.554,6.77,6.77,6.36,1,0.5,0.694,0.351,0.574,1
1b2dbce291f2453c,BAC_1,D,I|C|R,0.504,11.77,11.85,10.92,-1,0.565,0.884,0.194,0.669,1
7c0eb74808f64efb,BAC_1,A,A|E|C,0.505,11.58,10.68,11.04,1,0.318,0.716,0.285,0.512,0
34230fdb97f34b27,BAC_1,D,A|C|S,0.531,10.41,10.25,9.14,1,0.589,0.79,0.599,0.691,1
262e867514ab4145,BAC_1,F3,R|E|I,0.549,10.49,10.47,10.69,1,0.596,0.795,0.369,0.661,1
5321556b95ef481e,BAC_1,D,E|A|R,0.535,9.49,10.66,10.48,-1,0.574,0.614,0.265,0.548,1
9284f6be921a4694,BAC_1,G3,E|C|A,0.481,10.77,10.48,10.3,1,0.411,0.808,0.369,0.603,0
01f5c34702d441fc,BAC_1,D,I|C|S,0.505,12.29,12.26,11.48,1,0.67,0.981,0.629,0.819,1
921bb3022a974aca,BAC_1,G2,E|C|A,0.564,11.52,10.96,11.28,1,0.484,0.705,0.489,0.595,0
e16fbca8c82d4e00,BAC_1,A,A|E|C,0.578,11.88,11.78,10.74,1,0.537,0.671,0.442,0.59,0
bbf28f1b2ba8472b,BAC_1,D,S|A|E,0.39,11.28,10.73,10.53,1,0.298,0.72,0.541,0.545,1
e29de48569df4705,BAC_1,F3,R|A|C,0.705,11.14,11.25,10.97,-1,0.708,0.48,0.443,0.554,0
6577cc7093b649df,BAC_1,A,C|S|E,0.534,10.64,9.46,10.89,1,0.457,0.93,0.256,0.663,0
84a5263e1cd04bf5,BAC_1,D,C|E|I,0.585,12.58,11.58,12.2,1,0.651,0.639,0.121,0.566,1
fa5dceaf185542aa,BAC_1,A,S|C|I,0.396,13.2,13.14,13.49,1,0.412,0.751,0.498,0.594,1
fcf33ebb5d3f4e32,BAC_1,A,A|S|E,0.544,7.37,6.53,6.19,1,0.563,0.603,0.885,0.631,1
5746c49df139486e,BAC_1,D,I|E|A,0.473,10.88,10.21,11.05,1,0.401,0.681,0.484,0.553,0
aa288aa4ff3047e3,BAC_1,A,C|A|S,0.474,12.33,11.89,12.11,1,0.467,0.638,0.695,0.587,0
da19a0eca42e4cfc,BAC_1,D,E|C|I,0.517,8.79,7.85,9.35,1,0.574,0.317,0.679,0.461,0
bd9366a1decc4253,BAC_1,D,E|C|S,0.547,12.69,11.46,11.92,1,0.411,0.315,0.405,0.362,0
d912d412ffa74270,BAC_1,A,S|C|I,0.566,6.58,6.06,5.08,1,0.643,0.99,0.625,0.814,0
d09a8c50488745b2,BAC_1,D,E|I|A,0.449,10.89,10.21,11.21,1,0.489,0.439,0.297,0.435,1
9e22bad6448949e2,BAC_1,D,I|R|C,0.479,11.13,10.68,11.0,1,0.436,0.553,0.397,0.489,0
5dd4c288fb1f4f67,BAC_1,A,A|E|C,0.441,11.35,10.27,10.7,1,0.437,0.983,0.693,0.749,1
1883c055114244d4,BAC_1,D,I|C|E,0.333,9.69,8.62,8.67,1,0.316,0.734,0.607,0.569,0
54a543ffc8144a15,BAC_1,A,S|I|C,0.574,9.15,8.75,8.78,1,0.486,0.99,0.53,0.745,1
e6760b83fc5949d4,BAC_1,D,I|R|C,0.553,14.03,13.18,14.19,1,0.57,0.438,0.647,0.516,1
a3ca22b53f36419a,BAC_1,A,S|C|I,0.484,10.8,9.62,9.34,1,0.476,0.501,0.427,0.481,1
241e899e1cef4186,BAC_1,A,S|E|A,0.455,10.55,11.56,9.58,-1,0.374,0.926,0.719,0.702,1
70df2f2490404073,BAC_1,D,S|I|E,0.538,9.9,9.01,10.46,1,0.472,0.99,0.219,0.693,0
05454fe8067a4c39,BAC_1,D,R|I|A,0.579,10.77,10.74,9.26,1,0.507,0.301,0.659,0.427,0
1ae83ff17592482f,BAC_1,D,A|S|E,0.545,12.08,11.58,10.8,1,0.545,0.622,0.695,0.606,0
5efb3b7635a8469f,BAC_1,A,E|S|I,0.504,8.71,7.7,7.57,1,0.5,0.967,0.161,0.682,1
4ea3bfb3e8de4e33,BAC_1,D,A|I|S,0.534,12.67,11.86,12.02,1,0.491,0.22,0.451,0.35,1
79f84f2c016b4172,BAC_1,D,E|S|R,0.611,9.47,9.65,8.86,-1,0.556,0.407,0.1,0.413,0
87e0bd60438049a2,BAC_1,A,A|I|S,0.518,9.47,10.33,7.78,-1,0.513,0.719,0.361,0.594,0
7da1d6de252a429e,BAC_1,D,C|E|I,0.65,10.76,8.66,11.26,1,0.805,0.37,0.379,0.524,0
e571f3478b974f58,BAC_1,D,E|S|A,0.495,10.68,9.84,9.23,1,0.483,0.469,0.844,0.53,0
e4fa0998da154d78,BAC_1,D,I|R|E,0.53,13.42,13.64,12.04,-1,0.406,0.535,0.648,0.507,1
6524a35aaa184cf2,BAC_1,D,C|I|S,0.602,15.14,14.51,13.52,1,0.684,0.482,0.464,0.55,1
03038d65664b42e2,BAC_1,A,A|S|C,0.58,11.04,10.78,11.28,1,0.559,0.986,0.513,0.765,1
e49251ff86424e94,BAC_1,A,A|S|E,0.634,10.51,10.19,10.28,1,0.697,0.603,0.531,0.625,0
de15b1d691eb446a,BAC_1,D,C|I|E,0.579,11.24,10.51,10.84,1,0.506,0.751,0.792,0.671,0
cfe2fc37383847d2,BAC_1,G1,I|R|E,0.628,13.91,13.68,13.74,1,0.697,0.741,0.522,0.693,0
f634df1f048a44aa,BAC_1,D,R|C|I,0.39,9.65,9.8,9.32,-1,0.408,0.384,0.486,0.408,1
64f2b4e5742d47e4,BAC_1,D,I|R|E,0.629,8.33,8.43,5.18,-1,0.669,0.692,0.183,0.608,0
ec8f5c6f8f344f9a,BAC_1,A,E|S|A,0.561,14.22,15.93,12.06,-1,0.753,0.356,0.76,0.555,0
b6e9c190a2614706,BAC_1,D,E|I|R,0.52,12.5,11.92,13.74,1,0.607,0.61,0.587,0.606,0
52c19549fc20409f,BAC_1,A,E|A|C,0.507,9.48,9.22,8.0,1,0.624,0.99,0.922,0.852,0
3b90082004174c74,BAC_1,A,E|S|A,0.502,9.54,8.97,9.56,1,0.496,0.99,0.361,0.723,1
15541d16fb774a5a,BAC_1,A,E|A|C,0.481,8.64,8.09,8.85,1,0.403,0.576,0.395,0.488,0
1885a266f00d49d7,BAC_1,D,R|C|E,0.517,11.87,12.1,10.97,-1,0.597,0.747,0.499,0.658,0
81e67bd6a87244a6,BAC_1,A,C|S|E,0.57,8.37,7.73,6.5,1,0.457,0.99,0.328,0.704,0
e9c7d28c038e449e,BAC_1,D,I|S|C,0.391,11.84,11.93,11.38,-1,0.356,0.99,0.633,0.714,1
194feeff12bd44e5,BAC_1,A,S|A|I,0.513,15.13,13.62,14.04,1,0.681,0.99,0.549,0.816,1
042936b08aa241b6,BAC_1,D,I|C|S,0.475,10.97,9.74,8.42,1,0.589,0.378,0.277,0.437,0
afafab4c4fa34f88,BAC_1,D,S|E|I,0.431,11.12,10.46,10.22,1,0.609,0.557,0.242,0.528,0
f973f9c52e624640,BAC_1,A,S|A|I,0.542,11.8,11.89,9.06,-1,0.388,0.552,0.743,0.523,0
6a92d9da1a5f4d2a,BAC_1,A,S|C|I,0.549,11.21,12.1,10.63,-1,0.495,0.776,0.7,0.667,1
a8c47a096846405f,BAC_1,A,A|C|I,0.443,8.2,8.13,7.35,1,0.29,0.47,0.35,0.389,0
e0003361db2d4fac,BAC_1,D,E|C|I,0.443,10.09,9.57,9.87,1,0.432,0.143,0.1,0.238,0
32e35e730bda4380,BAC_1,A,A|S|C,0.526,13.12,12.94,12.5,1,0.489,0.247,0.365,0.349,1
a42689335920493d,BAC_1,A,A|C|E,0.486,11.31,10.85,10.6,1,0.609,0.622,0.391,0.582,0
fc1a1853a3a74b89,BAC_1,A,E|S|R,0.537,12.1,10.6,13.88,1,0.648,0.774,0.197,0.643,0
a243744bf21c4959,BAC_1,B,E|S|C,0.54,8.68,8.21,8.23,1,0.429,0.492,0.414,0.458,0
5433899ca1cd4862,BAC_1,D,S|I|C,0.496,6.84,6.86,6.56,-1,0.483,0.676,0.497,0.581,0
74da82df4a4841ff,BAC_1,A,S|C|I,0.547,10.09,9.36,8.75,1,0.544,0.481,0.484,0.503,0
8b989b701d164233,BAC_1,D,E|C|I,0.559,10.66,9.42,12.55,1,0.553,0.99,0.656,0.787,1
4e8a22b412d34e96,BAC_1,C,C|I|A,0.541,7.09,6.55,4.84,1,0.492,0.773,0.51,0.635,0
97bd7f7bfba64c6e,BAC_1,D,R|I|C,0.473,11.16,11.12,9.66,1,0.495,0.869,0.489,0.681,0
17831e31c2d84e8e,BAC_1,D,C|R|S,0.402,8.65,5.5,7.24,1,0.329,0.476,0.572,0.439,0
89244faed5a94618,BAC_1,D,E|C|I,0.474,11.17,10.83,10.43,1,0.63,0.635,0.507,0.614,1
92b9794264ba4314,BAC_1,D,C|E|I,0.522,8.36,7.21,7.76,1,0.51,0.952,0.464,0.724,0
686c8be842bf48dc,BAC_1,D,S|C|E,0.429,6.16,5.52,5.2,1,0.537,0.507,0.435,0.507,0
11516e04b8d84c7c,BAC_1,D,R|C|I,0.469,10.2,9.89,10.33,1,0.442,0.964,0.659,0.736,1
1988c895f6ed45a6,BAC_1,A,S|A|I,0.611,7.2,7.23,5.89,-1,0.575,0.707,0.468,0.625,1
4aece6d04fe54128,BAC_1,G2,S|C|A,0.548,10.74,11.26,9.66,-1,0.54,0.609,0.56,0.577,0
810edb0b5da64dde,BAC_1,G1,E|A|S,0.545,9.25,9.82,9.54,-1,0.461,0.702,0.731,0.622,0
95389a8fcbab489e,BAC_1,A,S|I|E,0.443,8.88,10.03,8.23,-1,0.429,0.716,0.779,0.625,0
fd9a8b791a5c4ca2,BAC_1,A,C|A|E,0.535,8.98,9.6,6.89,-1,0.489,0.86,0.4,0.661,1
d4268b12034b4c23,BAC_1,A,S|I|E,0.5,10.88,10.55,9.43,1,0.571,0.509,0.631,0.549,0
ca72788b705d4652,BAC_1,A,E|C|I,0.516,9.26,8.88,9.1,1,0.444,0.528,0.199,0.449,1
447028c4c55f42e8,BAC_1,D,C|R|I,0.51,7.86,6.43,8.28,1,0.478,0.569,0.698,0.556,0
d4c99d5146cf4057,BAC_1,D,R|I|C,0.622,9.91,10.21,8.7,-1,0.718,0.449,0.232,0.511,1
593b403125674196,BAC_1,A,S|C|I,0.525,10.7,12.11,10.57,-1,0.574,0.284,0.564,0.427,0
03ed185f847e46be,BAC_1,A,S|I|A,0.543,7.89,7.69,6.66,1,0.459,0.53,0.582,0.513,1
5b5236ccbd494dc4,BAC_1,D,E|S|A,0.578,9.58,8.55,9.18,1,0.6,0.731,0.667,0.676,0
6f5149e68ee84c0b,BAC_1,D,C|E|I,0.456,12.02,11.44,11.72,1,0.673,0.423,0.398,0.507,1
c6e4d8d2811f4efd,BAC_1,D,A|E|R,0.515,10.58,10.02,11.32,1,0.545,0.773,0.247,0.614,0
ece37ecd9ef44216,BAC_1,D,S|A|I,0.455,10.58,9.8,10.47,1,0.504,0.848,0.643,0.697,0
c7218a014dde46f5,BAC_1,B,E|C|I,0.436,9.89,9.92,8.99,-1,0.551,0.609,0.62,0.59,0
6afc3d916b5442fe,BAC_1,D,E|R|I,0.551,10.05,9.25,10.31,1,0.525,0.422,0.514,0.472,0
f639266a50f14f7f,BAC_1,D,I|C|R,0.708,12.52,13.58,12.41,-1,0.729,0.622,0.545,0.648,0
7de6afb7dfc249e6,BAC_1,A,S|C|E,0.597,9.12,8.13,8.72,1,0.768,0.404,0.378,0.527,0
850b649755bb4029,BAC_1,F3,R|C|I,0.507,8.86,7.95,8.51,1,0.433,0.702,0.637,0.598,1
0c1ee07de43342ca,BAC_1,A,S|I|A,0.507,8.66,7.68,8.29,1,0.559,0.632,0.563,0.596,0
0f910a6af4ec4de6,BAC_1,D,E|C|S,0.485,11.76,12.71,10.02,-1,0.534,0.349,0.451,0.429,0
fae3ba0ae72f4a2a,BAC_1,D,S|A|I,0.539,11.21,10.28,9.54,1,0.495,0.671,0.417,0.571,0
15dbe08e3384493b,BAC_1,A,S|E|I,0.465,11.26,9.6,10.26,1,0.384,0.682,0.571,0.561,0
517854c15b9a44c7,BAC_1,A,S|I|E,0.503,4.83,3.69,4.55,1,0.547,0.358,0.765,0.485,0
b400209b2bf3452a,BAC_1,A,S|A|C,0.47,11.1,11.87,11.36,-1,0.391,0.725,0.552,0.582,0
23ef5e17d2fb4e75,BAC_1,G2,E|C|A,0.571,11.36,11.6,9.86,-1,0.61,0.525,0.593,0.565,1
248f8e9c7ddf45ff,BAC_1,D,S|C|I,0.536,9.68,9.68,10.83,1,0.607,0.293,0.772,0.475,0
6b0e16229da8490b,BAC_1,C,C|I|E,0.636,10.4,10.16,8.94,1,0.779,0.747,0.277,0.688,0
d310c9f759434db2,BAC_1,A,E|S|C,0.609,11.73,11.81,11.8,-1,0.678,0.99,0.46,0.801,1
34989b7abb0f4fd3,BAC_1,A,R|C|S,0.508,13.59,14.41,13.42,-1,0.418,0.573,0.152,0.456,1
8e82bfe1d0b54e26,BAC_1,A,E|C|A,0.544,12.3,11.34,10.87,1,0.526,0.454,0.528,0.49,0
e8bc15cf696441a1,BAC_1,A,C|E|A,0.465,11.63,11.96,10.55,-1,0.54,0.797,0.47,0.658,1
45635f74ab144a07,BAC_1,D,I|E|A,0.595,9.73,7.92,8.02,1,0.614,0.781,0.326,0.654,1
329996c8faec4cf3,BAC_1,D,C|E|R,0.577,7.52,6.31,5.87,1,0.55,0.757,0.332,0.621,0
801ad5ced5ed431a,BAC_1,A,S|A|I,0.488,12.32,12.92,10.42,-1,0.431,0.99,0.94,0.787,0
c7bd130f031c4a7a,BAC_1,A,I|S|C,0.514,12.37,12.06,11.95,1,0.45,0.798,0.408,0.618,1
cf7e0bd6c7614e92,BAC_1,A,S|R|I,0.539,7.12,5.91,7.13,1,0.549,0.95,0.517,0.745,0
d44cbf53f5da40ff,BAC_1,D,R|E|I,0.511,11.66,11.56,11.06,1,0.537,0.637,0.611,0.598,0
4f5d84bc65944b2e,BAC_1,D,R|I|S,0.581,8.59,8.08,8.97,1,0.661,0.587,0.414,0.587,0
25a8274e66884f9d,BAC_1,D,S|E|C,0.486,10.57,9.56,10.37,1,0.385,0.483,0.7,0.481,0
a6ad8aab9e1246bb,BAC_1,A,S|A|E,0.503,11.83,12.13,10.92,-1,0.466,0.272,0.681,0.401,0
b7140ddfaa29452d,BAC_1,A,A|C|I,0.533,9.5,10.91,8.48,-1,0.53,0.677,0.239,0.56,0
b77c5b66bdd246c9,BAC_1,D,S|C|I,0.37,9.02,8.88,7.31,1,0.358,0.698,0.771,0.59,0
4319274c2e364046,BAC_1,F3,C|R|I,0.413,10.83,9.58,10.22,1,0.593,0.829,0.379,0.679,1
1d73f4d236cf4152,BAC_1,A,A|S|E,0.552,11.7,12.15,12.6,-1,0.514,0.67,0.616,0.607,0
b5c50abb1c7c49a8,BAC_1,C,C|E|I,0.631,7.54,6.66,9.03,1,0.571,0.804,0.509,0.678,0
9dd092afa64c4d3e,BAC_1,D,S|I|C,0.559,8.29,7.78,8.28,1,0.43,0.616,0.819,0.581,0
82a732105e9f462e,BAC_1,A,A|S|I,0.537,8.76,8.42,9.12,1,0.475,0.806,0.575,0.655,0
5ab05d6f67fe48f4,BAC_1,D,I|S|C,0.529,10.65,9.6,8.34,1,0.466,0.518,0.417,0.485,0
f474b04916234956,BAC_1,D,R|I|S,0.486,10.57,9.98,10.36,1,0.353,0.314,0.496,0.355,0
66f65640c2284996,BAC_1,A,C|S|A,0.516,9.65,8.35,10.8,1,0.66,0.976,0.48,0.791,0
3723ffee54f240f5,BAC_1,G2,C|E|I,0.501,9.73,9.31,9.41,1,0.348,0.446,0.582,0.432,0
0a84602ffc344073,BAC_1,A,S|C|I,0.544,9.99,8.96,8.95,1,0.592,0.754,0.671,0.685,1
815f249851ff4b5b,BAC_1,A,A|E|C,0.478,9.51,8.76,9.57,1,0.472,0.888,0.384,0.667,0
b6c385c6332a4162,BAC_1,A,S|A|I,0.432,5.4,4.26,5.36,1,0.483,0.399,0.99,0.517,0
816cbd016430479f,BAC_1,A,S|E|C,0.464,10.2,9.81,9.7,1,0.404,0.321,0.748,0.414,0
8e4bb29349414919,BAC_1,D,S|C|I,0.664,11.66,11.72,10.52,-1,0.544,0.49,0.49,0.509,0
7f53f44926564120,BAC_1,G2,C|E|I,0.571,8.02,8.27,6.51,-1,0.666,0.462,0.242,0.501,0
59ea7bf307b64154,BAC_1,A,E|A|R,0.613,8.16,7.28,7.41,1,0.76,0.817,0.558,0.758,0
5144011d3dfb4c0e,BAC_1,A,I|S|E,0.491,10.91,9.88,12.04,1,0.471,0.636,0.386,0.541,1
2673a622355c4726,BAC_1,D,S|I|C,0.587,14.59,13.15,13.94,1,0.453,0.84,0.598,0.668,1
cf1b61fe549c44cb,BAC_1,D,I|S|A,0.538,8.77,9.56,8.36,-1,0.567,0.591,0.309,0.54,0
c2b2e2c428e941ba,BAC_1,A,E|I|C,0.514,6.35,5.94,6.99,1,0.565,0.508,0.566,0.536,1
4845ea2964fd4bab,BAC_1,B,E|S|A,0.67,10.08,8.44,10.0,1,0.677,0.568,0.678,0.623,1
85c9caba37954993,BAC_1,D,S|I|C,0.576,10.36,9.11,9.07,1,0.479,0.669,0.449,0.569,0
d9b18ec6317740ff,BAC_1,D,C|S|I,0.483,13.51,13.56,14.78,-1,0.279,0.99,0.344,0.644,1
b5f2dc26a95043a6,BAC_1,D,I|C|E,0.471,11.65,11.14,10.43,1,0.352,0.524,0.554,0.468,0
8bee6c029f41403d,BAC_1,D,I|C|E,0.554,7.26,6.74,6.27,1,0.482,0.155,0.405,0.307,0
bdb4bae7c30e4aae,BAC_1,A,S|C|E,0.519,10.61,10.47,10.5,1,0.448,0.171,0.533,0.322,0
44bfccaa1cc34842,BAC_1,A,S|A|E,0.517,7.85,7.87,6.32,-1,0.358,0.254,0.622,0.346,0
2f90722a59274621,BAC_1,D,I|R|C,0.433,6.49,5.43,7.54,1,0.443,0.386,0.441,0.414,0
bf4cd28176b345d5,BAC_1,D,R|I|S,0.408,9.01,8.84,7.69,1,0.475,0.624,0.519,0.556,0
f326bf45befa4076,BAC_1,D,R|I|C,0.574,12.09,11.72,10.94,1,0.575,0.356,0.371,0.435,0
66ed95fb3503416d,BAC_1,A,C|A|S,0.594,11.09,11.08,10.87,1,0.777,0.381,0.791,0.581,1
f65196182cb24c72,BAC_1,A,A|E|C,0.514,12.19,11.7,12.02,1,0.676,0.773,0.587,0.711,1
5b256ddb369948b7,BAC_1,D,C|S|E,0.432,9.46,10.65,7.64,-1,0.65,0.129,0.449,0.359,0
15fc75dc8bfa4fcd,BAC_1,C,C|R|A,0.556,9.3,9.48,8.01,-1,0.531,0.84,0.266,0.646,0
643208587223445d,BAC_1,A,E|I|A,0.47,13.58,13.06,11.27,1,0.533,0.789,0.219,0.614,1
014a0b4bd08e476e,BAC_1,D,A|C|I,0.455,11.08,10.04,8.88,1,0.498,0.867,0.517,0.686,0
92e53b0be0da4ff6,BAC_1,D,I|S|C,0.537,12.61,12.5,11.11,1,0.468,0.386,0.614,0.449,1
19bd2a9022cd46fb,BAC_1,A,E|C|S,0.568,10.31,9.63,8.61,1,0.519,0.505,0.664,0.534,0
b51b1790755d4226,BAC_1,D,I|C|A,0.515,8.78,8.47,5.93,1,0.519,0.758,0.335,0.611,1
026eacb8127d46ff,BAC_1,A,A|I|S,0.521,12.54,12.3,12.54,1,0.6,0.675,0.409,0.609,1
fce3023c28af4768,BAC_1,D,I|A|S,0.532,11.71,11.81,10.22,-1,0.452,0.722,0.191,0.548,1
da2951b20d57469d,BAC_1,A,A|S|I,0.543,10.52,8.73,10.09,1,0.652,0.482,0.458,0.538,1
5e45656ddcf74dd4,BAC_1,B,E|S|I,0.427,9.3,8.64,8.92,1,0.453,0.727,0.524,0.601,0
d61aaf47404a4df4,BAC_1,G2,C|E|R,0.558,9.17,8.3,10.18,1,0.534,0.724,0.171,0.574,1
bf2610d803d34e88,BAC_1,B,C|I|E,0.659,11.06,10.51,8.99,1,0.591,0.692,0.26,0.592,1
d6e7c14963bf42c8,BAC_1,D,R|I|C,0.627,11.6,11.53,12.37,1,0.646,0.42,0.1,0.451,0
25ff1d77ec3f49a8,BAC_1,A,S|A|I,0.387,10.31,10.41,10.27,-1,0.546,0.584,0.204,0.514,0
baf52c14f538402a,BAC_1,G2,I|E|C,0.506,11.26,10.24,10.56,1,0.341,0.73,0.496,0.559,0
5984ab1a28cf49ae,BAC_1,A,A|S|C,0.565,12.47,12.36,13.32,1,0.507,0.923,0.492,0.713,1
9bb37dade9b34279,BAC_1,A,S|C|A,0.465,11.55,10.54,9.89,1,0.534,0.9,0.367,0.692,0
f4eb4d01a6174ef6,BAC_1,A,S|A|I,0.479,9.59,10.67,9.4,-1,0.677,0.379,0.453,0.494,0
88969b66f18b4f28,BAC_1,D,I|C|R,0.644,13.68,14.48,13.52,-1,0.624,0.713,0.457,0.644,1
eaa2f8eaed7a4e16,BAC_1,G3,C|S|E,0.452,10.6,10.58,12.51,1,0.562,0.723,0.444,0.625,0
a5d88d82fd4d402e,BAC_1,A,C|E|S,0.563,9.27,10.23,9.08,-1,0.561,0.438,0.614,0.508,0
faed0f2324a54ace,BAC_1,A,C|E|S,0.493,11.93,12.04,9.02,-1,0.489,0.465,0.68,0.506,0
4f9dec96d7e6464e,BAC_1,D,I|C|A,0.499,10.37,11.63,9.7,-1,0.472,0.417,0.48,0.446,1
b1fea91f0dca4ac8,BAC_1,D,R|I|S,0.605,11.63,11.6,11.47,1,0.548,0.564,0.521,0.552,0
4c638248dd3743fa,BAC_1,D,S|I|E,0.522,9.65,9.27,10.59,1,0.784,0.483,0.364,0.57,1
74d7183bae664c4e,BAC_1,A,A|C|E,0.564,7.4,8.05,5.89,-1,0.699,0.99,0.524,0.818,1
9ba0f5299ec94976,BAC_1,A,A|E|C,0.482,8.31,7.67,8.24,1,0.511,0.471,0.301,0.459,1
c633d9a1ec524f92,BAC_1,A,E|C|I,0.53,11.81,11.83,10.96,-1,0.408,0.505,0.384,0.453,0
c10748f401ae48a2,BAC_1,A,A|S|C,0.552,9.97,10.5,8.52,-1,0.53,0.713,0.199,0.572,0
0fe8073d435e412e,BAC_1,A,A|S|I,0.471,10.98,11.37,11.69,-1,0.588,0.24,0.1,0.341,0
379227583d714df7,BAC_1,A,S|C|A,0.499,10.77,9.82,10.07,1,0.57,0.654,0.638,0.622,0
3497cda038854f65,BAC_1,G1,E|C|S,0.577,14.43,14.64,14.08,-1,0.639,0.691,0.221,0.602,1
2b6ff82a92fd45fc,BAC_1,D,C|E|A,0.555,9.59,9.08,8.19,1,0.58,0.689,0.76,0.661,1
e01e052eaab54ed8,BAC_1,A,S|A|C,0.496,13.67,12.74,12.48,1,0.544,0.544,0.379,0.519,0
c8bc1fd824884d9d,BAC_1,D,S|I|C,0.517,8.9,8.61,7.33,1,0.663,0.99,0.352,0.78,1
b3d41ea95eb447d8,BAC_1,D,E|C|I,0.565,13.23,13.52,12.31,-1,0.587,0.298,0.445,0.421,0
bb5a4065436642dd,BAC_1,A,A|S|C,0.452,9.54,8.95,9.37,1,0.312,0.556,0.614,0.479,1
7017a778695d45ef,BAC_1,D,I|S|C,0.52,11.39,10.6,10.26,1,0.502,0.771,0.462,0.631,0
ee5c490eec78437c,BAC_1,D,I|E|R,0.569,12.58,13.96,12.01,-1,0.506,0.699,0.212,0.558,0
c025748f08064052,BAC_1,A,R|S|E,0.572,13.19,13.39,12.1,-1,0.627,0.799,0.522,0.697,1
7132ce4c37cb4fa7,BAC_1,D,I|S|E,0.506,12.39,12.29,10.92,1,0.574,0.463,0.436,0.498,0
ff1b59d2240142d1,BAC_1,D,E|C|I,0.593,12.84,11.46,11.49,1,0.287,0.889,0.5,0.62,1
65985754e8744a4e,BAC_1,D,R|I|C,0.596,11.23,11.15,12.02,1,0.575,0.702,0.623,0.646,0
c5d490520ae74477,BAC_1,A,A|S|E,0.612,12.42,12.96,13.0,-1,0.733,0.558,0.477,0.607,0
851d0d5b5eee477b,BAC_1,A,S|E|I,0.435,11.42,9.71,11.83,1,0.488,0.507,0.589,0.513,1
ed1fee623a6646dd,BAC_1,D,R|E|I,0.498,7.73,6.85,7.42,1,0.427,0.473,0.731,0.496,0
d69e79c9a4d9496b,BAC_1,A,S|A|E,0.536,13.05,12.04,12.52,1,0.359,0.934,0.483,0.665,1
50418e21818d41f6,BAC_1,A,S|I|A,0.475,10.67,10.08,9.17,1,0.242,0.707,0.388,0.496,0
7f535010f19347a6,BAC_1,A,A|I|E,0.622,9.25,8.52,8.51,1,0.566,0.585,0.47,0.561,1
900b40066f5348fe,BAC_1,A,E|A|C,0.618,13.3,13.89,14.19,-1,0.663,0.278,0.456,0.439,0
8920de9036894070,BAC_1,D,I|R|E,0.586,12.49,13.76,11.85,-1,0.422,0.402,0.734,0.459,0
0b217c04c1f74c7f,BAC_1,A,S|I|C,0.455,9.57,7.18,9.76,1,0.477,0.575,0.606,0.545,0
89c620fbe1e34cae,BAC_1,D,S|A|C,0.496,9.64,8.93,7.15,1,0.363,0.58,0.516,0.495,0
70ccb8acf4ae4985,BAC_1,D,I|R|C,0.559,11.59,10.0,11.6,1,0.364,0.683,0.231,0.504,1
4c079cbd51744260,BAC_1,A,S|E|A,0.525,7.3,7.69,6.39,-1,0.399,0.474,0.635,0.472,1
bd3ec613aef64a7e,BAC_1,D,C|E|I,0.54,9.68,8.1,8.0,1,0.486,0.447,0.646,0.49,0
9fbfa2e67489474a,BAC_1,A,I|E|S,0.551,11.86,11.17,11.16,1,0.663,0.575,0.578,0.606,0
24e3c2b87f2c465a,BAC_1,A,S|I|E,0.557,9.75,9.35,9.49,1,0.594,0.809,0.141,0.634,0
5ddceba62ae44fac,BAC_1,D,R|C|I,0.61,13.3,12.93,13.15,1,0.586,0.876,0.821,0.766,0
9c654f2927bc4149,BAC_1,D,I|R|C,0.549,7.29,8.34,7.11,-1,0.567,0.721,0.225,0.593,1
9f217f1823cb453c,BAC_1,D,S|I|A,0.439,11.35,10.74,9.95,1,0.608,0.352,0.581,0.476,0
bec40260872e466b,BAC_1,D,I|R|S,0.488,13.18,12.27,13.22,1,0.587,0.596,0.325,0.552,0
aa857ec292d04c4d,BAC_1,A,A|C|I,0.469,13.41,13.34,11.56,1,0.497,0.907,0.385,0.685,1
de4b66ce0e8546a4,BAC_1,A,S|A|I,0.456,10.17,8.96,10.77,1,0.291,0.532,0.435,0.433,0
b754be18e5ab4d35,BAC_1,A,I|C|A,0.559,12.66,12.22,12.21,1,0.534,0.588,0.453,0.549,0
947911e63ae1402f,BAC_1,D,S|I|E,0.503,11.51,11.27,11.32,1,0.351,0.6,0.68,0.525,0
f0ed907f94c74c68,BAC_1,D,S|E|I,0.634,12.29,11.56,10.02,1,0.579,0.676,0.432,0.605,1
504d2816f7444400,BAC_1,A,A|C|I,0.516,12.9,13.11,11.38,-1,0.332,0.547,0.502,0.465,1
646fca67351a4b55,BAC_1,A,C|S|I,0.463,10.36,10.68,10.91,-1,0.57,0.479,0.592,0.528,0
2f3343101e0a4613,BAC_1,D,E|C|A,0.573,7.67,6.71,8.29,1,0.648,0.545,0.608,0.591,0
ec14925fe93d4062,BAC_1,A,A|S|E,0.432,10.27,11.49,8.14,-1,0.5,0.481,0.399,0.475,1
814ce11ed58c437d,BAC_1,D,S|E|A,0.607,12.94,12.46,14.12,1,0.538,0.607,0.473,0.563,0
0c00178b153c45b8,BAC_1,D,S|A|R,0.581,12.09,11.75,12.75,1,0.662,0.566,0.326,0.564,0
e733f801ac554d4d,BAC_1,D,I|C|S,0.467,10.88,11.62,11.61,-1,0.258,0.978,0.113,0.596,1
4e72680224744f00,BAC_1,F4,C|R|I,0.488,12.27,11.61,12.24,1,0.522,0.824,0.501,0.67,0
4df8de0d5b714c4b,BAC_1,D,S|A|E,0.532,9.11,9.73,8.8,-1,0.528,0.713,0.444,0.608,0
18061e19192a4d8c,BAC_1,A,I|A|S,0.545,12.82,12.95,11.67,-1,0.527,0.945,0.672,0.757,1
87686c17a0a04974,BAC_1,D,I|C|R,0.454,9.27,8.52,9.21,1,0.368,0.99,0.489,0.697,0
c207b3f5a68c494c,BAC_1,D,S|E|A,0.384,8.19,7.77,7.53,1,0.448,0.667,0.633,0.585,0
b47048095d7e4050,BAC_1,A,S|I|A,0.565,10.32,9.95,9.2,1,0.56,0.99,0.396,0.75,0
42d9fb8b29d84f88,BAC_1,F3,R|I|C,0.553,11.2,10.02,10.47,1,0.526,0.584,0.618,0.569,0
3a8268d3ed154680,BAC_1,A,E|S|A,0.432,11.1,9.46,10.05,1,0.418,0.99,0.469,0.711,1
6063a9a7ed0c4db4,BAC_1,A,E|A|C,0.437,10.61,10.75,10.22,-1,0.222,0.587,0.2,0.401,1
9f0999aa4175453b,BAC_1,A,S|A|I,0.51,8.18,7.44,8.2,1,0.4,0.851,0.574,0.652,1
ff12b884b00340c1,BAC_1,G2,E|C|I,0.574,9.35,8.47,8.86,1,0.576,0.587,0.355,0.548,0
1571411b0b234a00,BAC_1,A,E|C|A,0.615,9.43,9.6,7.99,-1,0.5,0.837,0.19,0.622,0
821ff82f06a048d5,BAC_1,D,C|S|I,0.648,15.74,15.62,14.39,1,0.576,0.565,0.304,0.53,0
413b857d3db34034,BAC_1,D,I|S|R,0.553,11.25,11.53,10.32,-1,0.626,0.565,0.805,0.622,1
09138a4755244d60,BAC_1,D,I|R|E,0.634,6.01,5.61,5.67,1,0.728,0.467,0.441,0.554,0
5518cdc6ab6f4afe,BAC_1,A,A|I|C,0.416,11.23,11.29,9.94,-1,0.296,0.752,0.443,0.546,1
c1de9d80254c47d8,BAC_1,A,S|A|E,0.541,11.09,10.43,10.0,1,0.259,0.288,0.747,0.346,0
935409062e6b4c6d,BAC_1,C,S|C|I,0.557,11.89,11.78,12.21,1,0.413,0.696,0.385,0.55,0
6d8f7e54edcf424d,BAC_1,D,C|I|R,0.597,10.23,9.83,9.74,1,0.689,0.802,0.771,0.758,0
b35af9e5acc547c8,BAC_1,D,C|A|I,0.451,10.82,10.51,11.88,1,0.519,0.488,0.449,0.493,0
d715cf72cf4d4af1,BAC_1,D,S|C|A,0.537,11.88,12.59,10.22,-1,0.694,0.342,0.372,0.47,0
a937a158132847eb,BAC_1,D,I|R|S,0.42,11.68,11.83,9.91,-1,0.421,0.357,0.202,0.356,0
6570cc4f54324fe1,BAC_1,A,I|S|A,0.569,11.25,11.02,9.45,1,0.537,0.62,0.493,0.572,1
256284197c69494d,BAC_1,A,C|S|I,0.57,9.25,8.58,9.19,1,0.514,0.728,0.271,0.585,1
80b019b17c624cb1,BAC_1,A,R|C|E,0.55,13.36,11.88,11.73,1,0.423,0.3,0.283,0.341,0
13c3a648f2a64fdd,BAC_1,A,S|A|I,0.441,8.43,7.72,7.54,1,0.45,0.557,0.617,0.528,0
bcbc41f840164237,BAC_1,A,S|E|A,0.501,8.87,8.52,7.78,1,0.433,0.462,0.413,0.445,0
23db715190394a78,BAC_1,A,A|C|E,0.445,12.86,12.96,12.13,-1,0.417,0.527,0.325,0.458,1
c76bc6288f24427a,BAC_1,A,R|I|A,0.521,9.07,9.5,9.7,-1,0.585,0.555,0.504,0.558,1
d8f263a0aaa74e92,BAC_1,A,I|A|S,0.443,11.44,10.61,10.05,1,0.345,0.763,0.376,0.559,1
81cfbb8dd84a455e,BAC_1,A,S|A|C,0.535,6.66,6.89,6.03,-1,0.582,0.475,0.369,0.496,1
343424fb953f4abf,BAC_1,D,I|R|C,0.531,8.52,7.51,8.92,1,0.438,0.516,0.702,0.517,0
bb4ede6542de431c,BAC_1,B,I|C|A,0.465,11.92,12.57,12.99,-1,0.421,0.633,0.275,0.505,1
196c69d869374b5a,BAC_1,D,S|R|A,0.621,10.93,9.8,10.75,1,0.685,0.741,0.526,0.689,1
79bce0a0f1674ee1,BAC_1,A,I|S|A,0.571,14.84,13.8,14.92,1,0.661,0.901,0.566,0.767,1
eaf94a3e284641f0,BAC_1,D,E|I|A,0.602,8.36,6.62,8.47,1,0.667,0.77,0.432,0.683,0
6133a6d5b6f546be,BAC_1,A,A|C|E,0.543,11.88,11.84,10.19,1,0.64,0.45,0.741,0.56,0
7961cc4e3b9c447d,BAC_1,A,A|C|E,0.378,13.09,13.2,11.72,-1,0.568,0.914,0.55,0.738,1
39289e3382f3423c,BAC_1,D,C|E|A,0.481,10.23,10.71,9.28,-1,0.463,0.984,0.682,0.757,0
8adc8c933b6d4e41,BAC_1,A,E|C|A,0.628,9.42,9.49,8.8,-1,0.442,0.396,0.78,0.47,0
7eff136ad8684331,BAC_1,A,S|A|E,0.545,10.53,10.74,8.12,-1,0.489,0.754,0.1,0.563,0
a198eb7ae9a14fa1,BAC_1,A,C|S|A,0.484,8.83,8.51,7.45,1,0.5,0.549,0.83,0.574,0
6af3b5d6f58b407e,BAC_1,A,S|A|C,0.504,7.73,6.65,8.01,1,0.424,0.99,0.772,0.759,1
bd7e56f325c64c77,BAC_1,A,E|S|C,0.587,9.7,9.08,9.42,1,0.402,0.587,0.469,0.504,0
875b34606f5247cf,BAC_1,A,S|A|C,0.476,8.57,8.3,6.95,1,0.371,0.924,0.331,0.642,0
5811c3c4c8eb4cf0,BAC_1,D,R|C|E,0.493,10.03,9.59,9.39,1,0.463,0.3,0.522,0.39,0
862e3a943cee4586,BAC_1,D,S|I|A,0.589,10.79,11.44,9.68,-1,0.647,0.716,0.867,0.714,1
79d0c261dd4345f1,BAC_1,D,C|E|I,0.485,10.44,10.32,10.46,1,0.343,0.717,0.565,0.564,0
5440fd641a424b49,BAC_1,A,I|A|S,0.54,10.21,10.79,10.76,-1,0.558,0.604,0.579,0.584,1
ccc8b2336bd04031,BAC_1,A,S|E|A,0.439,7.01,6.77,6.21,1,0.228,0.598,0.278,0.421,0
2f8def33143b4224,BAC_1,A,E|A|S,0.627,7.03,7.33,5.32,-1,0.638,0.432,0.363,0.494,0
00cedb938e0e402b,BAC_1,A,A|C|S,0.46,10.61,10.78,8.3,-1,0.621,0.78,0.313,0.655,0
85a7c31f80d242e8,BAC_1,D,R|E|C,0.567,11.78,11.71,10.39,1,0.493,0.506,0.326,0.474,0
4285b062d717447b,BAC_1,D,C|E|R,0.64,9.13,9.22,8.57,-1,0.643,0.88,0.533,0.745,1
5094a81a2634407c,BAC_1,D,I|R|C,0.495,10.37,9.0,9.81,1,0.467,0.99,0.779,0.775,0
6cba165e77ef4215,BAC_1,D,S|C|I,0.536,13.12,13.67,10.77,-1,0.615,0.252,0.346,0.393,0
f3aab6dfb93c4ce9,BAC_1,G2,S|I|R,0.486,13.27,13.07,13.36,1,0.35,0.585,0.193,0.444,0
91758aa0b50b414e,BAC_1,A,A|S|C,0.423,10.4,10.4,10.23,-1,0.303,0.936,0.348,0.626,1
f0c06505b735408a,BAC_1,D,S|I|A,0.57,8.28,7.61,8.62,1,0.68,0.118,0.331,0.347,1
b4ae2efea1d44af4,BAC_1,D,R|I|E,0.453,10.64,11.04,9.2,-1,0.391,0.823,0.361,0.603,0
0adfde4ff127468c,BAC_1,A,S|E|I,0.497,7.48,6.51,7.51,1,0.546,0.955,0.722,0.777,1
37e303a9484e49a1,BAC_1,A,E|S|I,0.535,14.0,14.65,14.11,-1,0.637,0.377,0.716,0.519,0
c146d5e995934fb0,BAC_1,D,C|I|R,0.427,11.69,11.55,11.25,1,0.385,0.646,0.558,0.542,1
7230b1fd50994b4a,BAC_1,A,A|C|I,0.497,10.34,9.74,10.83,1,0.394,0.833,0.642,0.651,0
7d92477fe77f4f4f,BAC_1,D,I|C|E,0.483,13.53,12.5,12.0,1,0.633,0.895,0.69,0.773,1
3061a53d50f94797,BAC_1,D,S|A|C,0.49,12.1,12.4,12.82,-1,0.497,0.565,0.221,0.49,1
7c35083e6aa54d7b,BAC_1,G1,E|I|C,0.553,12.84,11.81,12.1,1,0.645,0.729,0.617,0.683,0
8d46b8f08f434f39,BAC_1,A,A|E|S,0.483,10.9,10.62,9.89,1,0.588,0.659,0.369,0.591,1
3c29db2b3a4749af,BAC_1,A,A|I|C,0.559,9.58,9.38,9.93,1,0.609,0.857,0.184,0.67,1
c5608dd100d7491d,BAC_1,D,R|C|A,0.497,10.33,10.06,8.98,1,0.595,0.539,0.553,0.561,0
7ded16adf1b740ed,BAC_1,A,A|S|I,0.435,10.39,9.96,9.77,1,0.406,0.418,0.61,0.442,0
14d9454bc54c4675,BAC_1,G2,E|C|I,0.497,11.55,11.65,10.31,-1,0.499,0.754,0.501,0.627,0
7c07e7f175c1447f,BAC_1,D,S|I|A,0.474,10.81,10.48,11.42,1,0.516,0.507,0.152,0.457,1
eedea35517654c00,BAC_1,D,I|S|R,0.521,10.35,9.86,10.55,1,0.566,0.747,0.619,0.665,1
a2e5d8855b614ebc,BAC_1,D,S|I|R,0.556,12.33,12.16,12.61,1,0.563,0.263,0.389,0.387,0
4050d0475caf41e4,BAC_1,A,S|I|E,0.598,11.4,10.71,11.25,1,0.658,0.372,0.329,0.466,0
09502f6782d147a9,BAC_1,D,S|I|A,0.661,8.73,7.66,6.92,1,0.535,0.764,0.483,0.641,0
a2eac029d30c4473,BAC_1,A,A|I|C,0.401,11.55,11.36,10.28,1,0.396,0.56,0.207,0.45,1
1daf5a977e804d99,BAC_1,D,E|C|S,0.478,10.22,10.63,10.5,-1,0.404,0.502,0.835,0.518,1
15897b6db99a4ff2,BAC_1,A,C|E|I,0.565,13.51,14.24,12.79,-1,0.612,0.99,0.394,0.768,1
ca304415b8ec44e5,BAC_1,F4,R|A|I,0.584,9.12,8.17,8.25,1,0.581,0.725,0.425,0.63,1
d640c5c756934b78,BAC_1,A,A|E|S,0.504,10.35,9.96,8.49,1,0.58,0.99,0.237,0.733,1
f3bd124110124916,BAC_1,D,S|E|A,0.55,10.08,8.82,9.86,1,0.699,0.78,0.128,0.654,1
95dca7cdd6294e36,BAC_1,A,A|I|E,0.624,9.38,9.16,9.44,1,0.55,0.543,0.532,0.544,1
92df2230f5a441ab,BAC_1,D,I|S|E,0.481,11.81,12.84,12.16,-1,0.384,0.709,0.3,0.534,0
79463fe52de7488e,BAC_1,D,S|C|I,0.568,11.32,10.83,8.92,1,0.405,0.548,0.681,0.518,0
cc2e36e5a0d34575,BAC_1,A,S|A|I,0.528,8.72,9.18,7.88,-1,0.48,0.648,0.523,0.57,1
f44bd97503c94d99,BAC_1,D,A|I|S,0.519,10.43,10.38,9.78,1,0.547,0.494,0.642,0.535,0
8f0bf89b412a48d1,BAC_1,A,S|C|E,0.485,9.47,11.77,8.75,-1,0.633,0.598,0.619,0.613,0
30fc2db668c34f6b,BAC_1,C,I|C|E,0.534,9.71,8.75,8.86,1,0.656,0.927,0.61,0.785,1
bd156a7cd3f64231,BAC_1,A,A|C|S,0.473,9.59,10.12,9.61,-1,0.506,0.99,0.497,0.746,1
59b27dd3c01341e6,BAC_1,A,E|R|C,0.619,7.42,7.49,6.85,-1,0.585,0.565,0.1,0.502,1
4f6fe26a48eb4ee0,BAC_1,A,S|E|I,0.541,11.38,12.08,12.0,-1,0.378,0.524,0.481,0.466,1
e9f2714bb24a46e1,BAC_1,D,S|C|I,0.497,10.2,9.42,8.54,1,0.526,0.893,0.458,0.699,1
5764f3a37a534c7e,BAC_1,D,R|I|C,0.603,11.31,9.9,11.0,1,0.576,0.729,0.367,0.621,0
a00e4041c99c4ba0,BAC_1,A,E|C|S,0.532,12.34,11.47,13.08,1,0.534,0.805,0.447,0.656,0
083ad40e5c424aaf,BAC_1,A,S|A|I,0.514,12.98,12.65,13.22,1,0.636,0.934,0.287,0.733,1
cd96685f653d4e78,BAC_1,G2,E|C|A,0.603,11.34,11.41,11.43,-1,0.576,0.641,0.532,0.602,1
35760166b601407a,BAC_1,D,S|A|I,0.436,10.25,9.75,8.49,1,0.6,0.724,0.652,0.669,0
cbfef35102514d3e,BAC_1,A,S|E|I,0.437,12.11,12.55,10.66,-1,0.314,0.597,0.477,0.48,0
2d3a7024038a4772,BAC_1,D,S|I|A,0.554,11.51,10.78,12.76,1,0.653,0.347,0.857,0.53,1
50cc998490fd435c,BAC_1,A,S|C|I,0.528,12.11,11.48,11.35,1,0.509,0.678,0.543,0.599,1
4b572209bccb418d,BAC_1,D,E|A|S,0.622,7.16,7.15,5.2,1,0.579,0.62,0.428,0.577,1
b09352d1388f41ec,BAC_1,D,S|I|A,0.457,10.46,11.5,10.2,-1,0.449,0.716,0.559,0.599,0
ced4a6911fc14869,BAC_1,D,I|C|S,0.567,12.32,12.34,9.97,-1,0.492,0.604,0.831,0.599,1
5a459c9e7ff5496e,BAC_1,A,E|A|S,0.473,12.38,12.83,11.43,-1,0.519,0.959,0.758,0.775,1
7889cbe8a05347c0,BAC_1,D,R|I|S,0.529,10.55,11.69,12.04,-1,0.472,0.582,0.457,0.524,0
0d99df7caf5b4fde,BAC_1,A,E|C|A,0.62,10.18,10.22,11.45,-1,0.556,0.99,0.418,0.752,0
f461a5eb597148dd,BAC_1,D,E|S|I,0.566,9.22,8.37,8.7,1,0.6,0.472,0.593,0.535,0
a327915bfb914f7f,BAC_1,D,S|I|C,0.378,10.11,10.66,9.45,-1,0.41,0.424,0.551,0.438,0
c85d798ce0564c42,BAC_1,D,C|S|I,0.644,14.92,14.32,13.33,1,0.941,0.793,0.413,0.788,0
a07e6d716a864c03,BAC_1,A,E|S|A,0.447,11.87,11.18,9.88,1,0.512,0.308,0.677,0.434,1
1c04a6acde8640ab,BAC_1,D,C|E|S,0.518,7.35,6.77,8.8,1,0.555,0.827,0.478,0.679,0
ed9db75dbf8c465f,BAC_1,A,A|S|I,0.542,10.04,8.32,9.82,1,0.649,0.337,0.44,0.461,0
8616bc9a17c14e53,BAC_1,B,A|C|S,0.566,7.34,7.67,6.11,-1,0.603,0.697,0.196,0.589,1
dbeeaf6fbdd34e7c,BAC_1,D,R|I|E,0.521,8.99,9.21,8.16,-1,0.527,0.915,0.358,0.696,0
813ecbe01939410a,BAC_1,A,A|S|C,0.473,9.08,8.71,9.26,1,0.496,0.435,0.725,0.5,0
37e999cedc8a4c6a,BAC_1,A,I|A|E,0.439,7.01,6.42,5.85,1,0.458,0.99,0.651,0.753,1
a5754f1dd5274b82,BAC_1,A,A|I|C,0.497,11.21,10.57,9.23,1,0.642,0.559,0.632,0.599,0
085d874e3ccd4507,BAC_1,D,R|S|I,0.559,9.15,8.63,8.36,1,0.63,0.822,0.458,0.7,1
aaea11d6a94b49ad,BAC_1,A,S|A|R,0.517,9.32,8.18,8.33,1,0.584,0.944,0.766,0.791,1
07f17fd612d44ffe,BAC_1,D,I|S|A,0.667,12.38,11.73,12.34,1,0.82,0.571,0.382,0.63,0
8f56d2dcd1144a6e,BAC_1,A,A|S|E,0.49,9.41,9.45,9.96,-1,0.525,0.769,0.381,0.625,0
7b95904753c54f69,BAC_1,D,R|I|E,0.456,7.26,7.69,6.8,-1,0.512,0.574,0.269,0.507,0
c3e56b736d74445b,BAC_1,D,S|I|E,0.508,9.46,9.3,9.28,1,0.62,0.648,0.786,0.659,0
e97bfce7acd14391,BAC_1,A,S|C|E,0.53,11.27,10.32,10.88,1,0.788,0.858,0.45,0.772,0
a97e7b8354484c9f,BAC_1,A,S|I|A,0.553,14.24,13.82,12.71,1,0.674,0.954,0.542,0.794,1
cfa7a11c8a32409b,BAC_1,G2,C|S|E,0.655,10.34,9.66,8.66,1,0.681,0.659,0.626,0.662,1
1fa9a43c5a8e4726,BAC_1,D,I|R|E,0.502,8.32,6.92,7.27,1,0.604,0.954,0.564,0.773,1
e29ab4b9c6384899,BAC_1,A,S|C|E,0.578,10.72,11.03,10.12,-1,0.705,0.656,0.458,0.644,0
ec4ae91ce85d4168,BAC_1,A,I|C|A,0.467,11.7,11.67,10.35,1,0.658,0.349,0.919,0.543,0
bde69727b0c04f7e,BAC_1,A,C|E|I,0.646,13.38,13.61,13.69,-1,0.653,0.624,0.711,0.648,1
88741095af934171,BAC_1,A,S|E|A,0.479,11.31,11.1,11.07,1,0.457,0.392,0.612,0.448,1
969f828853dd48a9,BAC_1,D,I|A|E,0.468,12.23,12.15,12.57,1,0.297,0.99,0.203,0.629,0
93f4794e5c8945e0,BAC_1,G2,C|E|I,0.492,8.23,8.48,8.25,-1,0.518,0.653,0.951,0.651,0
2742ccd52ce643b4,BAC_1,D,I|C|S,0.53,15.91,15.19,14.53,1,0.574,0.321,0.57,0.447,1
69a8edc3ad6a4fbd,BAC_1,A,S|I|C,0.581,11.38,11.61,10.83,-1,0.666,0.653,0.323,0.608,0
766f6efe248e4a9c,BAC_1,A,S|A|I,0.506,11.11,11.88,9.16,-1,0.357,0.467,0.648,0.456,0
e61598c1745e4bac,BAC_1,A,A|E|S,0.496,11.75,12.7,10.93,-1,0.561,0.99,0.722,0.8,0
09cb80b1d4e14613,BAC_1,D,E|C|S,0.54,7.98,6.9,7.59,1,0.596,0.99,0.1,0.719,1
011733fc17b24d06,BAC_1,D,I|S|A,0.483,7.36,7.44,6.62,-1,0.523,0.783,0.738,0.685,0
0c9f9d3f1d53499e,BAC_1,D,S|I|C,0.482,11.79,10.84,8.66,1,0.482,0.585,0.248,0.498,1
ee4347d7e10e4961,BAC_1,D,A|E|S,0.573,9.08,7.94,7.41,1,0.625,0.756,0.413,0.659,0
ad46951ea7004275,BAC_1,D,C|E|A,0.541,12.09,11.92,11.54,1,0.499,0.303,0.497,0.401,0
5ed1a2c3ae7444c3,BAC_1,G2,C|A|E,0.615,8.78,9.04,7.12,-1,0.574,0.794,0.815,0.72,0
48bbaedbf5a24efe,BAC_1,D,I|R|C,0.472,8.84,8.48,8.19,1,0.35,0.531,0.106,0.404,1
1a4d804b94d5478f,BAC_1,A,C|S|E,0.576,6.99,6.6,5.71,1,0.436,0.898,0.425,0.665,0
249ca641f5184804,BAC_1,A,I|S|E,0.587,11.2,10.28,11.78,1,0.49,0.623,0.65,0.58,0
7e2f2064cad44304,BAC_1,A,E|C|A,0.555,7.6,6.17,7.56,1,0.6,0.457,0.717,0.546,0
efd0f11c7bee48e0,BAC_1,A,E|C|S,0.547,10.9,11.09,11.48,-1,0.71,0.99,0.446,0.81,0
9797ec9bbefb4c95,BAC_1,G3,I|S|R,0.568,12.95,12.31,12.59,1,0.529,0.724,0.509,0.624,1
2006896a071b464b,BAC_1,A,I|S|E,0.472,7.49,5.54,5.35,1,0.42,0.782,0.397,0.598,1
d0e0fc2e6f754bb9,BAC_1,A,S|C|A,0.454,8.0,6.78,7.68,1,0.531,0.832,0.348,0.654,1
a604b77085304673,BAC_1,A,A|S|I,0.51,11.79,11.29,12.17,1,0.403,0.883,0.466,0.652,1
b47aa02e939d4634,BAC_1,A,S|C|I,0.501,11.32,11.04,10.34,1,0.551,0.254,0.725,0.429,0
39d4189a16cc43ef,BAC_1,D,S|A|I,0.51,10.58,10.5,9.25,1,0.548,0.858,0.745,0.732,1
c33aec01323d47f9,BAC_1,G2,E|A|C,0.511,7.39,6.82,6.77,1,0.749,0.594,0.585,0.647,0
361fcff910bd4998,BAC_1,A,C|I|A,0.527,11.61,12.24,10.0,-1,0.632,0.815,0.58,0.716,1
4b205f6ae84a445f,BAC_1,A,S|C|I,0.414,10.63,10.0,9.14,1,0.203,0.245,0.142,0.215,0
26aad4f154d64a7f,BAC_1,D,C|I|R,0.684,9.09,8.26,8.32,1,0.684,0.881,0.302,0.725,0
a09de7d2300a49a1,BAC_1,D,R|S|C,0.509,14.0,13.24,11.93,1,0.504,0.268,0.397,0.37,0
5cd757a3998b45e6,BAC_1,A,R|E|S,0.609,9.38,7.95,9.14,1,0.677,0.562,0.436,0.583,0
3315b51241ea428b,BAC_1,D,C|I|A,0.508,9.68,8.78,9.65,1,0.633,0.542,0.323,0.541,0
5379e07b71dc4ff8,BAC_1,A,A|S|E,0.492,7.09,6.61,6.79,1,0.344,0.814,0.576,0.614,0
a399721fa2454e47,BAC_1,D,I|R|S,0.624,11.02,11.02,10.87,-1,0.695,0.99,0.366,0.793,0
8e4c18e9d5ba41a3,BAC_1,D,R|E|I,0.646,12.52,12.28,12.46,1,0.632,0.946,0.24,0.73,1
3811b48b92f045d1,BAC_1,C,S|R|I,0.575,10.04,10.06,9.62,-1,0.648,0.849,0.703,0.757,1
3255ac0f17614048,BAC_1,A,A|C|I,0.34,14.58,13.61,12.77,1,0.347,0.637,0.678,0.541,0
e848db9cfa094613,BAC_1,D,I|A|C,0.517,10.12,10.4,9.55,-1,0.509,0.395,0.611,0.467,1
719ad9c12afe4afb,BAC_1,D,I|R|C,0.546,11.4,10.92,9.76,1,0.578,0.702,0.333,0.603,0
833ad94590a54c00,BAC_1,D,C|E|S,0.664,11.38,11.2,11.06,1,0.807,0.433,0.478,0.571,1
a943601c000e4c3f,BAC_1,D,E|I|A,0.532,11.15,10.94,11.44,1,0.535,0.428,0.494,0.476,0
d5a19457c59546cf,BAC_1,A,S|A|E,0.431,8.6,8.16,7.01,1,0.602,0.837,0.787,0.747,0
dc405c4f3c9a4208,BAC_1,A,S|A|C,0.61,10.54,9.87,8.4,1,0.66,0.711,0.682,0.689,0
24a354fee60c4bac,BAC_1,A,A|S|E,0.523,8.19,8.14,8.59,1,0.468,0.855,0.504,0.667,0
da82bd17891e4595,BAC_1,A,S|I|A,0.444,8.0,7.9,6.17,1,0.299,0.711,0.43,0.525,0
6fa194a9e8434e27,BAC_1,D,R|A|S,0.408,10.26,9.1,7.1,1,0.233,0.826,0.46,0.564,0
2210d7ca3dd84df1,BAC_1,A,A|I|C,0.46,9.74,10.36,8.87,-1,0.379,0.99,0.81,0.749,1
c47d10adf9a74791,BAC_1,D,I|A|C,0.492,6.68,7.5,4.48,-1,0.556,0.455,0.1,0.437,0
fe2473ce137041bd,BAC_1,D,C|R|S,0.528,13.09,13.94,12.81,-1,0.506,0.547,0.786,0.569,0
772a8305e61544d3,BAC_1,D,S|I|A,0.594,9.7,8.51,10.78,1,0.618,0.638,0.584,0.623,0
ce13bd8a52d640ce,BAC_1,A,C|E|A,0.567,9.98,9.72,8.15,1,0.377,0.745,0.411,0.566,0
1fe01bd404aa4686,BAC_1,D,R|S|A,0.536,10.14,9.18,10.3,1,0.501,0.537,0.737,0.555,0
df64c94cfd1d4efe,BAC_1,D,R|C|E,0.506,6.54,6.36,4.87,1,0.521,0.773,0.432,0.634,0
d24c814dd1fa4460,BAC_1,A,C|S|E,0.47,11.39,10.38,10.47,1,0.57,0.347,0.215,0.405,0
1a590b2a761341d2,BAC_1,A,A|S|I,0.438,12.93,11.22,13.1,1,0.507,0.51,0.81,0.554,0
6d21920abe084ee8,BAC_1,A,E|C|S,0.563,10.29,9.19,9.97,1,0.524,0.831,0.222,0.632,1
da539c477f8b4d1e,BAC_1,D,C|E|I,0.594,10.46,9.87,9.99,1,0.538,0.768,0.761,0.686,0
f9f20b54f5374cf8,BAC_1,A,S|C|A,0.458,12.88,12.78,14.03,1,0.365,0.99,0.32,0.671,1
d43b1c6cffd44d39,BAC_1,A,S|A|E,0.575,10.76,11.74,11.19,-1,0.572,0.513,0.367,0.512,0
c111523cf445497b,BAC_1,D,E|C|I,0.467,8.71,9.06,8.32,-1,0.533,0.22,0.447,0.363,0
74ed5472ef5342fc,BAC_1,A,S|A|I,0.498,10.43,10.47,9.98,-1,0.432,0.857,0.392,0.639,1
9b752154b2534b45,BAC_1,D,R|E|C,0.506,17.24,18.08,18.58,-1,0.542,0.428,0.43,0.468,1
5f63d40720dd406b,BAC_1,D,I|E|S,0.521,11.64,11.97,10.46,-1,0.444,0.531,0.523,0.499,1
9c548711636342d8,BAC_1,A,I|A|S,0.604,8.51,8.57,6.74,-1,0.594,0.568,0.369,0.547,0
0de54c25d8934c62,BAC_1,A,E|A|I,0.401,11.24,11.11,11.13,1,0.432,0.713,0.481,0.58,1
358e32ebc3f746e2,BAC_1,A,A|I|C,0.363,5.92,5.4,6.43,1,0.178,0.99,0.754,0.67,1
60d8f79971724cd9,BAC_1,A,A|C|I,0.368,10.28,10.74,8.66,-1,0.335,0.507,0.816,0.493,0
bd30cad06b0f4c24,BAC_1,A,E|A|R,0.424,10.32,10.09,9.16,1,0.323,0.889,0.706,0.664,0
b1a9777650424a1d,BAC_1,A,E|S|A,0.596,11.56,11.74,11.88,-1,0.547,0.498,0.435,0.505,0
a9ba1fa6aabb461c,BAC_1,A,A|S|C,0.519,8.84,7.99,7.42,1,0.542,0.373,0.333,0.426,1
3c1ea1e1dc384910,BAC_1,D,I|A|C,0.504,10.67,10.02,8.57,1,0.411,0.731,0.388,0.568,1
85d81d7f5c744214,BAC_1,D,C|E|S,0.52,10.15,10.46,9.87,-1,0.551,0.408,0.741,0.508,0
561e4f34879040f1,BAC_1,D,I|S|A,0.415,9.87,9.43,8.84,1,0.365,0.444,0.812,0.471,0
ae639207596e42f3,BAC_1,A,A|I|E,0.44,7.27,6.48,5.6,1,0.288,0.607,0.709,0.511,1
bc76ae5b46b540f1,BAC_1,F1,C|A|R,0.491,12.35,11.76,10.88,1,0.615,0.99,0.584,0.798,1
e8f657f7a7d34ae4,BAC_1,D,E|C|S,0.415,12.25,12.34,11.96,-1,0.295,0.487,0.479,0.418,1
238a8264f0cf4aa7,BAC_1,A,A|S|E,0.444,12.03,11.96,11.94,1,0.318,0.315,0.226,0.303,0
0bf67fe1f33d411d,BAC_1,A,S|A|I,0.482,10.84,10.83,10.02,1,0.627,0.354,0.58,0.484,0
d8cad9d75f924317,BAC_1,A,A|S|E,0.484,11.65,10.96,9.41,1,0.481,0.599,0.654,0.566,1
7897472b0360459f,BAC_1,A,S|A|E,0.639,8.49,7.66,6.94,1,0.579,0.609,0.666,0.607,1
9618f9f6208c4bd7,BAC_1,A,C|E|I,0.528,8.6,7.05,7.67,1,0.298,0.867,0.417,0.601,0
fcf695cf7aab495b,BAC_1,D,I|E|C,0.69,10.14,9.48,9.58,1,0.687,0.305,0.58,0.48,0
a0a27121b3034d63,BAC_1,A,S|E|I,0.477,12.15,11.6,11.81,1,0.478,0.799,0.485,0.64,1
87a21bff4ea44fb7,BAC_1,D,S|E|A,0.549,9.34,9.02,9.31,1,0.527,0.99,0.601,0.77,1
5eb578dfd47a4e72,BAC_1,A,S|A|E,0.532,7.29,7.7,5.55,-1,0.565,0.99,0.295,0.737,1
cced010d285d4903,BAC_1,A,A|I|S,0.492,8.42,9.34,7.29,-1,0.671,0.99,0.604,0.82,1
385e548d6ce4479c,BAC_1,D,C|E|I,0.601,10.18,11.05,7.71,-1,0.621,0.566,0.567,0.585,1
bb7654b45dfa467d,BAC_1,D,A|I|E,0.602,8.14,7.2,6.6,1,0.625,0.784,0.301,0.656,0
9bcc3fa152c14986,BAC_1,A,E|C|S,0.579,10.68,10.45,11.14,1,0.651,0.877,0.369,0.722,0
16877e65b9e442d5,BAC_1,A,S|I|C,0.492,9.63,10.09,8.32,-1,0.366,0.527,0.248,0.429,1
7e8c838e896543d5,BAC_1,A,S|C|I,0.433,11.34,11.56,11.95,-1,0.348,0.874,0.403,0.619,1
cffa4f6ffe7847a6,BAC_1,D,R|C|I,0.625,8.46,7.68,8.74,1,0.802,0.963,0.422,0.825,0
1231474189f44a06,BAC_1,G1,C|I|E,0.501,11.58,10.56,10.84,1,0.597,0.732,0.471,0.646,1
693f368514944658,BAC_1,A,A|S|I,0.458,11.62,12.01,11.93,-1,0.633,0.897,0.629,0.765,1
c821928197db4137,BAC_1,A,A|R|I,0.396,10.36,10.1,10.23,1,0.683,0.333,0.302,0.451,0
40584ac08b704a31,BAC_1,A,S|E|C,0.592,6.99,5.41,5.43,1,0.61,0.606,0.546,0.598,1
acc9da6502c04b5a,BAC_1,A,C|S|E,0.485,13.92,13.87,14.21,1,0.437,0.521,0.201,0.443,0
b4aa8957214b4f5d,BAC_1,D,S|I|A,0.549,6.82,6.38,7.0,1,0.446,0.75,0.196,0.561,0
b3b79b9be45b4e80,BAC_1,A,R|E|A,0.541,12.4,11.63,12.62,1,0.47,0.99,0.24,0.696,1
23b193b689cf4bb3,BAC_1,A,A|C|I,0.499,8.85,9.0,8.22,-1,0.565,0.675,0.372,0.591,0
7edb2ec2580443b3,BAC_1,A,A|C|I,0.537,8.37,8.5,8.65,-1,0.688,0.287,0.472,0.455,1
de1187c100e14727,BAC_1,A,A|C|S,0.561,8.33,8.08,8.05,1,0.323,0.728,0.472,0.548,0
0b44974880e44de4,BAC_1,A,S|A|C,0.505,11.5,11.25,10.96,1,0.605,0.67,0.1,0.562,0
25000b386eb64e28,BAC_1,D,A|S|C,0.522,10.63,10.98,10.1,-1,0.438,0.635,0.453,0.539,0
36255d7a56284587,BAC_1,A,S|A|C,0.55,11.46,11.41,11.44,1,0.51,0.687,0.348,0.574,1
3dce5510dd084f1f,BAC_1,D,S|A|E,0.336,9.85,9.25,9.16,1,0.104,0.352,0.687,0.315,0
c8091aa9c21642f6,BAC_1,A,C|S|I,0.551,9.08,6.96,8.34,1,0.39,0.851,0.437,0.627,0
9a8d801e3ee0431d,BAC_1,D,I|E|C,0.473,9.11,7.5,8.16,1,0.435,0.549,0.901,0.562,0
2a7ac58b707b4f3a,BAC_1,D,S|E|C,0.599,10.28,10.8,8.89,-1,0.53,0.409,0.414,0.452,0
f119afef79d04a7b,BAC_1,D,A|R|C,0.428,10.33,9.78,7.86,1,0.397,0.45,0.454,0.432,1
09d93398820e41b4,BAC_1,A,C|S|A,0.654,14.32,13.38,12.83,1,0.598,0.912,0.512,0.742,1
bf26b4d15d104742,BAC_1,D,I|R|C,0.521,7.96,8.2,6.95,-1,0.444,0.32,0.499,0.39,0
41a8e5d0a71640fe,BAC_1,A,A|S|C,0.591,9.85,10.0,8.87,-1,0.599,0.505,0.475,0.533,0
109f8584fbbb4ed1,BAC_1,A,C|A|S,0.463,9.14,7.98,9.34,1,0.528,0.609,0.803,0.609,1
e5f1a9e11c2d4197,BAC_1,D,I|S|C,0.603,11.07,10.18,11.19,1,0.727,0.99,0.335,0.8,0
bfdb7b055b3a477f,BAC_1,D,I|R|C,0.517,11.36,11.99,11.17,-1,0.551,0.216,0.554,0.384,0
6c58079060f94eba,BAC_1,A,C|E|I,0.569,7.2,6.15,6.28,1,0.465,0.899,0.703,0.718,0
9998e153a9af49af,BAC_1,D,S|I|E,0.575,16.59,16.66,15.96,-1,0.636,0.957,0.657,0.8,1
01e0859622a348e8,BAC_1,A,A|S|I,0.461,10.41,9.77,9.27,1,0.316,0.523,0.567,0.457,0
d237c6a2733348c4,BAC_1,A,A|C|I,0.551,9.82,9.23,7.95,1,0.505,0.592,0.394,0.532,1
c0a71db7963142ae,BAC_1,F4,R|C|I,0.575,14.95,14.02,14.71,1,0.499,0.669,0.624,0.603,1
85b92c5e6ed848fa,BAC_1,D,C|S|I,0.637,10.7,10.08,10.68,1,0.665,0.31,0.49,0.461,1
7ed0b345ef5b4d45,BAC_1,A,A|E|R,0.494,8.59,8.41,7.6,1,0.4,0.563,0.377,0.478,0
5c971238c85d4030,BAC_1,D,I|S|R,0.63,13.89,13.44,13.84,1,0.662,0.787,0.385,0.683,0
4afa886e25d9401f,BAC_1,A,I|S|A,0.462,6.43,6.29,7.2,1,0.338,0.99,0.195,0.642,1
6f68f405c1ff48fc,BAC_1,A,A|S|I,0.32,12.84,12.42,13.26,1,0.465,0.788,0.586,0.644,1
3c8e7d0d6e82499d,BAC_1,A,E|A|S,0.554,10.05,9.99,8.72,1,0.662,0.749,0.39,0.664,0
d2ae1dad68ab42b8,BAC_1,A,A|I|E,0.47,12.87,12.52,12.69,1,0.519,0.625,0.718,0.602,1
fcd41f3ed4f94c2b,BAC_1,D,R|C|I,0.593,9.65,9.49,8.47,1,0.594,0.873,0.709,0.75,0
330ae87ba406423d,BAC_1,D,R|C|S,0.513,12.46,12.81,13.57,-1,0.588,0.727,0.269,0.61,0
ce202e92747d4b4c,BAC_1,A,S|I|A,0.522,9.18,9.58,8.4,-1,0.47,0.959,0.541,0.725,0
eeb5fdafb7de41e7,BAC_1,A,I|A|E,0.472,11.44,10.39,10.92,1,0.531,0.852,0.525,0.691,0
8d69c2fcd9654431,BAC_1,A,S|A|C,0.503,12.56,12.68,12.92,-1,0.563,0.955,0.541,0.756,0
8b9e7252fac4419e,BAC_1,A,E|C|S,0.387,9.16,8.58,9.42,1,0.466,0.295,0.253,0.349,0
1e9ff3509b524de8,BAC_1,A,C|S|E,0.485,10.0,8.96,11.56,1,0.606,0.943,0.145,0.705,0
8476263104064f4b,BAC_1,A,A|C|S,0.417,10.34,9.23,9.19,1,0.458,0.541,0.696,0.535,1
2c0a1d0117c94f09,BAC_1,A,A|E|S,0.527,9.9,10.08,8.58,-1,0.457,0.424,0.554,0.455,1
cc00ba40f75f42d2,BAC_1,D,I|E|R,0.343,10.25,10.03,8.42,1,0.403,0.583,0.31,0.479,0
8966a26efcea49ee,BAC_1,A,C|I|S,0.547,8.38,7.86,8.83,1,0.579,0.841,0.568,0.708,0
ea2975a733754bc7,BAC_1,D,A|E|I,0.476,11.22,10.07,11.24,1,0.422,0.74,0.237,0.553,1
d301cdf0d16e47b8,BAC_1,D,R|C|I,0.536,9.47,9.24,8.44,1,0.434,0.665,0.553,0.567,0
a793c0d4e70e4fac,BAC_1,D,R|I|A,0.497,9.4,9.33,5.62,1,0.55,0.576,0.46,0.55,0
2c92765568b848e6,BAC_1,D,S|E|C,0.512,7.82,7.7,4.73,1,0.445,0.776,0.312,0.59,0
bfe6143341f34c1f,BAC_1,D,R|I|E,0.548,12.83,12.72,11.3,1,0.56,0.99,0.428,0.755,1
2ce569b2fcce4ca0,BAC_1,D,S|A|C,0.498,11.32,10.83,11.43,1,0.439,0.743,0.142,0.546,1
882a5bc854224d56,BAC_1,A,A|C|R,0.452,9.02,8.29,8.36,1,0.45,0.268,0.504,0.367,0
46fb680562634d15,BAC_1,A,S|E|I,0.508,11.25,9.86,11.61,1,0.367,0.626,0.503,0.517,0
55237f65121b4017,BAC_1,A,E|I|C,0.51,8.59,7.31,7.91,1,0.422,0.763,0.588,0.617,0
b1dd00354b9c4dfd,BAC_1,D,E|C|S,0.594,8.98,9.07,7.93,-1,0.415,0.452,0.257,0.41,0
245a34aaed5149da,BAC_1,A,C|S|I,0.56,12.11,11.28,10.41,1,0.517,0.524,0.475,0.514,0
dcc8c8d486524559,BAC_1,A,S|A|I,0.571,9.93,9.37,9.09,1,0.467,0.868,0.428,0.661,1
4e866f353cef455d,BAC_1,A,E|A|S,0.657,8.82,9.22,9.65,-1,0.685,0.43,0.279,0.497,0
f4a202489dfe4656,BAC_1,D,I|R|C,0.517,6.87,6.93,6.64,-1,0.391,0.209,0.562,0.326,0
a3788c0e00d6421d,BAC_1,D,I|R|S,0.43,7.26,7.82,6.26,-1,0.438,0.684,0.579,0.582,1
afce93a7886240ea,BAC_1,A,A|C|I,0.579,6.74,7.0,6.73,-1,0.495,0.711,0.566,0.614,1
3a8997ddc5d34851,BAC_1,T1,E|A|R,0.502,10.29,9.98,11.37,1,0.628,0.99,0.813,0.837,0
ef2a8815d6914a98,BAC_1,G3,C|E|I,0.508,7.39,7.3,6.75,1,0.509,0.485,0.317,0.468,1
6ed26948a4d64133,BAC_1,D,E|R|A,0.521,10.59,9.55,9.11,1,0.566,0.427,0.615,0.504,1
09374697408b4cdc,BAC_1,D,C|I|A,0.476,10.73,10.81,9.44,-1,0.709,0.623,0.473,0.63,1
3d3a6a739ced4369,BAC_1,D,A|S|E,0.407,8.97,8.96,9.22,1,0.36,0.772,0.593,0.601,0
6ce33dd14ce44f93,BAC_1,F3,R|E|C,0.581,10.44,9.23,9.26,1,0.798,0.964,0.625,0.855,0
66c0f23e9254483e,BAC_1,A,S|I|C,0.476,10.69,10.13,10.67,1,0.535,0.45,0.527,0.491,0
ecbbb781d779499a,BAC_1,A,A|E|I,0.545,7.08,6.48,6.17,1,0.27,0.405,0.558,0.381,0
43b83cf7bbbc460f,BAC_1,A,S|C|A,0.585,12.24,12.08,10.91,1,0.669,0.99,0.513,0.806,1
b837160d9e11449f,BAC_1,D,I|R|C,0.433,12.89,13.31,12.0,-1,0.378,0.565,0.67,0.515,1
9693287bbd894255,BAC_1,A,E|C|S,0.597,14.34,13.83,13.48,1,0.673,0.857,0.821,0.787,1
d01ef9262d944199,BAC_1,A,R|A|E,0.647,10.02,9.11,7.6,1,0.624,0.716,0.291,0.62,0
4e21c7885302447b,BAC_1,A,E|C|S,0.434,11.77,10.9,11.5,1,0.5,0.632,0.582,0.578,0
6161179abb0d4eab,BAC_1,B,A|C|S,0.516,9.5,9.89,9.01,-1,0.595,0.465,0.641,0.537,0
f38e5e4305af421a,BAC_1,D,R|I|E,0.547,9.85,8.44,9.47,1,0.416,0.759,0.699,0.63,1
8661e34ece284275,BAC_1,A,A|I|C,0.553,9.21,9.85,8.43,-1,0.521,0.99,0.425,0.741,0
bfffb5a43e134265,BAC_1,G1,E|C|I,0.572,14.98,14.71,15.01,1,0.569,0.83,0.589,0.702,1
6d866a9d49844e3c,BAC_1,D,I|R|C,0.502,7.99,8.69,7.91,-1,0.492,0.651,0.6,0.588,0
fc9ffd62d46d460d,BAC_1,A,I|A|S,0.47,9.03,9.57,8.38,-1,0.456,0.435,0.544,0.458,0
b41bc7285bca4c80,BAC_1,A,R|S|E,0.466,11.04,10.85,10.49,1,0.453,0.414,0.391,0.424,0
0b5df5aecd7e48b8,BAC_1,A,A|E|S,0.46,8.57,8.95,8.04,-1,0.293,0.864,0.386,0.592,0
531048abbb6945af,BAC_1,D,S|C|I,0.517,8.94,8.2,6.05,1,0.568,0.191,0.656,0.392,0
c30a470c3c0a4b48,BAC_1,D,E|R|S,0.47,8.4,8.82,6.99,-1,0.416,0.155,0.214,0.255,1
66ce3fb7710f4c62,BAC_1,D,S|I|A,0.502,14.53,14.31,13.47,1,0.251,0.298,0.503,0.312,0
bd4418b7825a45e5,BAC_1,D,R|C|S,0.451,6.41,5.12,5.53,1,0.239,0.712,0.262,0.479,1
6ca97bfc47e84088,BAC_1,A,S|A|C,0.458,10.34,11.34,9.98,-1,0.589,0.99,0.552,0.784,0
106bf131dc1c411a,BAC_1,F3,C|R|E,0.524,10.91,10.63,9.34,1,0.685,0.566,0.534,0.603,0
8cbd3fb5c32a42dc,BAC_1,D,R|I|C,0.442,10.96,9.67,9.76,1,0.468,0.516,0.468,0.492,0
ae332df2879440c2,BAC_1,A,A|I|E,0.516,11.76,11.82,10.07,-1,0.473,0.837,0.376,0.641,0
bd338264b0314fc4,BAC_1,A,A|I|S,0.498,10.57,10.63,9.39,-1,0.419,0.99,0.749,0.754,1
b24baf8cc4144cf4,BAC_1,D,R|I|S,0.605,8.03,7.94,6.4,1,0.741,0.213,0.728,0.475,0
d89b3640a9a64029,BAC_1,D,E|C|S,0.567,10.03,9.8,11.46,1,0.778,0.48,0.264,0.552,0
32fb270cddf3429b,BAC_1,A,S|A|E,0.536,9.67,8.74,9.79,1,0.568,0.424,0.417,0.473,0
02f6594217c54607,BAC_1,D,I|R|A,0.54,13.1,12.58,13.01,1,0.503,0.382,0.709,0.473,0
aca3d49ea1cf4336,BAC_1,D,E|C|I,0.553,13.11,13.01,11.81,1,0.758,0.661,0.238,0.632,1
5a90e16baf3b4c92,BAC_1,G2,C|E|I,0.597,10.61,10.87,10.14,-1,0.604,0.854,0.501,0.714,1
1e7c3181dda440ee,BAC_1,A,S|A|I,0.515,11.01,11.49,10.96,-1,0.565,0.85,0.15,0.645,1
f04c7d93db89448e,BAC_1,D,I|R|A,0.568,7.96,6.62,7.99,1,0.585,0.606,0.451,0.576,0
952bd571a4ad462e,BAC_1,D,I|S|C,0.553,11.23,10.81,11.23,1,0.464,0.677,0.61,0.592,0
ce6c20394f06401e,BAC_1,A,S|I|A,0.472,11.42,12.45,10.41,-1,0.608,0.983,0.602,0.795,0
15e4528f68b040ab,BAC_1,D,E|R|C,0.494,12.2,11.56,11.57,1,0.354,0.476,0.491,0.435,0
c9d658184ac04e99,BAC_1,A,S|R|C,0.657,10.88,11.07,9.47,-1,0.523,0.761,0.36,0.617,1
b6f58283cf004cba,BAC_1,A,E|I|S,0.593,8.85,8.77,9.48,1,0.667,0.954,0.261,0.749,1
56566aa120654416,BAC_1,A,I|E|S,0.509,12.42,11.24,11.08,1,0.476,0.391,0.618,0.455,0
7219d4063d2b4c37,BAC_1,D,R|E|C,0.485,11.15,10.35,9.83,1,0.498,0.777,0.534,0.643,0
2736258884ee4391,BAC_1,D,C|E|I,0.525,10.1,8.88,11.24,1,0.475,0.1,0.322,0.265,1
b3e3806cfe5c463d,BAC_1,A,S|A|I,0.342,12.9,13.37,12.02,-1,0.446,0.725,0.176,0.545,1
f781741073914501,BAC_1,A,S|A|E,0.472,7.38,6.46,5.64,1,0.502,0.802,0.185,0.604,1
2cf45f395f1b4b7d,BAC_1,D,R|S|I,0.542,11.65,11.32,11.01,1,0.695,0.279,0.587,0.471,0
da9d0473061844e2,BAC_1,E,C|I|R,0.609,8.41,9.92,6.33,-1,0.511,0.99,0.524,0.752,0
1113508950a7405e,BAC_1,D,S|E|C,0.562,12.49,11.91,11.5,1,0.603,0.423,0.527,0.502,0
7bfb814022734e69,BAC_1,A,S|R|E,0.506,10.36,9.79,9.5,1,0.321,0.844,0.466,0.605,1
